2022-02-15 00:10:02,dnstwist,domain,login-netflix.com,#phishing,https://twitter.com/dnstwist/status/1493377023678558212
2022-02-15 00:10:02,dnstwist,domain,updatepaypal.com,#phishing,https://twitter.com/dnstwist/status/1493377024613883908
2022-02-15 00:12:38,AP_Zenmashi,ip,155.94.151.119,#phishing,https://twitter.com/AP_Zenmashi/status/1493377677159714817
2022-02-15 00:15:17,RdpSnitch,ip,154.27.78.59,,https://twitter.com/RdpSnitch/status/1493378345320521729
2022-02-15 00:15:17,RdpSnitch,ip,154.27.78.81,,https://twitter.com/RdpSnitch/status/1493378345320521729
2022-02-15 00:15:17,RdpSnitch,ip,154.27.78.82,,https://twitter.com/RdpSnitch/status/1493378345320521729
2022-02-15 00:15:19,RdpSnitch,ip,191.96.103.56,,https://twitter.com/RdpSnitch/status/1493378350429126658
2022-02-15 00:15:19,RdpSnitch,ip,115.146.123.167,,https://twitter.com/RdpSnitch/status/1493378350429126658
2022-02-15 00:23:02,Boanbird,url,https://000111xcv.weeblysite.com,#phishing,https://twitter.com/Boanbird/status/1493380293293932544
2022-02-15 00:29:00,PhishStats,url,http://23.102.119.170/,#phishing,https://twitter.com/PhishStats/status/1493381795093651461
2022-02-15 00:29:00,PhishStats,ip,23.102.119.170,#phishing,https://twitter.com/PhishStats/status/1493381795093651461
2022-02-15 00:31:06,pingineer_jp,url,https://activejjp.weebly.com/,#phishing,https://twitter.com/pingineer_jp/status/1493382324737949699
2022-02-15 00:45:39,AP_Zenmashi,url,https://phh336i.cn,#phishing,https://twitter.com/AP_Zenmashi/status/1493385985165783046
2022-02-15 00:45:39,AP_Zenmashi,ip,198.23.149.170,#phishing,https://twitter.com/AP_Zenmashi/status/1493385985165783046
2022-02-15 00:48:20,harugasumi,url,https://honcer.wstean.xyz/,#phishing,https://twitter.com/harugasumi/status/1493386661002027011
2022-02-15 01:01:37,jstrosch,url,http://185.136.171.110,,https://twitter.com/jstrosch/status/1493390004936134659
2022-02-15 01:01:37,jstrosch,ip,185.136.171.110,,https://twitter.com/jstrosch/status/1493390004936134659
2022-02-15 01:04:03,harugasumi,url,https://uyfincp.cn?jcb,#phishing,https://twitter.com/harugasumi/status/1493390618319409152
2022-02-15 01:04:03,harugasumi,url,https://blbiuzb.cn/,#phishing,https://twitter.com/harugasumi/status/1493390618319409152
2022-02-15 01:05:43,pingineer_jp,url,https://www.eo.meoscri.top/,#phishing #scam,https://twitter.com/pingineer_jp/status/1493391037930565632
2022-02-15 01:05:43,pingineer_jp,url,https://www.zz.meosnmi.top/,#phishing #scam,https://twitter.com/pingineer_jp/status/1493391037930565632
2022-02-15 01:05:43,pingineer_jp,url,https://www.as.meoscri.top/,#phishing #scam,https://twitter.com/pingineer_jp/status/1493391037930565632
2022-02-15 01:05:43,pingineer_jp,url,https://www.zu.meosnri.top/,#phishing #scam,https://twitter.com/pingineer_jp/status/1493391037930565632
2022-02-15 01:06:01,pingineer_jp,url,https://www.u.meosnri.top/,#phishing #scam,https://twitter.com/pingineer_jp/status/1493391113553846274
2022-02-15 01:06:01,pingineer_jp,url,https://www.zi.meosori.top/,#phishing #scam,https://twitter.com/pingineer_jp/status/1493391113553846274
2022-02-15 01:06:01,pingineer_jp,url,https://www.mz.meosori.top/,#phishing #scam,https://twitter.com/pingineer_jp/status/1493391113553846274
2022-02-15 01:06:01,pingineer_jp,url,https://www.nr.meosnri.top/,#phishing #scam,https://twitter.com/pingineer_jp/status/1493391113553846274
2022-02-15 01:06:26,jstrosch,url,http://192.154.226.47/k/,,https://twitter.com/jstrosch/status/1493391217421340672
2022-02-15 01:06:26,jstrosch,ip,192.154.226.47,,https://twitter.com/jstrosch/status/1493391217421340672
2022-02-15 01:11:32,pingineer_jp,url,https://www.ur.myjeosob.top/,#phishing #scam,https://twitter.com/pingineer_jp/status/1493392497879707648
2022-02-15 01:11:32,pingineer_jp,url,https://www.nv.myjeosob.top/,#phishing #scam,https://twitter.com/pingineer_jp/status/1493392497879707648
2022-02-15 01:11:32,pingineer_jp,url,https://www.eu.myjeosob.top/,#phishing #scam,https://twitter.com/pingineer_jp/status/1493392497879707648
2022-02-15 01:11:32,pingineer_jp,url,https://www.ss.myjeoseb.top/,#phishing #scam,https://twitter.com/pingineer_jp/status/1493392497879707648
2022-02-15 01:11:32,pingineer_jp,url,https://www.mi.myjeosob.top/,#phishing #scam,https://twitter.com/pingineer_jp/status/1493392497879707648
2022-02-15 01:11:51,pingineer_jp,url,https://www.nn.myjeccob.top/,#phishing #scam,https://twitter.com/pingineer_jp/status/1493392581329571840
2022-02-15 01:11:51,pingineer_jp,url,https://www.iz.myjeosab.top/,#phishing #scam,https://twitter.com/pingineer_jp/status/1493392581329571840
2022-02-15 01:11:51,pingineer_jp,url,https://www.rr.myjeesab.top/,#phishing #scam,https://twitter.com/pingineer_jp/status/1493392581329571840
2022-02-15 01:11:51,pingineer_jp,url,https://www.nn.myjeocsb.top/,#phishing #scam,https://twitter.com/pingineer_jp/status/1493392581329571840
2022-02-15 01:12:02,pingineer_jp,url,https://uyfincp.cn,#phishing #scam,https://twitter.com/pingineer_jp/status/1493392626015666179
2022-02-15 01:12:02,pingineer_jp,url,http://myjcb.aouaewv.cn,#phishing #scam,https://twitter.com/pingineer_jp/status/1493392626015666179
2022-02-15 01:12:02,pingineer_jp,url,https://www.c.myjaesob.top/,#phishing #scam,https://twitter.com/pingineer_jp/status/1493392626015666179
2022-02-15 01:12:02,pingineer_jp,url,https://www.a.myjaoaeb.top/,#phishing #scam,https://twitter.com/pingineer_jp/status/1493392626015666179
2022-02-15 01:12:02,pingineer_jp,url,https://www.oo.myjcosab.top/,#phishing #scam,https://twitter.com/pingineer_jp/status/1493392626015666179
2022-02-15 01:12:44,pingineer_jp,url,https://smbc.co.jp.xgncl.com/,#phishing #scam,https://twitter.com/pingineer_jp/status/1493392800989462529
2022-02-15 01:15:24,phishunt_io,ip,190.14.39.84,#phishing #scam,https://twitter.com/phishunt_io/status/1493393472883245057
2022-02-15 01:15:24,phishunt_io,url,https://apple-emea-support-online.com/go.php?ssl=yes,#phishing #scam,https://twitter.com/phishunt_io/status/1493393472883245057
2022-02-15 01:16:30,pingineer_jp,url,https://faweofiwgsjgweoruwetrwhetrhuyiy.xyz/,#phishing #scam,https://twitter.com/pingineer_jp/status/1493393750311444481
2022-02-15 01:16:30,pingineer_jp,url,http://www.amtnujf.shop/,#phishing #scam,https://twitter.com/pingineer_jp/status/1493393750311444481
2022-02-15 01:16:30,pingineer_jp,url,https://www.amujhfe.shop/,#phishing #scam,https://twitter.com/pingineer_jp/status/1493393750311444481
2022-02-15 01:16:30,pingineer_jp,url,https://amazom.sonmwc.xyz,#phishing #scam,https://twitter.com/pingineer_jp/status/1493393750311444481
2022-02-15 01:16:30,pingineer_jp,url,https://annzon.support-sec.xyz/,#phishing #scam,https://twitter.com/pingineer_jp/status/1493393750311444481
2022-02-15 01:17:49,pingineer_jp,url,https://netstation2-aplus-co-jp.aplusa2.xyz,#phishing #scam,https://twitter.com/pingineer_jp/status/1493394080780656641
2022-02-15 01:17:49,pingineer_jp,url,https://netstation2-aplus-co-jp.aplusa1.xyz,#phishing #scam,https://twitter.com/pingineer_jp/status/1493394080780656641
2022-02-15 01:18:45,pingineer_jp,url,https://m.ts3carondlogina.com/,#phishing #scam,https://twitter.com/pingineer_jp/status/1493394315816898561
2022-02-15 01:19:08,ecarlesi,url,https://secureretrieval.info,#phishing,https://twitter.com/ecarlesi/status/1493394412981964805
2022-02-15 01:21:01,pingineer_jp,url,https://www.e.aoeesocnn.top/,#phishing #scam,https://twitter.com/pingineer_jp/status/1493394885315301379
2022-02-15 01:21:01,pingineer_jp,url,https://www.o.aacesoenn.top/,#phishing #scam,https://twitter.com/pingineer_jp/status/1493394885315301379
2022-02-15 01:21:11,pingineer_jp,url,https://www.ae.asceerocnm.top/,#phishing #scam,https://twitter.com/pingineer_jp/status/1493394928604708874
2022-02-15 01:21:11,pingineer_jp,url,https://www.ii.asceerocnm.top/,#phishing #scam,https://twitter.com/pingineer_jp/status/1493394928604708874
2022-02-15 01:21:11,pingineer_jp,url,https://www.nn.aosemeocn.top/,#phishing #scam,https://twitter.com/pingineer_jp/status/1493394928604708874
2022-02-15 01:21:11,pingineer_jp,url,https://www.ee.amesonnsn.top/,#phishing #scam,https://twitter.com/pingineer_jp/status/1493394928604708874
2022-02-15 01:25:01,ecarlesi,url,http://paypal-securite.info,#phishing,https://twitter.com/ecarlesi/status/1493395892317175811
2022-02-15 01:25:24,harugasumi,url,https://xcdkpe.com/sigin.php,#phishing,https://twitter.com/harugasumi/status/1493395990358867968
2022-02-15 01:25:24,harugasumi,url,https://uccard.co.jp.rdwym.com/sigin.php,#phishing,https://twitter.com/harugasumi/status/1493395990358867968
2022-02-15 01:28:29,ecarlesi,url,https://nobltex.info/nobitex.apk,#malware,https://twitter.com/ecarlesi/status/1493396765894389760
2022-02-15 01:29:14,MBThreatIntel,ip,139.162.146.59,#Raccoon,https://twitter.com/MBThreatIntel/status/1493396954159587330
2022-02-15 01:29:14,MBThreatIntel,sha256,96b75b79ae060189f2b210ca9601b27c368dbc65cf4bcc619b11c3f5ce7888c2,#Raccoon,https://twitter.com/MBThreatIntel/status/1493396954159587330
2022-02-15 01:29:14,MBThreatIntel,ip,185.163.204.119,#Raccoon,https://twitter.com/MBThreatIntel/status/1493396954159587330
2022-02-15 01:29:14,MBThreatIntel,ip,188.227.85.8,#Raccoon,https://twitter.com/MBThreatIntel/status/1493396954159587330
2022-02-15 01:29:29,ecarlesi,url,http://instagram-account.fr,#phishing,https://twitter.com/ecarlesi/status/1493397016440971267
2022-02-15 01:30:02,HeliosCert,sha256,fc73ff337b557b9e00d7c10d2de6b00a9b72e41ce0d10f2f7e51e84a12b840ba,#malware,https://twitter.com/HeliosCert/status/1493397156589355012
2022-02-15 01:30:02,HeliosCert,ip,197.50.184.90,#malware,https://twitter.com/HeliosCert/status/1493397156589355012
2022-02-15 01:30:09,ecarlesi,url,https://kaverikalamanram.org/wordpress-5.7.2.zip,#phishing,https://twitter.com/ecarlesi/status/1493397186616479747
2022-02-15 01:36:16,ecarlesi,url,http://nud20.net/data/product/tonight.zip,#malware,https://twitter.com/ecarlesi/status/1493398725447856133
2022-02-15 01:36:42,ecarlesi,url,https://dappfixed.com/?,#phishing,https://twitter.com/ecarlesi/status/1493398831186296836
2022-02-15 01:41:24,ecarlesi,url,https://runufool.com,#phishing,https://twitter.com/ecarlesi/status/1493400017264320512
2022-02-15 01:45:02,HeliosCert,sha256,13cc418d02ba0cf235ee7c962692a052f4d7da4f430a72c6f5097c9048584a7e,#malware,https://twitter.com/HeliosCert/status/1493400929877516288
2022-02-15 01:55:03,HeliosCert,sha256,037de8240cb9809b39e0ba9ba2e1c802ca1fb736859de9e84c469ea1c19d2922,#malware,https://twitter.com/HeliosCert/status/1493403450142515206
2022-02-15 01:55:03,HeliosCert,ip,14.140.245.26,#malware,https://twitter.com/HeliosCert/status/1493403450142515206
2022-02-15 02:00:02,HeliosCert,ip,151.254.184.211,#malware,https://twitter.com/HeliosCert/status/1493404705376157702
2022-02-15 02:00:02,HeliosCert,sha256,1dafeebcdc71bb01ebb84ca917edc4539d3abfea827cc4e3f0a074642f56d957,#malware,https://twitter.com/HeliosCert/status/1493404705376157702
2022-02-15 02:11:38,AP_Zenmashi,url,https://7unmxyz.cn,#phishing,https://twitter.com/AP_Zenmashi/status/1493407622758027266
2022-02-15 02:11:38,AP_Zenmashi,ip,96.43.88.212,#phishing,https://twitter.com/AP_Zenmashi/status/1493407622758027266
2022-02-15 02:12:05,AP_Zenmashi,url,https://yovsymi.cn,#phishing,https://twitter.com/AP_Zenmashi/status/1493407736734060544
2022-02-15 02:12:38,AP_Zenmashi,url,https://www.ytu456de.top,#phishing,https://twitter.com/AP_Zenmashi/status/1493407874239774722
2022-02-15 02:12:38,AP_Zenmashi,ip,134.122.188.197,#phishing,https://twitter.com/AP_Zenmashi/status/1493407874239774722
2022-02-15 02:13:06,ecarlesi,url,https://23fghdfgjhf.xyz/fhfghfg/hfgdghjdfg/shrmafeb%4014-143.zip,#phishing,https://twitter.com/ecarlesi/status/1493407994909970434
2022-02-15 02:13:20,ecarlesi,url,https://22fghdfghdf.store/jhdghjgh/jdghjfghj/shrmafeb%4014-143.zip,#phishing,https://twitter.com/ecarlesi/status/1493408052342575109
2022-02-15 02:13:20,ecarlesi,url,https://25fhgd.xyz/fghfdgjdghj/ndghdgh/shrmafeb%4014-143.zip,#phishing,https://twitter.com/ecarlesi/status/1493408050283257864
2022-02-15 02:13:32,ecarlesi,url,https://20fdhfdhdfg.shop/fghfgdfgj/shrmafeb%4014-143.zip,#phishing,https://twitter.com/ecarlesi/status/1493408104456806403
2022-02-15 02:13:37,ecarlesi,url,https://reverify.online,#phishing,https://twitter.com/ecarlesi/status/1493408123344003073
2022-02-15 02:13:40,ecarlesi,url,https://21hdfghfg.xyz/ghfghmfjmf/bncvbncv/shrmafeb%4014-143.zip,#phishing,https://twitter.com/ecarlesi/status/1493408135847022603
2022-02-15 02:15:02,HeliosCert,sha256,59a94320888f10f0c4897f49ddfda96a2f2a4d026d2db0a7d84d87accc4ed5d2,#malware,https://twitter.com/HeliosCert/status/1493408480044228610
2022-02-15 02:15:02,HeliosCert,ip,117.232.77.219,#malware,https://twitter.com/HeliosCert/status/1493408480044228610
2022-02-15 02:15:39,ecarlesi,url,https://access-collab.land,#phishing,https://twitter.com/ecarlesi/status/1493408636936335361
2022-02-15 02:18:01,ecarlesi,url,https://georgiammon.xyz/1/,#phishing,https://twitter.com/ecarlesi/status/1493409230375862272
2022-02-15 02:18:33,ecarlesi,url,http://i00.work,#phishing,https://twitter.com/ecarlesi/status/1493409363918270466
2022-02-15 02:18:35,ecarlesi,url,http://starban.site/php_web_services.zip,#phishing,https://twitter.com/ecarlesi/status/1493409372743086081
2022-02-15 02:20:02,HeliosCert,ip,169.1.71.133,#malware,https://twitter.com/HeliosCert/status/1493409739551784962
2022-02-15 02:20:02,HeliosCert,sha256,b7a50538382e49a5aaa37d43a122c3960a0b1aa5095f239c50d96d34dcd772e6,#malware,https://twitter.com/HeliosCert/status/1493409739551784962
2022-02-15 02:20:08,ecarlesi,url,https://soutmiabury.xyz/projectfile/,#phishing,https://twitter.com/ecarlesi/status/1493409763694157824
2022-02-15 02:23:20,ecarlesi,url,http://smsmt.xyz/,#phishing,https://twitter.com/ecarlesi/status/1493410570598559753
2022-02-15 02:24:05,ecarlesi,url,https://hattonmarrine.xyz/hatton/2022%20office%20o.zip,#phishing,https://twitter.com/ecarlesi/status/1493410755693142018
2022-02-15 02:24:27,ecarlesi,url,https://hattonmarine.xyz/hattonmarine/office%202022.zip,#phishing,https://twitter.com/ecarlesi/status/1493410849318486016
2022-02-15 02:24:59,KesaGataMe0,url,https://my.jcb.co.jpsvipt.fistu.top,#phishing,https://twitter.com/KesaGataMe0/status/1493410986086510593
2022-02-15 02:24:59,KesaGataMe0,url,https://my.jcb.jpvipst.fits3jcb.top,#phishing,https://twitter.com/KesaGataMe0/status/1493410986086510593
2022-02-15 02:24:59,KesaGataMe0,ip,209.141.35.65,#phishing,https://twitter.com/KesaGataMe0/status/1493410986086510593
2022-02-15 02:25:52,ecarlesi,url,https://login-connect-server.linkpc.net/mt/?wlc=wlc,#phishing,https://twitter.com/ecarlesi/status/1493411204601102336
2022-02-15 02:26:35,milannshrestga,ip,190.115.18.31,,https://twitter.com/milannshrestga/status/1493411388450304009
2022-02-15 02:27:20,ecarlesi,url,http://dianmartha.site/mikbotam-master.zip,#phishing,https://twitter.com/ecarlesi/status/1493411575830650882
2022-02-15 02:27:41,ecarlesi,url,https://ea-link.online,#phishing,https://twitter.com/ecarlesi/status/1493411661608275973
2022-02-15 02:33:26,ecarlesi,url,http://iompsiena.digital/,#phishing,https://twitter.com/ecarlesi/status/1493413110232793089
2022-02-15 02:34:42,ecarlesi,url,https://iompsiena.digital/,#phishing,https://twitter.com/ecarlesi/status/1493413430497357824
2022-02-15 02:36:04,ecarlesi,url,http://pegexy.online,#phishing,https://twitter.com/ecarlesi/status/1493413772765327364
2022-02-15 02:38:10,ecarlesi,url,https://microwaveoffice.xyz/onedrive%20%281%29.zip,#phishing,https://twitter.com/ecarlesi/status/1493414300857376768
2022-02-15 02:38:40,harugasumi,url,https://www.s.asecoessn.top/,#phishing,https://twitter.com/harugasumi/status/1493414427869126657
2022-02-15 02:38:40,harugasumi,url,https://www.o.aoeesocnn.top/,#phishing,https://twitter.com/harugasumi/status/1493414427869126657
2022-02-15 02:41:10,AP_Zenmashi,ip,190.123.44.147,#phishing,https://twitter.com/AP_Zenmashi/status/1493415058680184833
2022-02-15 02:41:10,AP_Zenmashi,url,https://update.amazon-adm.xyz,#phishing,https://twitter.com/AP_Zenmashi/status/1493415058680184833
2022-02-15 02:41:39,AP_Zenmashi,url,https://2lmtdhf.cn,#phishing,https://twitter.com/AP_Zenmashi/status/1493415179270647810
2022-02-15 02:53:39,ecarlesi,url,https://statticc.top,#phishing,https://twitter.com/ecarlesi/status/1493418198997286921
2022-02-15 03:10:53,ecarlesi,url,http://ameli-pro.fr,#phishing,https://twitter.com/ecarlesi/status/1493422534380900355
2022-02-15 03:13:48,ecarlesi,url,https://portnaside.buzz/doc/remax.zip,#phishing,https://twitter.com/ecarlesi/status/1493423270980427779
2022-02-15 03:14:01,ecarlesi,url,https://portnaside.buzz/doc/remax/ture_login/login/,#phishing,https://twitter.com/ecarlesi/status/1493423322650054656
2022-02-15 03:18:48,it_sec_news,url,http://www.amunbfc.shop/,#phishing,https://twitter.com/it_sec_news/status/1493424526339698689
2022-02-15 03:19:04,PhishStats,ip,208.109.12.9,#phishing,https://twitter.com/PhishStats/status/1493424594010714114
2022-02-15 03:19:04,PhishStats,url,http://manageverifyaccount.swamiswaroopanandpawas.org/,#phishing,https://twitter.com/PhishStats/status/1493424594010714114
2022-02-15 03:44:39,ecarlesi,url,https://courtnfort.buzz/sharepoint/,#phishing,https://twitter.com/ecarlesi/status/1493431031177056256
2022-02-15 03:56:58,fbgwls245,md5,ed2fd6050340ecc464621137c7add3ad,#ransomware,https://twitter.com/fbgwls245/status/1493434130431823872
2022-02-15 04:03:45,ecarlesi,url,https://met-collew.live,#phishing,https://twitter.com/ecarlesi/status/1493435840495820802
2022-02-15 04:05:02,HeliosCert,sha256,4a4b710604cbf08c7506bee133c71213d9bc9302e1883317c7e3f732b98b03af,#malware,https://twitter.com/HeliosCert/status/1493436162484092930
2022-02-15 04:05:02,HeliosCert,ip,186.251.14.235,#malware,https://twitter.com/HeliosCert/status/1493436162484092930
2022-02-15 04:12:07,AP_Zenmashi,url,https://blbiuzb.cn,#phishing,https://twitter.com/AP_Zenmashi/status/1493437945562669056
2022-02-15 04:12:42,AP_Zenmashi,url,https://vxi926b.cn,#phishing,https://twitter.com/AP_Zenmashi/status/1493438092308803584
2022-02-15 04:13:19,AP_Zenmashi,ip,66.154.107.214,#phishing,https://twitter.com/AP_Zenmashi/status/1493438246503972865
2022-02-15 04:13:19,AP_Zenmashi,url,https://paidy.icu,#phishing,https://twitter.com/AP_Zenmashi/status/1493438246503972865
2022-02-15 04:24:21,ecarlesi,url,http://kendari.store/wordpress.zip,#phishing,https://twitter.com/ecarlesi/status/1493441021870493701
2022-02-15 04:40:02,HeliosCert,ip,31.163.204.114,#malware,https://twitter.com/HeliosCert/status/1493444970761568260
2022-02-15 04:40:02,HeliosCert,sha256,2a4f5f1b11920ae2c913caddb9d43def023410ccb6715edc61833dca41d9a685,#malware,https://twitter.com/HeliosCert/status/1493444970761568260
2022-02-15 04:40:55,AP_Zenmashi,url,https://fits3jcb.top,#phishing,https://twitter.com/AP_Zenmashi/status/1493445194787995648
2022-02-15 04:41:21,ecarlesi,url,http://reviewsortshop.com/newshop%20(1).zip,#phishing,https://twitter.com/ecarlesi/status/1493445302061252611
2022-02-15 04:41:25,AP_Zenmashi,url,https://fistu.xyz,#phishing,https://twitter.com/AP_Zenmashi/status/1493445319623077890
2022-02-15 04:41:55,ecarlesi,url,http://christopwray.store/strip/g0090.zip,#phishing,https://twitter.com/ecarlesi/status/1493445445657534469
2022-02-15 04:42:15,AP_Zenmashi,url,https://amaozna.co.jpsinginghg5.qqyshvj.cn,#phishing,https://twitter.com/AP_Zenmashi/status/1493445528507478021
2022-02-15 04:42:15,AP_Zenmashi,ip,66.154.107.59,#phishing,https://twitter.com/AP_Zenmashi/status/1493445528507478021
2022-02-15 04:43:04,AP_Zenmashi,url,https://amazons.co.jploginxds7ffsd.zyy8c3t.cn,#phishing,https://twitter.com/AP_Zenmashi/status/1493445733151739905
2022-02-15 04:45:04,HeliosCert,ip,36.233.34.60,#malware,https://twitter.com/HeliosCert/status/1493446238724890625
2022-02-15 04:45:04,HeliosCert,sha256,b77cf5c13b24747492192b925ea921f6b5bb931a54dd4b054626c5cd669bd87e,#malware,https://twitter.com/HeliosCert/status/1493446238724890625
2022-02-15 04:56:11,harugasumi,url,http://www.adcuhh.shop/,#phishing,https://twitter.com/harugasumi/status/1493449032835866626
2022-02-15 04:59:10,ReBensk,url,https://jiaao.oss-eu-central-1.aliyuncs.com/0210/record,#malware,https://twitter.com/ReBensk/status/1493449786732646402
2022-02-15 05:05:20,ScumBots,ip,137.224.106.4,,https://twitter.com/ScumBots/status/1493451336859410433
2022-02-15 05:05:20,ScumBots,sha256,a9088ba954e1c94bb7658d6c85bf5ca03191154430e979e41103ddd608d9dbc5,,https://twitter.com/ScumBots/status/1493451336859410433
2022-02-15 05:09:04,MalwarePatrol,url,https://yourl0ginexpire00354648797456.mebefe4869.workers.dev/,#phishing,https://twitter.com/MalwarePatrol/status/1493452274949050371
2022-02-15 05:11:28,ecarlesi,url,http://ma-nouvelle-carte.fr,#phishing,https://twitter.com/ecarlesi/status/1493452882049642498
2022-02-15 05:11:56,AP_Zenmashi,url,https://fistu.top,#phishing,https://twitter.com/AP_Zenmashi/status/1493452999250755586
2022-02-15 05:12:54,AP_Zenmashi,url,https://amazonii.xhomega.com,#phishing,https://twitter.com/AP_Zenmashi/status/1493453243250139142
2022-02-15 05:12:54,AP_Zenmashi,ip,107.174.67.58,#phishing,https://twitter.com/AP_Zenmashi/status/1493453243250139142
2022-02-15 05:15:02,HeliosCert,ip,202.74.243.138,#malware,https://twitter.com/HeliosCert/status/1493453777550065664
2022-02-15 05:15:02,HeliosCert,sha256,49bbf1fe3dd6540ea0fb767c7fd87e40c5bcd61f9abe58d8cebba3c9a4188a8c,#malware,https://twitter.com/HeliosCert/status/1493453777550065664
2022-02-15 05:16:27,phishunt_io,url,https://instagram-account.fr/,#phishing #scam,https://twitter.com/phishunt_io/status/1493454134447648770
2022-02-15 05:16:27,phishunt_io,ip,78.194.198.126,#phishing #scam,https://twitter.com/phishunt_io/status/1493454134447648770
2022-02-15 05:25:02,HeliosCert,sha256,3952389b95a8cd7d81f0e7e81c48639ae241932951540440fb553d08e9d0666b,#malware,https://twitter.com/HeliosCert/status/1493456293692067842
2022-02-15 05:25:02,HeliosCert,ip,1.179.189.253,#malware,https://twitter.com/HeliosCert/status/1493456293692067842
2022-02-15 05:25:03,HeliosCert,ip,43.225.192.85,#malware,https://twitter.com/HeliosCert/status/1493456297609601026
2022-02-15 05:25:03,HeliosCert,ip,85.15.189.175,#malware,https://twitter.com/HeliosCert/status/1493456299794866179
2022-02-15 05:25:03,HeliosCert,sha256,c8862815e299908fed2c6374fc5fce47f71363a6e5bac326a494965767465a04,#malware,https://twitter.com/HeliosCert/status/1493456297609601026
2022-02-15 05:25:03,HeliosCert,sha256,9c27b0076d338a2f7b383b163196171ff0c6353962be5afa1b64751dbf79bc42,#malware,https://twitter.com/HeliosCert/status/1493456299794866179
2022-02-15 05:49:48,ReBensk,url,http://fullhdvideoizle3345.site/apiservices-files76257/down/,#malware,https://twitter.com/ReBensk/status/1493462527975378949
2022-02-15 06:04:53,kage6shadow,url,https://counfusedsyllenesliopa.com/yubinbutsu/kensho/roguinsuru/kurikku/kore/,#phishing,https://twitter.com/kage6shadow/status/1493466323120443395
2022-02-15 06:04:53,kage6shadow,ip,162.241.87.201,#phishing,https://twitter.com/kage6shadow/status/1493466323120443395
2022-02-15 06:10:28,ecarlesi,url,https://denatraland.online,#phishing,https://twitter.com/ecarlesi/status/1493467728803471366
2022-02-15 06:10:28,ecarlesi,url,https://denetraland.online,#phishing,https://twitter.com/ecarlesi/status/1493467729168318472
2022-02-15 06:10:56,ecarlesi,url,http://dentraland.online,#phishing,https://twitter.com/ecarlesi/status/1493467844251688962
2022-02-15 06:12:23,AP_Zenmashi,url,https://fn0yk75.cn,#phishing,https://twitter.com/AP_Zenmashi/status/1493468212448563201
2022-02-15 06:29:27,ecarlesi,url,http://acc.quest/,#phishing,https://twitter.com/ecarlesi/status/1493472506522615811
2022-02-15 06:33:53,ecarlesi,url,https://acc.quest/,#phishing,https://twitter.com/ecarlesi/status/1493473622333313026
2022-02-15 06:46:16,AP_Zenmashi,url,https://anmati0n.wenbinsc.com,#phishing,https://twitter.com/AP_Zenmashi/status/1493476738990428160
2022-02-15 06:49:56,AP_Zenmashi,url,https://amazonii.hhnvb.shop,#phishing,https://twitter.com/AP_Zenmashi/status/1493477661444034561
2022-02-15 06:55:02,HeliosCert,ip,211.22.165.130,#malware,https://twitter.com/HeliosCert/status/1493478944393383940
2022-02-15 06:55:02,HeliosCert,sha256,3fa7570acfd021d3624ab7e265a4677750070b291db23e862a0ca1e765f85c8b,#malware,https://twitter.com/HeliosCert/status/1493478944393383940
2022-02-15 06:55:20,0xrb,domain,agusanplantation.com,#AgentTesla,https://twitter.com/0xrb/status/1493479020889251851
2022-02-15 06:58:27,RedPacketSec,domain,ackmo.be,#ransomware,https://twitter.com/RedPacketSec/status/1493479805223903233
2022-02-15 06:58:30,RedPacketSec,domain,pwma.org.hk,#ransomware,https://twitter.com/RedPacketSec/status/1493479817957842950
2022-02-15 06:58:34,RedPacketSec,domain,o2fit.cl,#ransomware,https://twitter.com/RedPacketSec/status/1493479832461746177
2022-02-15 06:58:36,RedPacketSec,domain,hifly.aero,#ransomware,https://twitter.com/RedPacketSec/status/1493479843752816640
2022-02-15 07:00:02,HeliosCert,sha256,48e543d9c4f52d00cfe95732159e021d22a5a69165b01bd01d9b8ad997562407,#malware,https://twitter.com/HeliosCert/status/1493480203556995072
2022-02-15 07:00:02,HeliosCert,ip,36.225.199.222,#malware,https://twitter.com/HeliosCert/status/1493480203556995072
2022-02-15 07:00:10,RedPacketSec,domain,meeuwesen.nl,#ransomware,https://twitter.com/RedPacketSec/status/1493480237904146432
2022-02-15 07:00:14,RedPacketSec,domain,trustinnews.pt,#ransomware,https://twitter.com/RedPacketSec/status/1493480253003550723
2022-02-15 07:00:19,RedPacketSec,domain,sienaliteracy.org,#ransomware,https://twitter.com/RedPacketSec/status/1493480271907377155
2022-02-15 07:00:23,RedPacketSec,domain,idm-srl.it,#ransomware,https://twitter.com/RedPacketSec/status/1493480290131525633
2022-02-15 07:00:26,RedPacketSec,domain,rbhltd.com,#ransomware,https://twitter.com/RedPacketSec/status/1493480303981170690
2022-02-15 07:00:29,RedPacketSec,domain,wingsoft.it,#ransomware,https://twitter.com/RedPacketSec/status/1493480316949966855
2022-02-15 07:00:33,RedPacketSec,domain,cclint.com,#ransomware,https://twitter.com/RedPacketSec/status/1493480333685186562
2022-02-15 07:00:37,RedPacketSec,domain,zhulian.co.th,#ransomware,https://twitter.com/RedPacketSec/status/1493480349673873408
2022-02-15 07:03:58,ecarlesi,url,http://nataewtrfalie.xyz/him-bin.zip,#phishing,https://twitter.com/ecarlesi/status/1493481194591293443
2022-02-15 07:06:14,ecarlesi,url,http://nataewtrfalie.xyz/money.txt,#phishing,https://twitter.com/ecarlesi/status/1493481763565416451
2022-02-15 07:17:39,ShadowChasing1,md5,bbb0af081f5bf34c203f7059d525d8c3,,https://twitter.com/ShadowChasing1/status/1493484636139188228
2022-02-15 07:29:31,harugasumi,url,https://amatno.kgorrgu1.top,#phishing,https://twitter.com/harugasumi/status/1493487620831154179
2022-02-15 07:36:39,ecarlesi,url,http://gmjkhd.xyz/hisbro-bin.zip,#phishing,https://twitter.com/ecarlesi/status/1493489416756768768
2022-02-15 07:37:54,micham,domain,securitycheck.tel,#phishing,https://twitter.com/micham/status/1493489732466384898
2022-02-15 07:43:16,JAMESWT_MHT,ip,191.89.245.35,,https://twitter.com/JAMESWT_MHT/status/1493491081928970240
2022-02-15 07:43:16,JAMESWT_MHT,domain,gerente.linkpc.net,,https://twitter.com/JAMESWT_MHT/status/1493491081928970240
2022-02-15 07:45:02,HeliosCert,ip,182.186.98.255,#malware,https://twitter.com/HeliosCert/status/1493491527938678784
2022-02-15 07:45:02,HeliosCert,sha256,ee6a9e4df4c60ed1e0f395237227e5b5653ee835457959bc7855670364d23a5c,#malware,https://twitter.com/HeliosCert/status/1493491527938678784
2022-02-15 07:45:19,BaoshengbinCumt,sha256,a09bcdc2337cc472afdbdaa5b9bae85230208f995604ffe5b61d46183b177bec,#Lazarus,https://twitter.com/BaoshengbinCumt/status/1493491597925060612
2022-02-15 07:45:19,BaoshengbinCumt,sha256,6f66b4da386cdff75d2e3f9ef775934adc53bdbb9c442298bdcd665c64fb7172,#Lazarus,https://twitter.com/BaoshengbinCumt/status/1493491597925060612
2022-02-15 07:47:18,ecarlesi,url,http://gmjkhd.xyz/money.txt,#phishing,https://twitter.com/ecarlesi/status/1493492099785936896
2022-02-15 07:49:52,micham,ip,36.62.5.142,#phishing,https://twitter.com/micham/status/1493492743741796353
2022-02-15 07:49:52,micham,domain,amunbfc.shop,#phishing,https://twitter.com/micham/status/1493492743741796353
2022-02-15 07:54:44,yvesago,url,https://app.pipefy.com/public/form/j-jbfu39,#phishing,https://twitter.com/yvesago/status/1493493970084806657
2022-02-15 07:57:25,Max_Mal_,url,http://nagahox.com,#CobaltStrike #Emotet,https://twitter.com/Max_Mal_/status/1493494642813415426
2022-02-15 07:57:25,Max_Mal_,domain,nagahox.com,#CobaltStrike #Emotet,https://twitter.com/Max_Mal_/status/1493494642813415426
2022-02-15 07:58:50,ecarlesi,url,http://findsfala.xyz/dondon.txt,#phishing,https://twitter.com/ecarlesi/status/1493495000667152385
2022-02-15 08:05:04,HeliosCert,sha256,d10903436647bb34ee1f38a0db55ae110cfda17de2759d6c1621aea3e4465998,#malware,https://twitter.com/HeliosCert/status/1493496568208625668
2022-02-15 08:05:04,HeliosCert,ip,93.157.253.46,#malware,https://twitter.com/HeliosCert/status/1493496568208625668
2022-02-15 08:15:05,HeliosCert,ip,103.87.128.236,#malware,https://twitter.com/HeliosCert/status/1493499091715866628
2022-02-15 08:15:05,HeliosCert,sha256,27fd9ada8a06e59ff3037559e818ee1dc6868376348d5af887b301420aebbf11,#malware,https://twitter.com/HeliosCert/status/1493499091715866628
2022-02-15 08:17:12,AP_Zenmashi,url,https://ih6bque.cn,#phishing,https://twitter.com/AP_Zenmashi/status/1493499624404885511
2022-02-15 08:25:02,HeliosCert,sha256,81e4a003e7289878f82dab5910ba83379d2bd6d7f158feb68f32d77895acf09b,#malware,https://twitter.com/HeliosCert/status/1493501593936871424
2022-02-15 08:25:02,HeliosCert,ip,119.92.136.106,#malware,https://twitter.com/HeliosCert/status/1493501593936871424
2022-02-15 08:28:55,GootLoaderSites,url,https://hffoodsgroup.com/news.php,#GootLoader,https://twitter.com/GootLoaderSites/status/1493502572396691457
2022-02-15 08:33:35,kubotaa3,ip,155.94.169.54,#phishing,https://twitter.com/kubotaa3/status/1493503746445242373
2022-02-15 08:33:35,kubotaa3,url,https://aiu.kdda.lacvfxf.cn/,#phishing,https://twitter.com/kubotaa3/status/1493503746445242373
2022-02-15 08:33:35,kubotaa3,url,https://aiu.kdda.fpveoeq.cn/,#phishing,https://twitter.com/kubotaa3/status/1493503746445242373
2022-02-15 08:33:35,kubotaa3,url,https://aiu.kdda.zmvnmxv.cn/,#phishing,https://twitter.com/kubotaa3/status/1493503746445242373
2022-02-15 08:33:35,kubotaa3,url,https://aiu.kdda.pbfvvxg.cn/,#phishing,https://twitter.com/kubotaa3/status/1493503746445242373
2022-02-15 08:36:49,pingineer_jp,url,https://stop4labs.com/.well-known/pki-validation/.js/mxd/,#phishing,https://twitter.com/pingineer_jp/status/1493504556969639938
2022-02-15 08:38:04,AP_Zenmashi,url,https://www.c.myjeesab.top,#phishing,https://twitter.com/AP_Zenmashi/status/1493504871869259776
2022-02-15 08:38:04,AP_Zenmashi,ip,23.94.174.171,#phishing,https://twitter.com/AP_Zenmashi/status/1493504871869259776
2022-02-15 08:38:31,AP_Zenmashi,url,https://www.o.myjeesab.top,#phishing,https://twitter.com/AP_Zenmashi/status/1493504986575413249
2022-02-15 08:39:02,AP_Zenmashi,url,https://www.aa.myjosscb.top,#phishing,https://twitter.com/AP_Zenmashi/status/1493505118393991171
2022-02-15 08:39:30,AP_Zenmashi,url,https://www.mm.myjcosab.top,#phishing,https://twitter.com/AP_Zenmashi/status/1493505233527664640
2022-02-15 08:39:59,AP_Zenmashi,url,https://www.e.myjcosab.top,#phishing,https://twitter.com/AP_Zenmashi/status/1493505355145707520
2022-02-15 08:40:33,AP_Zenmashi,url,https://www.cc.myjaesob.top,#phishing,https://twitter.com/AP_Zenmashi/status/1493505497302900742
2022-02-15 08:41:00,AP_Zenmashi,url,https://www.ss.myjeesab.top,#phishing,https://twitter.com/AP_Zenmashi/status/1493505609752137728
2022-02-15 08:41:26,AP_Zenmashi,url,https://www.o.myjeascb.top,#phishing,https://twitter.com/AP_Zenmashi/status/1493505722398961667
2022-02-15 08:41:55,AP_Zenmashi,url,https://www.nn.myjeocsb.top,#phishing,https://twitter.com/AP_Zenmashi/status/1493505842414440448
2022-02-15 08:42:24,AP_Zenmashi,url,https://www.ai.myjcosab.top,#phishing,https://twitter.com/AP_Zenmashi/status/1493505962317021187
2022-02-15 08:42:45,drb_ra,ip,23.106.215.98,#CobaltStrike,https://twitter.com/drb_ra/status/1493506053044150272
2022-02-15 08:42:45,drb_ra,ip,190.103.178.8,#CobaltStrike,https://twitter.com/drb_ra/status/1493506053044150272
2022-02-15 08:42:52,AP_Zenmashi,url,https://www.ao.myjeesab.top,#phishing,https://twitter.com/AP_Zenmashi/status/1493506080802209794
2022-02-15 08:42:52,drb_ra,ip,101.43.0.65,#CobaltStrike,https://twitter.com/drb_ra/status/1493506082685304835
2022-02-15 08:52:13,illegalFawn,url,https://maskin.green-delivery.pw/images/products/amf1531-2011/chamois.php,#phishing,https://twitter.com/illegalFawn/status/1493508432657371136
2022-02-15 08:53:17,KesaGataMe0,url,https://aiu.kdda.wvussaa.cn,#phishing,https://twitter.com/KesaGataMe0/status/1493508703886409730
2022-02-15 08:53:17,KesaGataMe0,url,https://aiu.kdda.lacvfxf.cn,#phishing,https://twitter.com/KesaGataMe0/status/1493508703886409730
2022-02-15 08:53:17,KesaGataMe0,url,https://aiu.kdda.pbfvvxg.cn,#phishing,https://twitter.com/KesaGataMe0/status/1493508703886409730
2022-02-15 08:53:17,KesaGataMe0,url,https://aiu.kdda.fpveoeq.cn,#phishing,https://twitter.com/KesaGataMe0/status/1493508703886409730
2022-02-15 08:53:17,KesaGataMe0,url,https://aiu.kdda.zmvnmxv.cn,#phishing,https://twitter.com/KesaGataMe0/status/1493508703886409730
2022-02-15 09:00:49,reecdeep,domain,mimihin.com,#malware #Formbook #XLoader,https://twitter.com/reecdeep/status/1493510598545526784
2022-02-15 09:08:54,pr0xylife,sha256,7e6079910cd33e0024719dc55eae6dbf1b35d3e7d3cf406a66872b458c72590d,#AgentTesla,https://twitter.com/pr0xylife/status/1493512631726092288
2022-02-15 09:09:30,ecarlesi,url,http://tangeramation.xyz,#phishing,https://twitter.com/ecarlesi/status/1493512784709042177
2022-02-15 09:11:41,drb_ra,ip,45.147.229.189,#CobaltStrike,https://twitter.com/drb_ra/status/1493513333164711938
2022-02-15 09:11:50,drb_ra,ip,192.248.176.32,#CobaltStrike,https://twitter.com/drb_ra/status/1493513372633120768
2022-02-15 09:11:50,drb_ra,ip,52.194.153.122,#CobaltStrike,https://twitter.com/drb_ra/status/1493513372633120768
2022-02-15 09:11:58,drb_ra,ip,120.79.99.82,#CobaltStrike,https://twitter.com/drb_ra/status/1493513406447595521
2022-02-15 09:12:06,drb_ra,ip,192.3.6.194,#CobaltStrike,https://twitter.com/drb_ra/status/1493513439481843713
2022-02-15 09:12:18,drb_ra,ip,101.132.108.254,#CobaltStrike,https://twitter.com/drb_ra/status/1493513490241409024
2022-02-15 09:12:29,drb_ra,ip,47.240.46.77,#CobaltStrike,https://twitter.com/drb_ra/status/1493513534940004353
2022-02-15 09:12:29,drb_ra,ip,1.12.236.8,#CobaltStrike,https://twitter.com/drb_ra/status/1493513534940004353
2022-02-15 09:12:33,drb_ra,ip,46.246.84.12,#CobaltStrike,https://twitter.com/drb_ra/status/1493513549817204737
2022-02-15 09:12:41,ecarlesi,url,http://951231.xyz/,#phishing,https://twitter.com/ecarlesi/status/1493513583501717507
2022-02-15 09:12:47,drb_ra,ip,116.62.144.162,#CobaltStrike,https://twitter.com/drb_ra/status/1493513611444203523
2022-02-15 09:12:57,drb_ra,ip,42.193.53.74,#CobaltStrike,https://twitter.com/drb_ra/status/1493513651118039042
2022-02-15 09:13:00,AP_Zenmashi,ip,45.141.157.227,#phishing,https://twitter.com/AP_Zenmashi/status/1493513665009844224
2022-02-15 09:13:00,drb_ra,ip,152.32.216.78,#CobaltStrike,https://twitter.com/drb_ra/status/1493513665697533952
2022-02-15 09:13:00,AP_Zenmashi,url,https://tfnqpzrhas.duckdns.org,#phishing,https://twitter.com/AP_Zenmashi/status/1493513665009844224
2022-02-15 09:13:07,drb_ra,ip,49.232.67.116,#CobaltStrike,https://twitter.com/drb_ra/status/1493513693027573760
2022-02-15 09:13:17,drb_ra,ip,117.50.174.131,#CobaltStrike,https://twitter.com/drb_ra/status/1493513735142531073
2022-02-15 09:13:23,drb_ra,ip,175.24.66.77,#CobaltStrike,https://twitter.com/drb_ra/status/1493513760337768449
2022-02-15 09:13:27,AP_Zenmashi,url,https://iwrnbopgjo.duckdns.org,#phishing,https://twitter.com/AP_Zenmashi/status/1493513778293469185
2022-02-15 09:13:45,KesaGataMe0,ip,14.63.192.184,#phishing,https://twitter.com/KesaGataMe0/status/1493513852256145408
2022-02-15 09:13:45,KesaGataMe0,url,https://vposs-ne-inbex.co.jp.ae5rag.3tx4xzr.cn,#phishing,https://twitter.com/KesaGataMe0/status/1493513852256145408
2022-02-15 09:13:45,KesaGataMe0,url,https://vposs-ne-inbex.co.jp.ae5rag.3d2b0dy.cn,#phishing,https://twitter.com/KesaGataMe0/status/1493513852256145408
2022-02-15 09:13:45,KesaGataMe0,url,https://vposs-ne-inbex.co.jp.ae5rag.7akzfxl.cn,#phishing,https://twitter.com/KesaGataMe0/status/1493513852256145408
2022-02-15 09:13:45,KesaGataMe0,url,https://vposs-ne-inbex.co.jp.ae5rag.80zohkn.cn,#phishing,https://twitter.com/KesaGataMe0/status/1493513852256145408
2022-02-15 09:13:54,AP_Zenmashi,url,https://uwbwdfjehe.duckdns.org,#phishing,https://twitter.com/AP_Zenmashi/status/1493513891879346176
2022-02-15 09:14:24,AP_Zenmashi,url,https://omdnpjyjad.duckdns.org,#phishing,https://twitter.com/AP_Zenmashi/status/1493514018736066560
2022-02-15 09:14:59,AP_Zenmashi,url,https://ifdlkpphxf.duckdns.org,#phishing,https://twitter.com/AP_Zenmashi/status/1493514163435741185
2022-02-15 09:15:29,AP_Zenmashi,url,https://vzqquxihbs.duckdns.org,#phishing,https://twitter.com/AP_Zenmashi/status/1493514288690249728
2022-02-15 09:16:00,AP_Zenmashi,url,https://rdayfllmws.duckdns.org,#phishing,https://twitter.com/AP_Zenmashi/status/1493514420462702594
2022-02-15 09:16:26,AP_Zenmashi,url,https://nplvacplub.duckdns.org,#phishing,https://twitter.com/AP_Zenmashi/status/1493514530864779269
2022-02-15 09:16:52,AP_Zenmashi,url,https://qlrhelzjtu.duckdns.org,#phishing,https://twitter.com/AP_Zenmashi/status/1493514639510241280
2022-02-15 09:17:39,phishunt_io,ip,50.197.44.244,#phishing #scam,https://twitter.com/phishunt_io/status/1493514836772278276
2022-02-15 09:17:39,phishunt_io,url,https://www.icloudtechnology.com/,#phishing #scam,https://twitter.com/phishunt_io/status/1493514836772278276
2022-02-15 09:18:25,ecarlesi,url,http://auth-aib-online-support.com/,#phishing,https://twitter.com/ecarlesi/status/1493515029861257216
2022-02-15 09:19:24,ecarlesi,url,http://auth-aibsecured.com/,#phishing,https://twitter.com/ecarlesi/status/1493515274523488256
2022-02-15 09:20:00,ecarlesi,url,http://ameliauthentification.com,#phishing,https://twitter.com/ecarlesi/status/1493515427422560256
2022-02-15 09:20:02,HeliosCert,ip,103.253.150.130,#malware,https://twitter.com/HeliosCert/status/1493515435513368578
2022-02-15 09:20:02,HeliosCert,sha256,65ab6960dc560aa07c83a4408223d8e9b78a75f24fd68b75e383e6309feb9426,#malware,https://twitter.com/HeliosCert/status/1493515435513368578
2022-02-15 09:21:12,ecarlesi,url,http://ameli-portails.com,#phishing,https://twitter.com/ecarlesi/status/1493515730381426689
2022-02-15 09:21:29,pingineer_jp,url,https://queenandprincesscollection.com/jp/,#phishing,https://twitter.com/pingineer_jp/status/1493515798652264451
2022-02-15 09:22:31,ecarlesi,url,http://auth-aib-online-support.com/alert.php,#phishing,https://twitter.com/ecarlesi/status/1493516058707255297
2022-02-15 09:22:48,ecarlesi,url,http://auth-aibsecured.com/alert.php,#phishing,https://twitter.com/ecarlesi/status/1493516129435852801
2022-02-15 09:24:19,ecarlesi,url,http://app-payee-reversal-help.com/,#phishing,https://twitter.com/ecarlesi/status/1493516511599865859
2022-02-15 09:25:02,HeliosCert,ip,2.133.207.42,#malware,https://twitter.com/HeliosCert/status/1493516695012626436
2022-02-15 09:25:02,HeliosCert,sha256,abe74749a0f93fb1c29a917396254cd43569f497c4623990b575f1d8399071b0,#malware,https://twitter.com/HeliosCert/status/1493516695012626436
2022-02-15 09:25:09,ecarlesi,url,https://salamdarikambojabos.com/account/puki/mak/visitor.txt,#phishing,https://twitter.com/ecarlesi/status/1493516720992047108
2022-02-15 09:27:38,ecarlesi,url,http://covid-client-application.com/,#phishing,https://twitter.com/ecarlesi/status/1493517349340733440
2022-02-15 09:27:39,ecarlesi,url,http://app-payee-reversal-help.com/login.php,#phishing,https://twitter.com/ecarlesi/status/1493517352767471619
2022-02-15 09:27:42,ecarlesi,url,http://covid-form-pass.com/,#phishing,https://twitter.com/ecarlesi/status/1493517362812932097
2022-02-15 09:33:54,ecarlesi,url,http://sddjqwdqwd.com/,#phishing,https://twitter.com/ecarlesi/status/1493518922720722944
2022-02-15 09:36:26,ecarlesi,url,http://365-customer-service.com/,#phishing,https://twitter.com/ecarlesi/status/1493519560712101889
2022-02-15 09:37:43,ecarlesi,url,https://appauthenticadorbr.com/tela.zip,#phishing,https://twitter.com/ecarlesi/status/1493519884755652608
2022-02-15 09:38:34,ecarlesi,url,http://prbyee.co.uk,#phishing,https://twitter.com/ecarlesi/status/1493520099428478976
2022-02-15 09:39:04,ecarlesi,url,http://365-customerservice.com/,#phishing,https://twitter.com/ecarlesi/status/1493520224603283460
2022-02-15 09:40:59,ecarlesi,url,https://relocate-package.com/,#phishing,https://twitter.com/ecarlesi/status/1493520706185105408
2022-02-15 09:42:59,reecdeep,url,http://secure01-redirect.net/gd13/fre.php,#malware #Lokibot,https://twitter.com/reecdeep/status/1493521208821882884
2022-02-15 09:42:59,reecdeep,url,https://cdn.discordapp.com/attachments/940176829648617492/943048205967450162/piojdndp.log,#malware #Lokibot,https://twitter.com/reecdeep/status/1493521208821882884
2022-02-15 09:45:36,ecarlesi,url,https://desticodesign.com/newshop%20(1)%20(1).zip,#phishing,https://twitter.com/ecarlesi/status/1493521869705826308
2022-02-15 09:46:24,ecarlesi,url,https://aarqueologia.com,#phishing,https://twitter.com/ecarlesi/status/1493522072248926214
2022-02-15 09:49:35,ecarlesi,url,https://luckyspingacor.com/newlukywheel_v3_subfolder.zip,#phishing,https://twitter.com/ecarlesi/status/1493522871909552128
2022-02-15 09:50:28,ecarlesi,url,http://account-statuts.com,#phishing,https://twitter.com/ecarlesi/status/1493523094845149184
2022-02-15 09:51:58,ecarlesi,url,https://access-payee-decline-help.com/,#phishing,https://twitter.com/ecarlesi/status/1493523471686676490
2022-02-15 09:52:13,ecarlesi,url,https://mn3tb0kc.com/,#phishing,https://twitter.com/ecarlesi/status/1493523534303440902
2022-02-15 09:53:06,ecarlesi,url,https://aggiornamentoweb-ap.com/,#phishing,https://twitter.com/ecarlesi/status/1493523755800408066
2022-02-15 09:53:12,ecarlesi,url,https://soccer-city-stadium.com/alwj.zip,#phishing,https://twitter.com/ecarlesi/status/1493523781083664384
2022-02-15 09:54:57,ecarlesi,url,https://remove-device-secure.com/,#phishing,https://twitter.com/ecarlesi/status/1493524223431688194
2022-02-15 09:55:10,ecarlesi,url,http://mon-assurance-vital.com,#phishing,https://twitter.com/ecarlesi/status/1493524277488160769
2022-02-15 09:55:27,ecarlesi,url,https://access-payee-decline-help.com/login.php,#phishing,https://twitter.com/ecarlesi/status/1493524348057047047
2022-02-15 09:55:55,LukasStefanko,ip,198.12.107.13,,https://twitter.com/LukasStefanko/status/1493524465174654977
2022-02-15 09:56:27,ecarlesi,url,https://aib-secureonlinelogin-data.com/,#phishing,https://twitter.com/ecarlesi/status/1493524597697880067
2022-02-15 09:57:54,ecarlesi,url,https://mn3tb0kc.com/login.php?online_id=414d6cd53a2648ce09cb9f82f&amp;country=&amp;iso=,#phishing,https://twitter.com/ecarlesi/status/1493524965798420482
2022-02-15 09:57:56,ecarlesi,url,https://mnt3b0nc.com/v/,#phishing,https://twitter.com/ecarlesi/status/1493524973348139008
2022-02-15 09:58:16,ecarlesi,url,https://mywalletsbrowser.com/,#phishing,https://twitter.com/ecarlesi/status/1493525058366619648
2022-02-15 09:58:32,ecarlesi,url,https://mywalletsbrowser.com/index.htm?v,#phishing,https://twitter.com/ecarlesi/status/1493525123248402433
2022-02-15 10:00:34,ecarlesi,url,https://alzahra-sy.com/wordpress-5.6.zip,#phishing,https://twitter.com/ecarlesi/status/1493525633766408192
2022-02-15 10:00:35,ecarlesi,url,https://aib-secureonlinelogin-data.com/alert.php,#phishing,https://twitter.com/ecarlesi/status/1493525640313720832
2022-02-15 10:00:45,ecarlesi,url,https://remove-device-secure.com/login.php,#phishing,https://twitter.com/ecarlesi/status/1493525682093240320
2022-02-15 10:04:45,ecarlesi,url,https://mnt3b0nc.com/v/login.php?online_id=5b6c7876f1f4395d4ea56faed&amp;country=&amp;iso=,#phishing,https://twitter.com/ecarlesi/status/1493526686847193092
2022-02-15 10:06:14,ecarlesi,url,http://valleytrong.com/wellsfargo%5bmrweebee%5d%20%287%29.zip,#phishing,https://twitter.com/ecarlesi/status/1493527061553635330
2022-02-15 10:08:19,0xDanielLopez,url,https://elonceo22.com,#scam,https://twitter.com/0xDanielLopez/status/1493527584965021696
2022-02-15 10:09:03,MalwarePatrol,url,http://www.onlineservicetech.services/,#phishing,https://twitter.com/MalwarePatrol/status/1493527771066163206
2022-02-15 10:09:13,ecarlesi,url,http://amazon-servicesecure347kz1be3j3jne-sign.com,#phishing,https://twitter.com/ecarlesi/status/1493527811940040708
2022-02-15 10:09:19,smica83,url,https://www.stanlowa.com/wp-mail.php,#phishing,https://twitter.com/smica83/status/1493527837101510659
2022-02-15 10:09:19,smica83,url,https://festeatemashop.it/wp-includes/certificates/sadkjl/web/index.php,#phishing,https://twitter.com/smica83/status/1493527837101510659
2022-02-15 10:13:30,ecarlesi,url,https://mtb-regain.com/,#phishing,https://twitter.com/ecarlesi/status/1493528891939606531
2022-02-15 10:13:34,kage6shadow,url,https://www.queenandprincesscollection.com/jp/,#phishing,https://twitter.com/kage6shadow/status/1493528906452058116
2022-02-15 10:13:34,kage6shadow,ip,162.241.216.164,#phishing,https://twitter.com/kage6shadow/status/1493528906452058116
2022-02-15 10:15:02,HeliosCert,ip,203.147.90.103,#malware,https://twitter.com/HeliosCert/status/1493529276444037124
2022-02-15 10:15:02,HeliosCert,sha256,a5cd624130ccc0d358ac08e399d33f6b0be784c2fb53ec85c1814ec23d16c9dd,#malware,https://twitter.com/HeliosCert/status/1493529276444037124
2022-02-15 10:19:09,ecarlesi,url,https://nvportalupdate.com/nv.zip,#phishing,https://twitter.com/ecarlesi/status/1493530313275973634
2022-02-15 10:19:24,ecarlesi,url,https://onlineaibsupportacc-service.com/,#phishing,https://twitter.com/ecarlesi/status/1493530373078544385
2022-02-15 10:22:30,ecarlesi,url,https://chase-01.com/adminpanel/,#phishing,https://twitter.com/ecarlesi/status/1493531153034358790
2022-02-15 10:25:02,HeliosCert,sha256,0880be443786948f3e04f7fa37adb96a7520a8f65fab73d05b44ab09fd3d2992,#malware,https://twitter.com/HeliosCert/status/1493531791403139072
2022-02-15 10:25:02,HeliosCert,ip,120.188.35.10,#malware,https://twitter.com/HeliosCert/status/1493531791403139072
2022-02-15 10:26:59,ecarlesi,url,https://permanenttsb-unfreeze.com/,#phishing,https://twitter.com/ecarlesi/status/1493532282719715328
2022-02-15 10:27:09,ecarlesi,url,http://postoffice-monday-delivery.com/,#phishing,https://twitter.com/ecarlesi/status/1493532325786931200
2022-02-15 10:27:51,ecarlesi,url,http://mainnodeserver.com/,#phishing,https://twitter.com/ecarlesi/status/1493532500651556864
2022-02-15 10:29:13,ecarlesi,url,http://hampolamzrewabzn.com/,#phishing,https://twitter.com/ecarlesi/status/1493532845029138439
2022-02-15 10:30:13,ecarlesi,url,http://mainnodeserver.com/index.html,#phishing,https://twitter.com/ecarlesi/status/1493533097970835457
2022-02-15 10:34:02,ecarlesi,url,https://segurancajuridicostonebr.com/tela.zip,#phishing,https://twitter.com/ecarlesi/status/1493534056289644544
2022-02-15 10:34:45,ecarlesi,url,https://xn--profileccilemarin-itb.com,#phishing,https://twitter.com/ecarlesi/status/1493534238091714560
2022-02-15 10:35:02,HeliosCert,sha256,9b1ba31dfc982db0bad465668a06e241534ddb379d4ee3cf33946b29cddd994c,#malware,https://twitter.com/HeliosCert/status/1493534307218079748
2022-02-15 10:35:02,HeliosCert,ip,190.14.239.83,#malware,https://twitter.com/HeliosCert/status/1493534307218079748
2022-02-15 10:35:28,moshsrv,md5,28694ec80275e83747114f9ca4e1ba32,,https://twitter.com/moshsrv/status/1493534416911618052
2022-02-15 10:38:55,AP_Zenmashi,url,https://0o897zp.cn,#phishing,https://twitter.com/AP_Zenmashi/status/1493535286113959940
2022-02-15 10:40:04,ecarlesi,url,https://matthewsinvesto.com/,#phishing,https://twitter.com/ecarlesi/status/1493535573889490945
2022-02-15 10:45:05,HeliosCert,sha256,945b46fd05c1824f211c00903eda2846dcb29c566cabcfe06f9c2fadc6889784,#malware,https://twitter.com/HeliosCert/status/1493536839726153728
2022-02-15 10:45:05,HeliosCert,ip,1.34.112.85,#malware,https://twitter.com/HeliosCert/status/1493536839726153728
2022-02-15 10:45:09,ecarlesi,url,https://wddtec.com/c2thebot.zip,#phishing,https://twitter.com/ecarlesi/status/1493536854326624260
2022-02-15 10:45:43,ecarlesi,url,https://gotvjkbhi.xyz/money.txt,#phishing,https://twitter.com/ecarlesi/status/1493536999164293125
2022-02-15 10:46:16,ecarlesi,url,https://gotvjkbhi.xyz/newindex.htm,#phishing,https://twitter.com/ecarlesi/status/1493537137148542978
2022-02-15 10:47:57,ecarlesi,url,https://az-l.com,#phishing,https://twitter.com/ecarlesi/status/1493537560651616260
2022-02-15 10:50:27,drb_ra,ip,172.241.27.226,#CobaltStrike,https://twitter.com/drb_ra/status/1493538186945089538
2022-02-15 10:52:24,pr0xylife,url,https://institutodecienciasac.com/6p8zy30bp7ro/d.png,,https://twitter.com/pr0xylife/status/1493538677926027264
2022-02-15 10:52:24,pr0xylife,url,https://umakisushi.com/dlkamnikbod/d.png,,https://twitter.com/pr0xylife/status/1493538677926027264
2022-02-15 10:52:24,pr0xylife,url,https://ceciliamakeup.com/xh3axy4l8dz/d.png,,https://twitter.com/pr0xylife/status/1493538677926027264
2022-02-15 11:00:02,HeliosCert,sha256,6f3387759e7fd7e910e9062b74345c3fdd094af548af7d4c8da6896be9b39932,#malware,https://twitter.com/HeliosCert/status/1493540600171347969
2022-02-15 11:00:02,HeliosCert,ip,190.79.112.6,#malware,https://twitter.com/HeliosCert/status/1493540600171347969
2022-02-15 11:01:33,malwrhunterteam,sha256,cda63761c4305452ae097b31f01704d4bfd4fd9c88c5c44ff2ddb58c70485fe1,,https://twitter.com/malwrhunterteam/status/1493540982616428547
2022-02-15 11:01:33,malwrhunterteam,sha256,2d9d95bed6a6108802fa7c750cb66f2acce7b124f790ba552ec009c4d1d20744,,https://twitter.com/malwrhunterteam/status/1493540982616428547
2022-02-15 11:12:53,ecarlesi,url,http://rwjndrssj.xyz/healer.txt,#phishing,https://twitter.com/ecarlesi/status/1493543833312837632
2022-02-15 11:13:04,ecarlesi,url,https://drlpnatwork.com,#phishing,https://twitter.com/ecarlesi/status/1493543881555783681
2022-02-15 11:19:26,ecarlesi,url,http://rwjndrssj.xyz/newindex.htm,#phishing,https://twitter.com/ecarlesi/status/1493545482412597249
2022-02-15 11:20:02,ecarlesi,url,https://myparcel-reschedule-status.com/,#phishing,https://twitter.com/ecarlesi/status/1493545632157642753
2022-02-15 11:20:32,ecarlesi,url,https://inserimentoapp.com/,#phishing,https://twitter.com/ecarlesi/status/1493545758003445760
2022-02-15 11:22:58,JAMESWT_MHT,url,https://doc.filesaves.cloud/af34yq+rg6p+5rpwf0dtevb+dwoxysqj+l6ty2wg6dc=,,https://twitter.com/JAMESWT_MHT/status/1493546370573164547
2022-02-15 11:23:07,ecarlesi,url,http://registrazione-start.com/,#phishing,https://twitter.com/ecarlesi/status/1493546407797665792
2022-02-15 11:23:56,pmmkowalczyk,md5,fdba2d647025caaf8b84ebca1912101d,#GuLoader,https://twitter.com/pmmkowalczyk/status/1493546615671566336
2022-02-15 11:23:56,pmmkowalczyk,md5,0c7fe16468bbe7efa274cf17e6a2f085,#GuLoader,https://twitter.com/pmmkowalczyk/status/1493546615671566336
2022-02-15 11:37:47,ecarlesi,url,https://registrazione-start.com/,#phishing,https://twitter.com/ecarlesi/status/1493550099087216647
2022-02-15 11:50:02,HeliosCert,ip,118.69.124.184,#malware,https://twitter.com/HeliosCert/status/1493553185679724545
2022-02-15 11:50:02,HeliosCert,sha256,4a096f0f703aadff526211ca8a3ca96cfe6b86a1e03dbcb394846aaf7d286c5b,#malware,https://twitter.com/HeliosCert/status/1493553185679724545
2022-02-15 11:52:27,KesaGataMe0,url,https://api.saisoncard.co.jp.ymnzel.com/,#phishing,https://twitter.com/KesaGataMe0/status/1493553793656844288
2022-02-15 11:52:27,KesaGataMe0,ip,67.198.237.218,#phishing,https://twitter.com/KesaGataMe0/status/1493553793656844288
2022-02-15 12:00:02,HeliosCert,ip,123.24.175.191,#malware,https://twitter.com/HeliosCert/status/1493555702077575168
2022-02-15 12:00:02,HeliosCert,sha256,95f9847e020b97c1a3bc47d33c15da892958bb76c95153696eda1f13e454ddf5,#malware,https://twitter.com/HeliosCert/status/1493555702077575168
2022-02-15 12:00:40,ecarlesi,url,https://nhscovidvaccinations.com/covidpass/,#phishing,https://twitter.com/ecarlesi/status/1493555858885820418
2022-02-15 12:06:25,ecarlesi,url,https://idevtester.com,#phishing,https://twitter.com/ecarlesi/status/1493557306516250628
2022-02-15 12:06:52,reecdeep,url,https://drive.google.com/uc?export=download&amp;id=1mlad5olg0lo1gx4emiiabma0i1gziwth,#malware #AgentTesla,https://twitter.com/reecdeep/status/1493557421687644163
2022-02-15 12:08:25,ecarlesi,url,https://carte-assurance-maladie.com,#phishing,https://twitter.com/ecarlesi/status/1493557810084392968
2022-02-15 12:11:08,ecarlesi,url,https://unicorrectdata.com/list/,#phishing,https://twitter.com/ecarlesi/status/1493558494728966146
2022-02-15 12:15:04,ecarlesi,url,http://nhscovidvaccinations.com/covidpass/,#phishing,https://twitter.com/ecarlesi/status/1493559482823380992
2022-02-15 12:16:10,pmmkowalczyk,md5,d3076aa3bef1f635bd6b7228f8493b50,#banker,https://twitter.com/pmmkowalczyk/status/1493559761593380867
2022-02-15 12:16:10,pmmkowalczyk,md5,2fe2f9d4342bb1cbe4b805e80fc5c7d8,#banker,https://twitter.com/pmmkowalczyk/status/1493559761593380867
2022-02-15 12:16:10,pmmkowalczyk,md5,aecbba086add2a5f5b95ef834279c014,#banker,https://twitter.com/pmmkowalczyk/status/1493559761593380867
2022-02-15 12:16:10,pmmkowalczyk,md5,1d41871785671a439437b0c4ff031d3e,#banker,https://twitter.com/pmmkowalczyk/status/1493559761593380867
2022-02-15 12:16:10,pmmkowalczyk,md5,27f7ec6acabe924a5e7ab64724ad3d47,#banker,https://twitter.com/pmmkowalczyk/status/1493559761593380867
2022-02-15 12:16:10,pmmkowalczyk,md5,ff8e47015d4eb5ede359bf9a576f9d37,#banker,https://twitter.com/pmmkowalczyk/status/1493559761593380867
2022-02-15 12:16:10,pmmkowalczyk,md5,b2c102015cc145cb420ac179729925cf,#banker,https://twitter.com/pmmkowalczyk/status/1493559761593380867
2022-02-15 12:24:18,ecarlesi,url,http://helpverify-mylogin.com/santander/,#phishing,https://twitter.com/ecarlesi/status/1493561805570023424
2022-02-15 12:29:41,ecarlesi,url,https://track-myparcel-support.com/,#phishing,https://twitter.com/ecarlesi/status/1493563161328431105
2022-02-15 12:30:02,HeliosCert,ip,49.158.123.35,#malware,https://twitter.com/HeliosCert/status/1493563249593401345
2022-02-15 12:30:02,HeliosCert,sha256,0d93be2265d9161d443dcb2fc7c13c6da5a3ba5c771d35c6fb7a1764c222e4b9,#malware,https://twitter.com/HeliosCert/status/1493563249593401345
2022-02-15 12:30:40,pmmkowalczyk,md5,f7cbccc144ce714adaa25205a6995753,#banker,https://twitter.com/pmmkowalczyk/status/1493563409778061317
2022-02-15 12:30:40,pmmkowalczyk,md5,e78f6a266233b363d7db293e07dff858,#banker,https://twitter.com/pmmkowalczyk/status/1493563409778061317
2022-02-15 12:30:40,pmmkowalczyk,md5,5d724f60faca42c091ee2522943ff40d,#banker,https://twitter.com/pmmkowalczyk/status/1493563409778061317
2022-02-15 12:52:34,ecarlesi,url,https://citizenbenk.com/signin/,#phishing,https://twitter.com/ecarlesi/status/1493568919042674690
2022-02-15 13:00:02,HeliosCert,ip,117.202.99.157,#malware,https://twitter.com/HeliosCert/status/1493570800397570051
2022-02-15 13:00:02,HeliosCert,sha256,803cb6d0b6ff7d958b2da82d820ff4c041f185dceab07a4aee269d56bf0b70b7,#malware,https://twitter.com/HeliosCert/status/1493570800397570051
2022-02-15 13:00:46,ecarlesi,url,http://voeyyestore.com,#phishing,https://twitter.com/ecarlesi/status/1493570985970311172
2022-02-15 13:14:03,500mk500,ip,176.121.14.164,,https://twitter.com/500mk500/status/1493574325227696129
2022-02-15 13:14:03,500mk500,domain,8ibaub3bav.com,,https://twitter.com/500mk500/status/1493574325227696129
2022-02-15 13:14:03,500mk500,domain,irha3wzuu.top,,https://twitter.com/500mk500/status/1493574325227696129
2022-02-15 13:14:03,500mk500,domain,thhausgajk.com,,https://twitter.com/500mk500/status/1493574325227696129
2022-02-15 13:14:03,500mk500,domain,ihfagzuuu.net,,https://twitter.com/500mk500/status/1493574325227696129
2022-02-15 13:14:03,500mk500,domain,uagggauua.com,,https://twitter.com/500mk500/status/1493574325227696129
2022-02-15 13:14:03,500mk500,domain,utabwbazuu.com,,https://twitter.com/500mk500/status/1493574325227696129
2022-02-15 13:14:03,500mk500,domain,hgauahhh.com,,https://twitter.com/500mk500/status/1493574325227696129
2022-02-15 13:14:03,500mk500,domain,uauzustttt.com,,https://twitter.com/500mk500/status/1493574325227696129
2022-02-15 13:14:03,500mk500,domain,hbaruuau3h.top,,https://twitter.com/500mk500/status/1493574325227696129
2022-02-15 13:14:03,500mk500,domain,fuaggggotc.top,,https://twitter.com/500mk500/status/1493574325227696129
2022-02-15 13:14:03,500mk500,domain,guuagwuu.top,,https://twitter.com/500mk500/status/1493574325227696129
2022-02-15 13:14:03,500mk500,domain,ifn1h8ag1g.com,,https://twitter.com/500mk500/status/1493574325227696129
2022-02-15 13:14:03,500mk500,domain,jgiauwggg.org,,https://twitter.com/500mk500/status/1493574325227696129
2022-02-15 13:14:03,500mk500,domain,ifua88ahahgh.com,,https://twitter.com/500mk500/status/1493574325227696129
2022-02-15 13:15:02,HeliosCert,sha256,68f978b084463407b810bc55913b8babdc202b4aac2b7729dd63a92521a929c1,#malware,https://twitter.com/HeliosCert/status/1493574575237521412
2022-02-15 13:15:02,HeliosCert,ip,45.171.64.165,#malware,https://twitter.com/HeliosCert/status/1493574575237521412
2022-02-15 13:19:11,phishunt_io,url,https://www.googlecards.ga/,#phishing #scam,https://twitter.com/phishunt_io/status/1493575617891209219
2022-02-15 13:19:11,phishunt_io,ip,142.250.185.115,#phishing #scam,https://twitter.com/phishunt_io/status/1493575617891209219
2022-02-15 13:20:02,HeliosCert,sha256,be030deca9c1a0d54943a25f01e98f3f99a34c202912cb550c6b64586abfe3d3,#malware,https://twitter.com/HeliosCert/status/1493575834770231306
2022-02-15 13:20:02,HeliosCert,ip,203.194.100.61,#malware,https://twitter.com/HeliosCert/status/1493575834770231306
2022-02-15 13:20:44,AP_Zenmashi,url,https://a2irnwh.cn,#phishing,https://twitter.com/AP_Zenmashi/status/1493576008926392321
2022-02-15 13:23:05,500mk500,domain,tolatilbu.hopto.org,,https://twitter.com/500mk500/status/1493576600633462784
2022-02-15 13:23:05,500mk500,domain,tolatilbuuu.duckdns.org,,https://twitter.com/500mk500/status/1493576600633462784
2022-02-15 13:23:05,500mk500,ip,199.195.253.181,,https://twitter.com/500mk500/status/1493576600633462784
2022-02-15 13:26:34,ecarlesi,url,https://logins-netflix.com,#phishing,https://twitter.com/ecarlesi/status/1493577477821808640
2022-02-15 14:05:19,500mk500,ip,173.236.150.135,,https://twitter.com/500mk500/status/1493587229545054213
2022-02-15 14:09:43,malwrhunterteam,sha256,622af42525c8a3b9f51f24e831d8d58147adc07bf5d64d59ccfd0983ddbe1097,,https://twitter.com/malwrhunterteam/status/1493588335289372675
2022-02-15 14:09:57,ecarlesi,url,http://whitelistvalidator.com/,#phishing,https://twitter.com/ecarlesi/status/1493588394974359552
2022-02-15 14:10:35,ecarlesi,url,https://whitelistvalidator.com/,#phishing,https://twitter.com/ecarlesi/status/1493588555003793415
2022-02-15 14:13:53,CardanoPhishing,ip,185.178.208.186,#phishing #scam,https://twitter.com/CardanoPhishing/status/1493589383580209156
2022-02-15 14:13:53,CardanoPhishing,domain,ada-rise.com,#phishing #scam,https://twitter.com/CardanoPhishing/status/1493589383580209156
2022-02-15 14:14:24,CardanoPhishing,ip,185.178.208.144,#phishing #scam,https://twitter.com/CardanoPhishing/status/1493589513456824326
2022-02-15 14:14:24,CardanoPhishing,domain,hoskinson.co,#phishing #scam,https://twitter.com/CardanoPhishing/status/1493589513456824326
2022-02-15 14:14:54,ecarlesi,url,https://sea-syncing.com/,#phishing,https://twitter.com/ecarlesi/status/1493589641685045248
2022-02-15 14:20:02,HeliosCert,sha256,6e7bf7aa78322d1b465b204abfce54eb01cdfb821fa728746cf1a8d664fcc1ad,#malware,https://twitter.com/HeliosCert/status/1493590932771553280
2022-02-15 14:20:02,HeliosCert,ip,113.22.194.144,#malware,https://twitter.com/HeliosCert/status/1493590932771553280
2022-02-15 14:23:06,ecarlesi,url,https://sea-syncing.com/index.html,#phishing,https://twitter.com/ecarlesi/status/1493591703143473153
2022-02-15 14:30:19,threatpost,url,https://threatpost.com/ta2541-apt-rats-aviation/178422/,#malware,https://twitter.com/threatpost/status/1493593521122594826
2022-02-15 14:32:42,ffforward,url,https://newholmmes.com,,https://twitter.com/ffforward/status/1493594119305936908
2022-02-15 14:39:05,AP_Zenmashi,url,https://vzbngibpuq.duckdns.org,#phishing,https://twitter.com/AP_Zenmashi/status/1493595728421310466
2022-02-15 14:39:36,AP_Zenmashi,url,https://dxslolcxbi.duckdns.org,#phishing,https://twitter.com/AP_Zenmashi/status/1493595855227604998
2022-02-15 14:40:03,AP_Zenmashi,url,https://shczvxrtxo.duckdns.org,#phishing,https://twitter.com/AP_Zenmashi/status/1493595969803677697
2022-02-15 14:40:29,AP_Zenmashi,url,https://qptdnwkzsn.duckdns.org,#phishing,https://twitter.com/AP_Zenmashi/status/1493596079518253056
2022-02-15 14:40:57,AP_Zenmashi,url,https://qgudgcrhpf.duckdns.org,#phishing,https://twitter.com/AP_Zenmashi/status/1493596197810221060
2022-02-15 14:41:27,AP_Zenmashi,url,https://flhbseotjo.duckdns.org,#phishing,https://twitter.com/AP_Zenmashi/status/1493596321093419008
2022-02-15 14:41:54,AP_Zenmashi,url,https://aanvxbextc.duckdns.org,#phishing,https://twitter.com/AP_Zenmashi/status/1493596436721815554
2022-02-15 14:42:29,AP_Zenmashi,url,https://gkdnteiekr.duckdns.org,#phishing,https://twitter.com/AP_Zenmashi/status/1493596583824609280
2022-02-15 14:42:37,drb_ra,ip,46.30.188.66,#CobaltStrike,https://twitter.com/drb_ra/status/1493596617387171841
2022-02-15 14:42:37,drb_ra,ip,62.113.255.12,#CobaltStrike,https://twitter.com/drb_ra/status/1493596617387171841
2022-02-15 14:42:47,drb_ra,ip,34.95.11.106,#CobaltStrike,https://twitter.com/drb_ra/status/1493596658466230284
2022-02-15 14:42:58,drb_ra,ip,137.184.101.238,#CobaltStrike,https://twitter.com/drb_ra/status/1493596704150638594
2022-02-15 14:43:03,drb_ra,ip,20.113.143.225,#CobaltStrike,https://twitter.com/drb_ra/status/1493596723150827525
2022-02-15 14:43:03,drb_ra,ip,52.48.206.73,#CobaltStrike,https://twitter.com/drb_ra/status/1493596723150827525
2022-02-15 14:43:04,drb_ra,ip,54.188.176.67,#CobaltStrike,https://twitter.com/drb_ra/status/1493596729194733570
2022-02-15 14:43:05,AP_Zenmashi,url,https://cgtoevrjuj.duckdns.org,#phishing,https://twitter.com/AP_Zenmashi/status/1493596732931940362
2022-02-15 14:43:33,AP_Zenmashi,url,https://bwvqymoefk.duckdns.org,#phishing,https://twitter.com/AP_Zenmashi/status/1493596850783404033
2022-02-15 14:44:52,ecarlesi,url,https://rujmedya.com/sw_emarket_theme_v5.4.1.zip,#phishing,https://twitter.com/ecarlesi/status/1493597183257595913
2022-02-15 14:47:15,JCyberSec_,url,https://allwalletsconnect.com/homeaccess.html,#phishing,https://twitter.com/JCyberSec_/status/1493597780870316033
2022-02-15 14:49:24,h2jazi,domain,doc.filesaves.cloud,#Lazarus,https://twitter.com/h2jazi/status/1493598324053712915
2022-02-15 14:49:24,h2jazi,md5,85fe6affdb218b2d09a59e08e80eb1fa,#Lazarus,https://twitter.com/h2jazi/status/1493598324053712915
2022-02-15 14:49:24,h2jazi,md5,de097c5ab5e31ac16b4466cd56e9bd2d,#Lazarus,https://twitter.com/h2jazi/status/1493598324053712915
2022-02-15 14:53:38,malwrhunterteam,sha256,200d3c79e8c97b467a5c0a27dd16038b8bb9321cc0ca3ca4c8648fcfa2054d8c,,https://twitter.com/malwrhunterteam/status/1493599388526071820
2022-02-15 14:53:38,malwrhunterteam,url,https://cdn.discordapp.com/attachments/942127914315546757/942542799604174939/video_player.apk,,https://twitter.com/malwrhunterteam/status/1493599388526071820
2022-02-15 14:55:32,malwrhunterteam,url,https://uspstrack-7518276417-addressredelivery-itemnumber.netlify.app/,,https://twitter.com/malwrhunterteam/status/1493599866047676428
2022-02-15 15:07:39,ecarlesi,url,https://e-walletconnects.live/,#phishing,https://twitter.com/ecarlesi/status/1493602914144763906
2022-02-15 15:10:58,ecarlesi,url,https://walletsatconnect.com/,#phishing,https://twitter.com/ecarlesi/status/1493603748450607118
2022-02-15 15:18:22,PhishStats,url,http://hypesquadeventss-signup.com/,#phishing,https://twitter.com/PhishStats/status/1493605611958943752
2022-02-15 15:18:22,PhishStats,ip,172.67.202.217,#phishing,https://twitter.com/PhishStats/status/1493605611958943752
2022-02-15 15:35:58,MBThreatIntel,md5,96fac9cb8f3693fb07a52abd9a51f0b4,#Raccoon,https://twitter.com/MBThreatIntel/status/1493610043513712640
2022-02-15 15:35:58,MBThreatIntel,md5,7348761960b4743bd00487404c901ae6,#Raccoon,https://twitter.com/MBThreatIntel/status/1493610043513712640
2022-02-15 15:35:59,MBThreatIntel,md5,e3f1dcf1ef211fdfb1df10084299788b,#Raccoon,https://twitter.com/MBThreatIntel/status/1493610045875146754
2022-02-15 15:40:02,HeliosCert,sha256,6046bc7b4f5275ea5cead5c5345b29d0f5bf2e74e0d2bda3fb7feb56509960ba,#malware,https://twitter.com/HeliosCert/status/1493611065137143817
2022-02-15 15:40:02,HeliosCert,ip,180.244.51.193,#malware,https://twitter.com/HeliosCert/status/1493611065137143817
2022-02-15 15:49:28,AP_Zenmashi,ip,205.185.120.60,#phishing,https://twitter.com/AP_Zenmashi/status/1493613440367214595
2022-02-15 15:49:28,AP_Zenmashi,url,https://mwtrrqe.cn,#phishing,https://twitter.com/AP_Zenmashi/status/1493613440367214595
2022-02-15 15:55:56,MBThreatIntel,url,http://auto-falkanhahn.de/11d/s.exe,#Raccoon,https://twitter.com/MBThreatIntel/status/1493615065588805640
2022-02-15 16:00:03,dnstwist,domain,slaclk.com,#phishing,https://twitter.com/dnstwist/status/1493616101212758025
2022-02-15 16:13:21,mhusnirizal,url,https://walletdrawer.com/,#phishing #scam,https://twitter.com/mhusnirizal/status/1493619447927820288
2022-02-15 16:13:21,mhusnirizal,ip,198.54.120.112,#phishing #scam,https://twitter.com/mhusnirizal/status/1493619447927820288
2022-02-15 16:21:38,ecarlesi,url,http://serviceandnetflixsecure.com,#phishing,https://twitter.com/ecarlesi/status/1493621533281067021
2022-02-15 16:24:51,AP_Zenmashi,url,https://otzhcgf.cn,#phishing,https://twitter.com/AP_Zenmashi/status/1493622342874189824
2022-02-15 16:25:02,HeliosCert,ip,210.89.62.42,#malware,https://twitter.com/HeliosCert/status/1493622389799800836
2022-02-15 16:25:02,HeliosCert,sha256,3148a4771f9284725a32326d8860fa1c891ad8b0e6d6c68bc9b7d32ba51efd21,#malware,https://twitter.com/HeliosCert/status/1493622389799800836
2022-02-15 16:31:53,mhusnirizal,ip,173.82.243.182,#phishing #scam,https://twitter.com/mhusnirizal/status/1493624113705156612
2022-02-15 16:31:53,mhusnirizal,url,https://www.wallidate.com/,#phishing #scam,https://twitter.com/mhusnirizal/status/1493624113705156612
2022-02-15 16:32:54,mhusnirizal,url,https://authenticateall.com/,#phishing #scam,https://twitter.com/mhusnirizal/status/1493624368748204034
2022-02-15 16:32:54,mhusnirizal,ip,3.64.200.242,#phishing #scam,https://twitter.com/mhusnirizal/status/1493624368748204034
2022-02-15 16:40:03,HeliosCert,ip,213.6.199.226,#malware,https://twitter.com/HeliosCert/status/1493626168922284037
2022-02-15 16:40:03,HeliosCert,sha256,299ce408a4834526cd8c1f99fe66a594357bd72004f39effc32070312e537331,#malware,https://twitter.com/HeliosCert/status/1493626168922284037
2022-02-15 16:44:23,drb_ra,ip,78.128.112.203,#CobaltStrike,https://twitter.com/drb_ra/status/1493627259370024966
2022-02-15 16:44:27,drb_ra,ip,128.199.245.11,#CobaltStrike,https://twitter.com/drb_ra/status/1493627276868702209
2022-02-15 16:44:35,drb_ra,ip,188.166.55.88,#CobaltStrike,https://twitter.com/drb_ra/status/1493627311375142913
2022-02-15 16:44:38,drb_ra,ip,81.17.57.55,#CobaltStrike,https://twitter.com/drb_ra/status/1493627322343337988
2022-02-15 16:44:50,drb_ra,ip,1.15.91.107,#CobaltStrike,https://twitter.com/drb_ra/status/1493627373916495881
2022-02-15 16:44:50,drb_ra,ip,120.79.10.121,#CobaltStrike,https://twitter.com/drb_ra/status/1493627370883985412
2022-02-15 16:44:59,drb_ra,ip,107.167.8.67,#CobaltStrike,https://twitter.com/drb_ra/status/1493627408636956677
2022-02-15 16:44:59,AP_Zenmashi,url,https://amazon.co.jpsvip7.otzhcgf.cn,#phishing,https://twitter.com/AP_Zenmashi/status/1493627408829743106
2022-02-15 16:44:59,drb_ra,ip,107.167.8.66,#CobaltStrike,https://twitter.com/drb_ra/status/1493627408636956677
2022-02-15 16:45:06,drb_ra,ip,81.17.22.78,#CobaltStrike,https://twitter.com/drb_ra/status/1493627440714944515
2022-02-15 16:45:24,drb_ra,ip,114.29.255.45,#CobaltStrike,https://twitter.com/drb_ra/status/1493627516828983306
2022-02-15 16:45:32,drb_ra,ip,104.21.71.221,#CobaltStrike,https://twitter.com/drb_ra/status/1493627549343174669
2022-02-15 16:45:32,drb_ra,ip,1.117.225.19,#CobaltStrike,https://twitter.com/drb_ra/status/1493627549343174669
2022-02-15 16:45:32,drb_ra,ip,172.67.149.180,#CobaltStrike,https://twitter.com/drb_ra/status/1493627549343174669
2022-02-15 16:45:41,drb_ra,ip,199.195.250.74,#CobaltStrike,https://twitter.com/drb_ra/status/1493627585829421062
2022-02-15 16:45:49,drb_ra,ip,209.141.54.115,#CobaltStrike,https://twitter.com/drb_ra/status/1493627619010662401
2022-02-15 16:45:57,drb_ra,ip,81.17.22.76,#CobaltStrike,https://twitter.com/drb_ra/status/1493627653705850882
2022-02-15 16:46:12,drb_ra,ip,8.210.236.116,#CobaltStrike,https://twitter.com/drb_ra/status/1493627715181809666
2022-02-15 16:46:20,drb_ra,ip,116.204.211.180,#CobaltStrike,https://twitter.com/drb_ra/status/1493627751386992640
2022-02-15 16:46:39,drb_ra,ip,121.43.128.7,#CobaltStrike,https://twitter.com/drb_ra/status/1493627829002588160
2022-02-15 16:46:40,drb_ra,ip,152.32.167.93,#CobaltStrike,https://twitter.com/drb_ra/status/1493627833326968833
2022-02-15 16:46:48,drb_ra,ip,81.17.30.251,#CobaltStrike,https://twitter.com/drb_ra/status/1493627868638846977
2022-02-15 16:46:54,drb_ra,ip,167.172.247.211,#CobaltStrike,https://twitter.com/drb_ra/status/1493627893657870342
2022-02-15 16:47:09,drb_ra,ip,185.33.87.225,#CobaltStrike,https://twitter.com/drb_ra/status/1493627955561607168
2022-02-15 16:48:12,mhusnirizal,ip,198.54.121.237,#phishing #scam,https://twitter.com/mhusnirizal/status/1493628217873539074
2022-02-15 16:48:12,mhusnirizal,url,https://www.walletrectify.com/,#phishing #scam,https://twitter.com/mhusnirizal/status/1493628217873539074
2022-02-15 16:48:36,r3dbU7z,ip,114.132.246.103,,https://twitter.com/r3dbU7z/status/1493628319245520897
2022-02-15 16:48:36,r3dbU7z,md5,6db6ec5bae1438faf87e2ad4378e083c,,https://twitter.com/r3dbU7z/status/1493628319245520897
2022-02-15 16:48:36,r3dbU7z,ip,82.156.28.253,,https://twitter.com/r3dbU7z/status/1493628319245520897
2022-02-15 16:49:03,ecarlesi,url,http://c0nsultedigital.com,#phishing,https://twitter.com/ecarlesi/status/1493628432760115207
2022-02-15 16:53:28,AP_Zenmashi,url,https://amazon.co.jp.fusant.rjyzfgz.cn,#phishing,https://twitter.com/AP_Zenmashi/status/1493629546503208961
2022-02-15 16:55:03,HeliosCert,ip,118.170.70.107,#malware,https://twitter.com/HeliosCert/status/1493629944315858949
2022-02-15 16:55:03,HeliosCert,sha256,04dc3ef5506d881a29eab6815f250edd48ca853919a797e4a68bd92c65a3eb53,#malware,https://twitter.com/HeliosCert/status/1493629944315858949
2022-02-15 17:00:48,JCyberSec_,md5,b61705f85f6a5787b3797b783d692360,,https://twitter.com/JCyberSec_/status/1493631391334027269
2022-02-15 17:00:48,JCyberSec_,url,https://action-privacyhelp.com/b61705f85f6a5787b3797b783d692360/logon.php?user=true,,https://twitter.com/JCyberSec_/status/1493631391334027269
2022-02-15 17:10:02,HeliosCert,sha256,d8f62d3fa508bc9cc2e87d0761df4f754976ef3c24666c6319d9b35f448c1d80,#malware,https://twitter.com/HeliosCert/status/1493633713535606787
2022-02-15 17:10:02,HeliosCert,ip,187.210.123.114,#malware,https://twitter.com/HeliosCert/status/1493633713535606787
2022-02-15 17:15:02,HeliosCert,ip,118.70.176.244,#malware,https://twitter.com/HeliosCert/status/1493634974167224326
2022-02-15 17:15:02,HeliosCert,sha256,7f84f553fa50db320fa0a06abfb671cc0dfe188e48d42f434d2c8991dd887930,#malware,https://twitter.com/HeliosCert/status/1493634974167224326
2022-02-15 17:17:58,500mk500,ip,114.132.246.103,,https://twitter.com/500mk500/status/1493635708690604036
2022-02-15 17:17:58,500mk500,ip,91.85.153.94,,https://twitter.com/500mk500/status/1493635708690604036
2022-02-15 17:17:58,500mk500,ip,82.156.28.253,,https://twitter.com/500mk500/status/1493635708690604036
2022-02-15 17:17:58,500mk500,url,http://91.85.153.94,,https://twitter.com/500mk500/status/1493635708690604036
2022-02-15 17:17:58,500mk500,domain,wuxi.tanxinyu.cn,,https://twitter.com/500mk500/status/1493635708690604036
2022-02-15 17:24:42,AP_Zenmashi,url,https://amazons.co.jploginxds7ffsfs.1xd089.cn,#phishing,https://twitter.com/AP_Zenmashi/status/1493637406104248321
2022-02-15 17:26:15,ecarlesi,url,http://netfex.org,#phishing,https://twitter.com/ecarlesi/status/1493637796279595008
2022-02-15 17:28:15,phishunt_io,url,https://itaucard.cards,#phishing #scam,https://twitter.com/phishunt_io/status/1493638297394024448
2022-02-15 17:28:15,phishunt_io,ip,20.49.104.54,#phishing #scam,https://twitter.com/phishunt_io/status/1493638297394024448
2022-02-15 17:32:47,ecarlesi,url,http://roachmonorail.net/yahoonew.zip,#phishing,https://twitter.com/ecarlesi/status/1493639439041576962
2022-02-15 17:35:04,HeliosCert,ip,62.162.116.18,#malware,https://twitter.com/HeliosCert/status/1493640012222676994
2022-02-15 17:35:04,HeliosCert,sha256,2b55c99c33f6b51ac94f7798d22325bd354892b53ef1156894857e5fd86ffda4,#malware,https://twitter.com/HeliosCert/status/1493640012222676994
2022-02-15 17:35:28,JAMESWT_MHT,domain,ftp.totallyanonymous.com,#AgentTesla,https://twitter.com/JAMESWT_MHT/status/1493640116258095108
2022-02-15 17:42:19,AP_Zenmashi,url,https://rjyzfgz.cn,#phishing,https://twitter.com/AP_Zenmashi/status/1493641839173246980
2022-02-15 17:45:29,AP_Zenmashi,url,https://amazon.co.jpvipsta.mwtrrqe.cn,#phishing,https://twitter.com/AP_Zenmashi/status/1493642636452052992
2022-02-15 17:46:56,AP_Zenmashi,ip,115.144.69.69,#phishing,https://twitter.com/AP_Zenmashi/status/1493642999058014209
2022-02-15 17:46:56,AP_Zenmashi,url,https://onamae.matchmaker-info.com,#phishing,https://twitter.com/AP_Zenmashi/status/1493642999058014209
2022-02-15 17:47:54,AP_Zenmashi,url,https://www.amazons.co.jploginxds7.s8jqn8.cn,#phishing,https://twitter.com/AP_Zenmashi/status/1493643241962754051
2022-02-15 17:48:40,AP_Zenmashi,url,https://amazons.co.jploginxds7.s8jqn8.cn,#phishing,https://twitter.com/AP_Zenmashi/status/1493643435383095297
2022-02-15 17:51:48,mhusnirizal,url,https://www.dappsconnect.net/en,#phishing #scam,https://twitter.com/mhusnirizal/status/1493644223186620416
2022-02-15 17:51:48,mhusnirizal,ip,198.54.120.8,#phishing #scam,https://twitter.com/mhusnirizal/status/1493644223186620416
2022-02-15 17:59:34,ecarlesi,url,http://bscpa-d.com,#phishing,https://twitter.com/ecarlesi/status/1493646180395454470
2022-02-15 18:00:01,silentpush_labs,domain,xn--metmask-bwa.net,#phishing,https://twitter.com/silentpush_labs/status/1493646292148363264
2022-02-15 18:00:01,silentpush_labs,ip,92.255.85.236,#phishing,https://twitter.com/silentpush_labs/status/1493646292148363264
2022-02-15 18:06:45,AddressIntel,url,https://aggiornamentobanc-app.com,#phishing,https://twitter.com/AddressIntel/status/1493647987460952065
2022-02-15 18:12:47,AP_Zenmashi,url,https://www.amazons.co.jploginxds7ffsd.0fm522v.cn,#phishing,https://twitter.com/AP_Zenmashi/status/1493649506977857536
2022-02-15 18:13:26,AP_Zenmashi,ip,192.3.1.178,#phishing,https://twitter.com/AP_Zenmashi/status/1493649670731485185
2022-02-15 18:14:38,ecarlesi,url,http://feaomolreamnon.com/v2.8.zip,#phishing,https://twitter.com/ecarlesi/status/1493649969474990082
2022-02-15 18:15:23,malwrhunterteam,sha256,ee6843e77403aa269bf2ce08ee811c0dffcc1a18152c411d07606b1f481b62d3,,https://twitter.com/malwrhunterteam/status/1493650160236306436
2022-02-15 18:16:56,ecarlesi,url,https://vitals-verifications.com,#phishing,https://twitter.com/ecarlesi/status/1493650548343525377
2022-02-15 18:18:50,PhishStats,url,http://onamae.matchmaker-info.com/,#phishing,https://twitter.com/PhishStats/status/1493651029212254209
2022-02-15 18:20:02,HeliosCert,sha256,80500c55e8154bcbaeb74752c501579ddaafcbd51618e905258fdc549ddbecfc,#malware,https://twitter.com/HeliosCert/status/1493651330350596104
2022-02-15 18:20:02,HeliosCert,ip,14.245.238.37,#malware,https://twitter.com/HeliosCert/status/1493651330350596104
2022-02-15 18:25:02,HeliosCert,ip,177.221.40.130,#malware,https://twitter.com/HeliosCert/status/1493652590005047298
2022-02-15 18:25:02,HeliosCert,sha256,5769983f571ef8fa6de8fb8123b94c839f8da6e4d0a55d6476cf9ecdedff605e,#malware,https://twitter.com/HeliosCert/status/1493652590005047298
2022-02-15 18:28:08,ecarlesi,url,http://hireahackers.com/wp.zip,#phishing,https://twitter.com/ecarlesi/status/1493653370334322693
2022-02-15 18:29:48,ecarlesi,url,http://swapcheatahspeed.com/,#phishing,https://twitter.com/ecarlesi/status/1493653789399830529
2022-02-15 18:35:38,malwrhunterteam,url,https://www.kisa.link/pmmg,,https://twitter.com/malwrhunterteam/status/1493655254080102403
2022-02-15 18:35:38,malwrhunterteam,sha256,ab11538eec395994b7ecc6601136a1d2afd374eea046c7e8d3b3489f8c414af0,,https://twitter.com/malwrhunterteam/status/1493655254080102403
2022-02-15 18:35:38,malwrhunterteam,url,https://cdn.discordapp.com/attachments/941428555814928488/943128047584960522/androidupdate.apk,,https://twitter.com/malwrhunterteam/status/1493655254080102403
2022-02-15 18:41:27,AP_Zenmashi,url,https://amazons.co.jploginxds7ffsd.0fm522v.cn,#phishing,https://twitter.com/AP_Zenmashi/status/1493656718269550594
2022-02-15 18:42:50,optional_is,url,https://patilidostum.com//due/ait/att/at&amp;t%20-%20login.htm,,https://twitter.com/optional_is/status/1493657066384334855
2022-02-15 18:53:01,malwrhunterteam,sha256,0caba418b4b1ec32a00cdd52e3f6f28b7e8de0ffec030cfd8ae661538619b72b,,https://twitter.com/malwrhunterteam/status/1493659632904114176
2022-02-15 19:23:33,ffforward,url,https://oliveiraadvogadoscatanduva.adv.br/remcos_a_rgzxplek0.bin,#GuLoader #Remcos,https://twitter.com/ffforward/status/1493667316470538243
2022-02-15 19:23:33,ffforward,url,https://top.nobullshyt1.xyz,#GuLoader #Remcos,https://twitter.com/ffforward/status/1493667316470538243
2022-02-15 19:55:52,r3dbU7z,md5,70f58625baf28f632fcee71c709078a8,,https://twitter.com/r3dbU7z/status/1493675446210281479
2022-02-15 19:55:52,r3dbU7z,md5,e96e2bbe4db122abc73bcd5b149488f4,,https://twitter.com/r3dbU7z/status/1493675446210281479
2022-02-15 19:55:52,r3dbU7z,url,http://45.32.132.166,,https://twitter.com/r3dbU7z/status/1493675446210281479
2022-02-15 19:55:52,r3dbU7z,ip,45.32.132.166,,https://twitter.com/r3dbU7z/status/1493675446210281479
2022-02-15 20:42:39,500mk500,ip,157.90.154.157,#RedLine,https://twitter.com/500mk500/status/1493687221634883593
2022-02-15 20:51:05,KesaGataMe0,ip,155.94.205.73,#phishing,https://twitter.com/KesaGataMe0/status/1493689341994237952
2022-02-15 20:51:05,KesaGataMe0,url,https://www.jp.mercari.gdlh04.ghie25.rtoysfb.com,#phishing,https://twitter.com/KesaGataMe0/status/1493689341994237952
2022-02-15 20:51:05,KesaGataMe0,url,https://www.jp.mercari.gho03lgdj.mgkdmv.com,#phishing,https://twitter.com/KesaGataMe0/status/1493689341994237952
2022-02-15 20:52:01,KesaGataMe0,url,https://www.aeonfet.com,#phishing,https://twitter.com/KesaGataMe0/status/1493689577168846848
2022-02-15 20:52:01,KesaGataMe0,url,https://www.aeonrea.com,#phishing,https://twitter.com/KesaGataMe0/status/1493689577168846848
2022-02-15 20:55:03,HeliosCert,ip,1.186.144.214,#malware,https://twitter.com/HeliosCert/status/1493690339672137738
2022-02-15 20:55:03,HeliosCert,sha256,665cddac04e345ea11a45e1235960d98baaee4b745b8117496efefc474c044b9,#malware,https://twitter.com/HeliosCert/status/1493690339672137738
2022-02-15 20:59:31,KesaGataMe0,ip,155.94.169.47,#phishing,https://twitter.com/KesaGataMe0/status/1493691464987324416
2022-02-15 20:59:31,KesaGataMe0,url,https://vposs-ne-inbex.a6reg5.1g6ysey.cn,#phishing,https://twitter.com/KesaGataMe0/status/1493691464987324416
2022-02-15 20:59:31,KesaGataMe0,url,https://vposs-ne-index.co.jp.q6e5r.d6p6rlx.cn,#phishing,https://twitter.com/KesaGataMe0/status/1493691464987324416
2022-02-15 20:59:31,KesaGataMe0,url,https://vposs-ne-inbex.a6reg5.2040o1t.cn,#phishing,https://twitter.com/KesaGataMe0/status/1493691464987324416
2022-02-15 20:59:31,KesaGataMe0,url,https://vposs-ne-index.co.jp.q6e5r.fpte0lx.cn,#phishing,https://twitter.com/KesaGataMe0/status/1493691464987324416
2022-02-15 21:04:40,spamrats,domain,ndf-digital-download.xyz,#phishing,https://twitter.com/spamrats/status/1493692760448192515
2022-02-15 21:04:40,spamrats,domain,avisorecusapagamento.com,#phishing,https://twitter.com/spamrats/status/1493692760448192515
2022-02-15 21:04:40,spamrats,domain,postbinance.net,#phishing,https://twitter.com/spamrats/status/1493692760448192515
2022-02-15 21:04:40,spamrats,domain,publicidadevendasdiretas.online,#phishing,https://twitter.com/spamrats/status/1493692760448192515
2022-02-15 21:05:24,ecarlesi,url,https://boi-loginportal.info/,#phishing,https://twitter.com/ecarlesi/status/1493692947942068225
2022-02-15 21:05:58,KesaGataMe0,ip,23.95.215.85,#phishing,https://twitter.com/KesaGataMe0/status/1493693088069734402
2022-02-15 21:05:58,KesaGataMe0,url,https://www.jcb.co-jp.rugmy.xyz,#phishing,https://twitter.com/KesaGataMe0/status/1493693088069734402
2022-02-15 21:05:58,KesaGataMe0,url,https://www.jcb.atfx005.vip,#phishing,https://twitter.com/KesaGataMe0/status/1493693088069734402
2022-02-15 21:05:58,KesaGataMe0,url,https://www.jcb.co-jp.toyscap.xyz,#phishing,https://twitter.com/KesaGataMe0/status/1493693088069734402
2022-02-15 21:05:58,KesaGataMe0,url,https://www.jcb.cojp.atfx002.vip,#phishing,https://twitter.com/KesaGataMe0/status/1493693088069734402
2022-02-15 21:05:58,KesaGataMe0,url,https://www.jcb.co-jp.likebonds.xyz,#phishing,https://twitter.com/KesaGataMe0/status/1493693088069734402
2022-02-15 21:16:08,PhishStats,ip,23.235.232.130,#phishing,https://twitter.com/PhishStats/status/1493695647337398280
2022-02-15 21:16:08,PhishStats,url,http://securedappsconnect.net/,#phishing,https://twitter.com/PhishStats/status/1493695647337398280
2022-02-15 21:22:54,PhishChicken,url,https://coin-bingo.com/home?accountcode,,https://twitter.com/PhishChicken/status/1493697348853243904
2022-02-15 21:28:51,phishunt_io,ip,172.67.212.112,#phishing #scam,https://twitter.com/phishunt_io/status/1493698847662649355
2022-02-15 21:28:51,phishunt_io,url,https://ms.micosoft.workers.dev/,#phishing #scam,https://twitter.com/phishunt_io/status/1493698847662649355
2022-02-15 21:39:09,AP_Zenmashi,url,https://vposs-ne-inbex.a6reg5.2t04qsw.cn,#phishing,https://twitter.com/AP_Zenmashi/status/1493701441030029313
2022-02-15 21:39:40,AP_Zenmashi,ip,155.94.169.48,#phishing,https://twitter.com/AP_Zenmashi/status/1493701569287577604
2022-02-15 21:39:40,AP_Zenmashi,url,https://vposs-ne-inbex.jp.t5ew6t.f6h76m9.cn,#phishing,https://twitter.com/AP_Zenmashi/status/1493701569287577604
2022-02-15 21:41:42,AP_Zenmashi,url,https://vposs-ne-inbex.a6reg5.1dn9bfg.cn,#phishing,https://twitter.com/AP_Zenmashi/status/1493702081412501509
2022-02-15 21:42:35,AP_Zenmashi,url,https://vposs-ne-imdex.jp.2rt6e.c8cndfz.cn,#phishing,https://twitter.com/AP_Zenmashi/status/1493702302938533888
2022-02-15 21:43:58,AP_Zenmashi,url,https://vposs-ne-imdex.jp.2rt6e.av66ici.cn,#phishing,https://twitter.com/AP_Zenmashi/status/1493702651783290880
2022-02-15 21:45:23,AP_Zenmashi,url,https://vposs-ne-index.co.jp.q6e5r.goaaehx.cn,#phishing,https://twitter.com/AP_Zenmashi/status/1493703009829670914
2022-02-15 21:50:46,1ZRR4H,url,https://ruhezepu.com,#CobaltStrike,https://twitter.com/1ZRR4H/status/1493704364049018880
2022-02-15 21:50:46,1ZRR4H,ip,172.241.27.123,#CobaltStrike,https://twitter.com/1ZRR4H/status/1493704364049018880
2022-02-15 21:50:46,1ZRR4H,ip,172.241.27.166,#CobaltStrike,https://twitter.com/1ZRR4H/status/1493704364049018880
2022-02-15 21:50:46,1ZRR4H,ip,172.241.27.198,#CobaltStrike,https://twitter.com/1ZRR4H/status/1493704364049018880
2022-02-15 21:50:46,1ZRR4H,ip,172.241.27.214,#CobaltStrike,https://twitter.com/1ZRR4H/status/1493704364049018880
2022-02-15 21:50:46,1ZRR4H,ip,172.241.27.52,#CobaltStrike,https://twitter.com/1ZRR4H/status/1493704364049018880
2022-02-15 21:50:46,1ZRR4H,url,https://vafici.com,#CobaltStrike,https://twitter.com/1ZRR4H/status/1493704364049018880
2022-02-15 21:50:46,1ZRR4H,ip,172.241.27.208,#CobaltStrike,https://twitter.com/1ZRR4H/status/1493704364049018880
2022-02-15 21:50:46,1ZRR4H,url,https://lanujefok.com,#CobaltStrike,https://twitter.com/1ZRR4H/status/1493704364049018880
2022-02-15 21:50:46,1ZRR4H,url,https://sufebul.com,#CobaltStrike,https://twitter.com/1ZRR4H/status/1493704364049018880
2022-02-15 21:50:46,1ZRR4H,ip,172.241.27.128,#CobaltStrike,https://twitter.com/1ZRR4H/status/1493704364049018880
2022-02-15 21:50:46,1ZRR4H,url,https://lacamesabo.com,#CobaltStrike,https://twitter.com/1ZRR4H/status/1493704364049018880
2022-02-15 21:50:46,1ZRR4H,url,https://ragojel.com,#CobaltStrike,https://twitter.com/1ZRR4H/status/1493704364049018880
2022-02-15 21:50:46,1ZRR4H,url,https://nagahox.com,#CobaltStrike,https://twitter.com/1ZRR4H/status/1493704364049018880
2022-02-15 21:50:46,1ZRR4H,url,https://zizexa.com,#CobaltStrike,https://twitter.com/1ZRR4H/status/1493704364049018880
2022-02-15 21:52:01,1ZRR4H,ip,172.241.27.129,#CobaltStrike,https://twitter.com/1ZRR4H/status/1493704678726684674
2022-02-15 21:52:01,1ZRR4H,url,https://hayutawewe.com,#CobaltStrike,https://twitter.com/1ZRR4H/status/1493704678726684674
2022-02-15 21:52:01,1ZRR4H,url,https://yipujufaj.com,#CobaltStrike,https://twitter.com/1ZRR4H/status/1493704678726684674
2022-02-15 21:52:01,1ZRR4H,ip,172.241.27.98,#CobaltStrike,https://twitter.com/1ZRR4H/status/1493704678726684674
2022-02-15 22:06:09,ecarlesi,url,http://roscovegas.cyou,#phishing,https://twitter.com/ecarlesi/status/1493708235869769736
2022-02-15 22:13:18,AP_Zenmashi,url,https://mercarai.3utilities.com,#phishing,https://twitter.com/AP_Zenmashi/status/1493710031824756736
2022-02-15 22:13:18,AP_Zenmashi,ip,35.200.108.121,#phishing,https://twitter.com/AP_Zenmashi/status/1493710031824756736
2022-02-15 22:13:58,AP_Zenmashi,url,https://mercaei.ddns.net,#phishing,https://twitter.com/AP_Zenmashi/status/1493710200955879424
2022-02-15 22:14:23,AP_Zenmashi,url,https://merciar.ddns.net,#phishing,https://twitter.com/AP_Zenmashi/status/1493710305234350084
2022-02-15 22:14:35,ActorExpose,url,https://hireahackers.com/,,https://twitter.com/ActorExpose/status/1493710356606296071
2022-02-15 22:14:35,ActorExpose,ip,147.135.0.0,,https://twitter.com/ActorExpose/status/1493710356606296071
2022-02-15 22:15:15,AP_Zenmashi,url,https://www.smbc-card.com.scxnfz.com,#phishing,https://twitter.com/AP_Zenmashi/status/1493710525708255233
2022-02-15 22:15:15,AP_Zenmashi,ip,104.129.5.187,#phishing,https://twitter.com/AP_Zenmashi/status/1493710525708255233
2022-02-15 22:30:02,HeliosCert,sha256,b5c90ef38cdc29abbaace8cd26ac93d14943da5579975c6b7796c59c359a2aaf,#malware,https://twitter.com/HeliosCert/status/1493714243576807424
2022-02-15 22:30:02,HeliosCert,ip,93.89.210.48,#malware,https://twitter.com/HeliosCert/status/1493714243576807424
2022-02-15 22:40:45,AP_Zenmashi,url,https://mercoro.ddnsking.com,#phishing,https://twitter.com/AP_Zenmashi/status/1493716940652969984
2022-02-15 22:41:40,AP_Zenmashi,url,https://smbc-card.com.scxnfz.com,#phishing,https://twitter.com/AP_Zenmashi/status/1493717174040817665
2022-02-15 22:45:02,HeliosCert,sha256,d26e27ce5f252c77913c7b9715745a90d7bd2d6023999576d1c938896f0afc62,#malware,https://twitter.com/HeliosCert/status/1493718020782440452
2022-02-15 22:47:07,drb_ra,ip,193.201.9.197,#CobaltStrike,https://twitter.com/drb_ra/status/1493718543824740354
2022-02-15 22:47:16,drb_ra,ip,45.147.179.211,#CobaltStrike,https://twitter.com/drb_ra/status/1493718581640577029
2022-02-15 22:47:41,drb_ra,ip,179.60.146.37,#CobaltStrike,https://twitter.com/drb_ra/status/1493718688620498950
2022-02-15 22:47:42,drb_ra,ip,35.174.172.215,#CobaltStrike,https://twitter.com/drb_ra/status/1493718692240232451
2022-02-15 23:07:57,AP_Zenmashi,url,https://dzkpmvd.cn,#phishing,https://twitter.com/AP_Zenmashi/status/1493723787963281408
2022-02-15 23:10:35,AP_Zenmashi,url,https://marcair.ddns.net,#phishing,https://twitter.com/AP_Zenmashi/status/1493724448825905153
2022-02-15 23:11:07,AP_Zenmashi,url,https://0krtxov.cn,#phishing,https://twitter.com/AP_Zenmashi/status/1493724583215919107
2022-02-15 23:13:36,James_inthe_box,sha256,e197329d5376b93a60e67a43d5390a16dae5e813c2ee3708420a785d8b1b1a46,,https://twitter.com/James_inthe_box/status/1493725210805039107
2022-02-15 23:15:02,HeliosCert,ip,186.89.119.247,#malware,https://twitter.com/HeliosCert/status/1493725569627918336
2022-02-15 23:15:02,HeliosCert,sha256,735cfc906fcae966f3223fe85f937dea2a54c1a9d7fa99aa93dc82dc81e76c34,#malware,https://twitter.com/HeliosCert/status/1493725569627918336
2022-02-15 23:29:21,it_sec_news,url,https://amazom.szxcno.xyz/,#phishing,https://twitter.com/it_sec_news/status/1493729173428310021
2022-02-15 23:31:01,pingineer_jp,url,http://www.adcuhhf.shop/,#phishing #scam,https://twitter.com/pingineer_jp/status/1493729592506740736
2022-02-15 23:31:01,pingineer_jp,url,http://www.adcplak3.shop/,#phishing #scam,https://twitter.com/pingineer_jp/status/1493729592506740736
2022-02-15 23:31:01,pingineer_jp,url,https://amazom.kwacxm.xyz,#phishing #scam,https://twitter.com/pingineer_jp/status/1493729592506740736
2022-02-15 23:31:14,pingineer_jp,url,https://www.amswerszon-info.com,#phishing #scam,https://twitter.com/pingineer_jp/status/1493729644503498755
2022-02-15 23:31:14,pingineer_jp,url,https://amazon.co.jp.1x82hn.cf,#phishing #scam,https://twitter.com/pingineer_jp/status/1493729644503498755
2022-02-15 23:31:14,pingineer_jp,url,https://amazon.csyfcj.com/,#phishing #scam,https://twitter.com/pingineer_jp/status/1493729644503498755
2022-02-15 23:32:21,pingineer_jp,url,https://www.info.myjescb.com/,#phishing #scam,https://twitter.com/pingineer_jp/status/1493729927862308865
2022-02-15 23:32:21,pingineer_jp,url,https://www.jcb.co-jp.toyscap.xyz/,#phishing #scam,https://twitter.com/pingineer_jp/status/1493729927862308865
2022-02-15 23:32:21,pingineer_jp,url,https://www.e.myjmscob.top/,#phishing #scam,https://twitter.com/pingineer_jp/status/1493729927862308865
2022-02-15 23:32:21,pingineer_jp,url,https://www.cc.myjeocsb.top/,#phishing #scam,https://twitter.com/pingineer_jp/status/1493729927862308865
2022-02-15 23:34:14,pingineer_jp,url,https://www.ss.aoeesocnn.top/,#phishing #scam,https://twitter.com/pingineer_jp/status/1493730401764143105
2022-02-15 23:34:14,pingineer_jp,url,https://www.ao.aosemeocn.top/,#phishing #scam,https://twitter.com/pingineer_jp/status/1493730401764143105
2022-02-15 23:34:14,pingineer_jp,url,https://www.a.aeoncsn.com/,#phishing #scam,https://twitter.com/pingineer_jp/status/1493730401764143105
2022-02-15 23:35:01,bad_packets,ip,91.240.118.55,#ProxyShell,https://twitter.com/bad_packets/status/1493730597197418503
2022-02-15 23:35:11,pingineer_jp,url,https://uccard.co.jp.nngru.com/,#phishing #scam,https://twitter.com/pingineer_jp/status/1493730642093555712
2022-02-15 23:35:44,ecarlesi,url,https://fdhsrzrffdf.xyz/fond.txt,#phishing,https://twitter.com/ecarlesi/status/1493730777074319364
2022-02-15 23:36:02,pingineer_jp,url,https://etc.gagmhfi.cn/,#phishing #scam,https://twitter.com/pingineer_jp/status/1493730852664410116
2022-02-15 23:37:03,AP_Zenmashi,url,https://99i12ue.cn,#phishing,https://twitter.com/AP_Zenmashi/status/1493731111058685952
2022-02-15 23:37:22,pingineer_jp,url,https://smbc-card.com.scxnfz.com/,#phishing #scam,https://twitter.com/pingineer_jp/status/1493731188414246916
2022-02-15 23:37:50,ecarlesi,url,https://fdhsrzrffdf.xyz/him-bin.zip,#phishing,https://twitter.com/ecarlesi/status/1493731305296519169
2022-02-15 23:40:00,ecarlesi,url,https://fdhsrzrffdf.xyz/newindex.htm,#phishing,https://twitter.com/ecarlesi/status/1493731853022466049
2022-02-15 23:40:31,ecarlesi,url,http://lineage2.club,#phishing,https://twitter.com/ecarlesi/status/1493731982228008960
2022-02-15 23:50:02,HeliosCert,ip,190.211.110.227,#malware,https://twitter.com/HeliosCert/status/1493734376571424781
2022-02-15 23:50:02,HeliosCert,sha256,9064492b69fba64f11559e2d3aa63198bacbe922b563aeaf245f35c6b69eaa48,#malware,https://twitter.com/HeliosCert/status/1493734376571424781
2022-02-15 23:50:03,HeliosCert,sha256,76c93054faa00c353b17bc486072ed730fa91d176488b670939c80d90333d1c9,#malware,https://twitter.com/HeliosCert/status/1493734379788673029
