2022-06-30 00:09:04,MalwarePatrol,url,http://sourceonepro.com/component/0578df7ed3be38b298c93c46fd9d0702/login.php,#phishing,https://twitter.com/MalwarePatrol/status/1542299141140774914
2022-06-30 00:09:04,MalwarePatrol,md5,0578df7ed3be38b298c93c46fd9d0702,#phishing,https://twitter.com/MalwarePatrol/status/1542299141140774914
2022-06-30 00:09:35,ecarlesi,url,https://gwiws.com/_wildcard_/,#phishing,https://twitter.com/ecarlesi/status/1542299270711222272
2022-06-30 00:15:13,RdpSnitch,ip,172.245.10.232,,https://twitter.com/RdpSnitch/status/1542300691171090432
2022-06-30 00:15:13,RdpSnitch,ip,85.215.166.215,,https://twitter.com/RdpSnitch/status/1542300691171090432
2022-06-30 00:15:13,RdpSnitch,ip,64.225.14.247,,https://twitter.com/RdpSnitch/status/1542300691171090432
2022-06-30 00:15:15,RdpSnitch,ip,122.176.96.137,,https://twitter.com/RdpSnitch/status/1542300696028090368
2022-06-30 00:15:58,ScamiBot,ip,35.209.69.193,#phishing #scam,https://twitter.com/ScamiBot/status/1542300877289127937
2022-06-30 00:19:39,KesaGataMe0,url,https://netstation2.aplus.mduciao.com,#phishing,https://twitter.com/KesaGataMe0/status/1542301803991408640
2022-06-30 00:19:39,KesaGataMe0,url,https://netstation2.aplus.shcuiso.com,#phishing,https://twitter.com/KesaGataMe0/status/1542301803991408640
2022-06-30 00:19:39,KesaGataMe0,ip,104.223.16.190,#phishing,https://twitter.com/KesaGataMe0/status/1542301803991408640
2022-06-30 00:19:39,KesaGataMe0,url,https://netstation2.aplus.osmcneuo.com,#phishing,https://twitter.com/KesaGataMe0/status/1542301803991408640
2022-06-30 00:19:39,KesaGataMe0,url,https://netstation2.aplus.oucnam.com,#phishing,https://twitter.com/KesaGataMe0/status/1542301803991408640
2022-06-30 00:35:29,AP_Zenmashi,url,https://hjfgcx.gdgjeln.cn,#phishing,https://twitter.com/AP_Zenmashi/status/1542305787573604352
2022-06-30 00:35:29,AP_Zenmashi,ip,192.161.165.19,#phishing,https://twitter.com/AP_Zenmashi/status/1542305787573604352
2022-06-30 00:41:16,KesaGataMe0,url,https://www.micoadrio-jp.sbdjmy.cn,#phishing,https://twitter.com/KesaGataMe0/status/1542307246688043010
2022-06-30 00:41:16,KesaGataMe0,url,https://www.micoadrio-jp.rsdpydx.cn,#phishing,https://twitter.com/KesaGataMe0/status/1542307246688043010
2022-06-30 00:41:16,KesaGataMe0,ip,155.94.141.67,#phishing,https://twitter.com/KesaGataMe0/status/1542307246688043010
2022-06-30 00:41:16,KesaGataMe0,url,https://www.micoadrio-jp.qywlrb.cn,#phishing,https://twitter.com/KesaGataMe0/status/1542307246688043010
2022-06-30 00:41:16,KesaGataMe0,url,https://www.micoadrio-jp.rwndqem.cn,#phishing,https://twitter.com/KesaGataMe0/status/1542307246688043010
2022-06-30 00:41:16,KesaGataMe0,url,https://www.micoadrio-jp.s68y34.cn,#phishing,https://twitter.com/KesaGataMe0/status/1542307246688043010
2022-06-30 00:47:44,harugasumi,url,https://www.eki-net-info.online/?personal_top_index=&lt;token&gt;,#phishing,https://twitter.com/harugasumi/status/1542308873289474048
2022-06-30 00:48:04,PhishStats,url,http://feraljundi.com/,#phishing,https://twitter.com/PhishStats/status/1542308957678702593
2022-06-30 00:48:04,PhishStats,ip,162.241.253.189,#phishing,https://twitter.com/PhishStats/status/1542308957678702593
2022-06-30 00:49:12,ecarlesi,url,https://katzerath.com,#phishing,https://twitter.com/ecarlesi/status/1542309241326895105
2022-06-30 00:49:13,ecarlesi,url,http://aide-ameli.net,#phishing,https://twitter.com/ecarlesi/status/1542309246443847680
2022-06-30 00:49:16,ecarlesi,url,https://kntware.net,#phishing,https://twitter.com/ecarlesi/status/1542309258359934977
2022-06-30 00:50:56,ecarlesi,url,http://superpersonal.info/,#phishing,https://twitter.com/ecarlesi/status/1542309679187066880
2022-06-30 00:58:00,jstrosch,url,https://irradiatebangladesh.com/ws/se/s/,#phishing,https://twitter.com/jstrosch/status/1542311457123074048
2022-06-30 00:58:11,harugasumi,url,https://aeogfbgb.umbev1.top/jp,#phishing,https://twitter.com/harugasumi/status/1542311503814336512
2022-06-30 00:59:44,ecarlesi,url,http://bestgssh.xyz/,#phishing,https://twitter.com/ecarlesi/status/1542311893393702913
2022-06-30 00:59:58,ecarlesi,url,https://bestgssh.xyz/,#phishing,https://twitter.com/ecarlesi/status/1542311948834017283
2022-06-30 01:00:05,ecarlesi,url,https://bestgssh.xyz/_wildcard_/,#phishing,https://twitter.com/ecarlesi/status/1542311980609961986
2022-06-30 01:00:15,ecarlesi,url,https://bestgssh.xyz/_wildcard_/cgi-bin/,#phishing,https://twitter.com/ecarlesi/status/1542312022087450626
2022-06-30 01:02:14,harugasumi,url,https://connect-au-login.updateajp.club,#phishing,https://twitter.com/harugasumi/status/1542312521214074882
2022-06-30 01:04:41,romonlyht,ip,194.32.127.40,#phishing,https://twitter.com/romonlyht/status/1542313138443649024
2022-06-30 01:04:41,romonlyht,ip,217.194.133.130,#phishing,https://twitter.com/romonlyht/status/1542313138443649024
2022-06-30 01:04:41,romonlyht,url,https://nkh-sc.cafine.cn/,#phishing,https://twitter.com/romonlyht/status/1542313138443649024
2022-06-30 01:05:07,AP_Zenmashi,url,https://ghfdv.bbymfst.cn,#phishing,https://twitter.com/AP_Zenmashi/status/1542313248732508160
2022-06-30 01:05:55,AP_Zenmashi,ip,104.198.116.158,#phishing,https://twitter.com/AP_Zenmashi/status/1542313448926617600
2022-06-30 01:05:55,AP_Zenmashi,url,https://amazon.eivfpz.top,#phishing,https://twitter.com/AP_Zenmashi/status/1542313448926617600
2022-06-30 01:11:52,ecarlesi,url,http://rbfcu-acctservices.org/,#phishing,https://twitter.com/ecarlesi/status/1542314946658181126
2022-06-30 01:11:56,jstrosch,url,https://positiveventuresmn.com/leo/,#phishing,https://twitter.com/jstrosch/status/1542314962504253440
2022-06-30 01:17:46,ecarlesi,url,http://digital-dcu.org/protection/,#phishing,https://twitter.com/ecarlesi/status/1542316428983881728
2022-06-30 01:17:52,KesaGataMe0,url,https://uc.ukiuylg.com/,#phishing,https://twitter.com/KesaGataMe0/status/1542316456486256640
2022-06-30 01:20:14,romonlyht,ip,202.61.177.132,#phishing,https://twitter.com/romonlyht/status/1542317050164838400
2022-06-30 01:20:14,romonlyht,ip,172.245.142.108,#phishing,https://twitter.com/romonlyht/status/1542317050164838400
2022-06-30 01:20:14,romonlyht,url,https://www.eki-ofingoe-svipe.info/,#phishing,https://twitter.com/romonlyht/status/1542317050164838400
2022-06-30 01:21:21,romonlyht,ip,107.173.156.5,#phishing,https://twitter.com/romonlyht/status/1542317334068883456
2022-06-30 01:21:21,romonlyht,url,https://www.noteki-kenteo-vips.info/,#phishing,https://twitter.com/romonlyht/status/1542317334068883456
2022-06-30 01:21:21,romonlyht,ip,202.61.177.131,#phishing,https://twitter.com/romonlyht/status/1542317334068883456
2022-06-30 01:22:07,romonlyht,ip,198.55.106.254,#phishing,https://twitter.com/romonlyht/status/1542317523659800577
2022-06-30 01:22:07,romonlyht,ip,192.227.194.88,#phishing,https://twitter.com/romonlyht/status/1542317523659800577
2022-06-30 01:23:48,ecarlesi,url,http://correosspn.biz,#phishing,https://twitter.com/ecarlesi/status/1542317950635773952
2022-06-30 01:24:22,voldimmoral,url,http://146.70.79.52/thoseaboutcan.dat,#ransomware,https://twitter.com/voldimmoral/status/1542318092302311425
2022-06-30 01:24:22,voldimmoral,ip,146.70.79.52,#ransomware,https://twitter.com/voldimmoral/status/1542318092302311425
2022-06-30 01:26:02,KesaGataMe0,ip,155.94.201.238,#phishing,https://twitter.com/KesaGataMe0/status/1542318509610647552
2022-06-30 01:26:02,KesaGataMe0,url,https://ekl-inet1.click,#phishing,https://twitter.com/KesaGataMe0/status/1542318509610647552
2022-06-30 01:26:02,KesaGataMe0,url,https://ekl-inet1.info,#phishing,https://twitter.com/KesaGataMe0/status/1542318509610647552
2022-06-30 01:27:03,ecarlesi,url,http://correosspn.org,#phishing,https://twitter.com/ecarlesi/status/1542318765895188480
2022-06-30 01:27:48,drb_ra,ip,43.129.158.31,#CobaltStrike,https://twitter.com/drb_ra/status/1542318955326570498
2022-06-30 01:27:55,ecarlesi,url,http://resortoilservices.life/name/,#phishing,https://twitter.com/ecarlesi/status/1542318985693351938
2022-06-30 01:27:55,ecarlesi,url,http://robottesting.life/networ%27/,#phishing,https://twitter.com/ecarlesi/status/1542318986003619846
2022-06-30 01:28:03,drb_ra,ip,3.95.81.131,#CobaltStrike,https://twitter.com/drb_ra/status/1542319019746893829
2022-06-30 01:28:31,drb_ra,ip,27.124.45.186,#CobaltStrike,https://twitter.com/drb_ra/status/1542319137380306946
2022-06-30 01:28:31,drb_ra,ip,27.124.45.179,#CobaltStrike,https://twitter.com/drb_ra/status/1542319137380306946
2022-06-30 01:29:06,ecarlesi,url,http://robottesting.life/clickk.zip,#phishing,https://twitter.com/ecarlesi/status/1542319284319289345
2022-06-30 01:29:07,ecarlesi,url,https://shibacase.site,#phishing,https://twitter.com/ecarlesi/status/1542319286164901891
2022-06-30 01:29:14,drb_ra,ip,103.39.228.186,#CobaltStrike,https://twitter.com/drb_ra/status/1542319314602164226
2022-06-30 01:29:19,ecarlesi,url,http://resortoilservices.life/clickk.zip,#phishing,https://twitter.com/ecarlesi/status/1542319338425835522
2022-06-30 01:29:29,ecarlesi,url,http://srnakzl-srcweb.link,#phishing,https://twitter.com/ecarlesi/status/1542319377256775688
2022-06-30 01:29:32,ecarlesi,url,http://vlaebjp-webscr.link,#phishing,https://twitter.com/ecarlesi/status/1542319390561124352
2022-06-30 01:29:48,drb_ra,ip,42.192.125.103,#CobaltStrike,https://twitter.com/drb_ra/status/1542319460111073280
2022-06-30 01:29:59,ecarlesi,url,http://xwiyxsu.link,#phishing,https://twitter.com/ecarlesi/status/1542319503022989313
2022-06-30 01:30:33,drb_ra,ip,23.227.196.113,#CobaltStrike,https://twitter.com/drb_ra/status/1542319648842055681
2022-06-30 01:30:43,ecarlesi,url,http://9mt67.site/,#phishing,https://twitter.com/ecarlesi/status/1542319690940284929
2022-06-30 01:31:03,drb_ra,ip,194.87.197.209,#CobaltStrike,https://twitter.com/drb_ra/status/1542319771705905152
2022-06-30 01:31:17,ecarlesi,url,http://9mt67.site/login.php?online_id=9420c075367e1de5ad5f97764&amp;country=&amp;iso=,#phishing,https://twitter.com/ecarlesi/status/1542319832938553344
2022-06-30 01:31:20,drb_ra,ip,44.241.1.166,#CobaltStrike,https://twitter.com/drb_ra/status/1542319845181636613
2022-06-30 01:31:52,drb_ra,ip,101.33.238.166,#CobaltStrike,https://twitter.com/drb_ra/status/1542319978900344833
2022-06-30 01:32:13,drb_ra,ip,110.43.140.168,#CobaltStrike,https://twitter.com/drb_ra/status/1542320065835581441
2022-06-30 01:32:39,ecarlesi,url,http://changhong.buzz,#phishing,https://twitter.com/ecarlesi/status/1542320175453700097
2022-06-30 01:32:45,drb_ra,ip,62.113.254.117,#CobaltStrike,https://twitter.com/drb_ra/status/1542320201068589058
2022-06-30 01:33:06,KesaGataMe0,url,https://www.eki-ofngokoe-svipe.info,#phishing,https://twitter.com/KesaGataMe0/status/1542320287399952384
2022-06-30 01:33:06,KesaGataMe0,url,https://www.eki-ofingoe-vipso.info,#phishing,https://twitter.com/KesaGataMe0/status/1542320287399952384
2022-06-30 01:33:06,KesaGataMe0,url,https://www.eki-ofingte-vipso.info,#phishing,https://twitter.com/KesaGataMe0/status/1542320287399952384
2022-06-30 01:33:06,KesaGataMe0,url,https://www.eki-ofingoe-svipe.info,#phishing,https://twitter.com/KesaGataMe0/status/1542320287399952384
2022-06-30 01:33:09,drb_ra,ip,124.222.244.249,#CobaltStrike,https://twitter.com/drb_ra/status/1542320303312982016
2022-06-30 01:35:05,ecarlesi,url,https://xunhua.life/apk/xunhuan.apk,#malware,https://twitter.com/ecarlesi/status/1542320789105643521
2022-06-30 01:35:33,AP_Zenmashi,url,https://amazon-jp.world,#phishing,https://twitter.com/AP_Zenmashi/status/1542320904512098305
2022-06-30 01:35:33,AP_Zenmashi,ip,198.55.102.150,#phishing,https://twitter.com/AP_Zenmashi/status/1542320904512098305
2022-06-30 01:35:59,ecarlesi,url,http://in.market/239867-main-3.4.zip,#phishing,https://twitter.com/ecarlesi/status/1542321015459545088
2022-06-30 01:36:01,ecarlesi,url,http://jldzsus-srcweb.link,#phishing,https://twitter.com/ecarlesi/status/1542321024162824193
2022-06-30 01:36:04,AP_Zenmashi,url,https://muwvvbq.ga,#phishing,https://twitter.com/AP_Zenmashi/status/1542321033650520065
2022-06-30 01:36:04,AP_Zenmashi,ip,172.67.156.75,#phishing,https://twitter.com/AP_Zenmashi/status/1542321033650520065
2022-06-30 01:36:23,ecarlesi,url,https://mt1zttb02.site/,#phishing,https://twitter.com/ecarlesi/status/1542321115120508933
2022-06-30 01:36:27,ecarlesi,url,http://oilchangerequirede.life/clickk/,#phishing,https://twitter.com/ecarlesi/status/1542321131939659777
2022-06-30 01:36:31,ecarlesi,url,http://singleserverdi.life/clickk/,#phishing,https://twitter.com/ecarlesi/status/1542321150155522049
2022-06-30 01:36:38,ecarlesi,url,http://oilchangerequirede.life/clickk.zip,#phishing,https://twitter.com/ecarlesi/status/1542321177670172679
2022-06-30 01:36:39,ecarlesi,url,https://mt1zttb02.site/login.php?online_id=05770915c5886a2bac7e1b843&amp;country=&amp;iso=,#phishing,https://twitter.com/ecarlesi/status/1542321182422302720
2022-06-30 01:36:51,AP_Zenmashi,url,https://amazom.somob-user.info,#phishing,https://twitter.com/AP_Zenmashi/status/1542321231424237568
2022-06-30 01:36:51,AP_Zenmashi,ip,208.115.245.86,#phishing,https://twitter.com/AP_Zenmashi/status/1542321231424237568
2022-06-30 01:37:00,ecarlesi,url,http://nnhknaq-webscr.link,#phishing,https://twitter.com/ecarlesi/status/1542321269466710017
2022-06-30 01:37:41,AP_Zenmashi,url,https://amazom.somod-user.info,#phishing,https://twitter.com/AP_Zenmashi/status/1542321440782921729
2022-06-30 01:38:31,AP_Zenmashi,url,https://www.amazon.co.jp.asofurgk.com,#phishing,https://twitter.com/AP_Zenmashi/status/1542321651765112833
2022-06-30 01:38:31,AP_Zenmashi,ip,155.94.184.119,#phishing,https://twitter.com/AP_Zenmashi/status/1542321651765112833
2022-06-30 01:39:24,AP_Zenmashi,url,https://www.amazon.co.jp.sryurdng.com,#phishing,https://twitter.com/AP_Zenmashi/status/1542321874914660353
2022-06-30 01:40:19,AP_Zenmashi,url,https://www.amazon.co.jp.eorguarkd.com,#phishing,https://twitter.com/AP_Zenmashi/status/1542322106670919680
2022-06-30 01:41:10,AP_Zenmashi,url,https://www.amazon.co.jp.adjrgiaie.com,#phishing,https://twitter.com/AP_Zenmashi/status/1542322319263031296
2022-06-30 01:41:50,ecarlesi,url,http://eitazlr-webscr.link,#phishing,https://twitter.com/ecarlesi/status/1542322486817193986
2022-06-30 01:41:59,AP_Zenmashi,url,https://www.amazon.co.jp.asagohr.com,#phishing,https://twitter.com/AP_Zenmashi/status/1542322525765775360
2022-06-30 01:42:52,AP_Zenmashi,url,https://www.amazon.co.jp.dognaura.com,#phishing,https://twitter.com/AP_Zenmashi/status/1542322744921968640
2022-06-30 01:43:14,ecarlesi,url,http://singleserverdi.life/clickk.zip,#phishing,https://twitter.com/ecarlesi/status/1542322839864344578
2022-06-30 01:43:18,ecarlesi,url,http://domainsnewlife.life/clickk/,#phishing,https://twitter.com/ecarlesi/status/1542322856037679104
2022-06-30 01:43:18,ecarlesi,url,http://hostingsecurityname.life/clickk/,#phishing,https://twitter.com/ecarlesi/status/1542322855848935430
2022-06-30 01:43:30,AP_Zenmashi,url,https://dsgbvj.ozhbvnj.cn,#phishing,https://twitter.com/AP_Zenmashi/status/1542322904456581120
2022-06-30 01:44:07,AP_Zenmashi,url,https://gfdvcd.hjibpgx.cn,#phishing,https://twitter.com/AP_Zenmashi/status/1542323060099149824
2022-06-30 01:48:56,pingineer_jp,url,http://18.181.181.174/,#phishing #scam,https://twitter.com/pingineer_jp/status/1542324273670688768
2022-06-30 01:48:56,pingineer_jp,ip,18.181.181.174,#phishing #scam,https://twitter.com/pingineer_jp/status/1542324273670688768
2022-06-30 01:49:04,ecarlesi,url,http://hostingsecurityname.life/clickk.zip,#phishing,https://twitter.com/ecarlesi/status/1542324307904401411
2022-06-30 01:49:08,ecarlesi,url,http://domainsnewlife.life/clickk.zip,#phishing,https://twitter.com/ecarlesi/status/1542324324815757313
2022-06-30 01:51:59,pingineer_jp,url,https://ammozn.kdichut.cn/,#phishing #scam,https://twitter.com/pingineer_jp/status/1542325042977345536
2022-06-30 01:51:59,pingineer_jp,url,https://www.priceacademics.com/,#phishing #scam,https://twitter.com/pingineer_jp/status/1542325042977345536
2022-06-30 01:51:59,pingineer_jp,url,https://www.jackaldeals.com/,#phishing #scam,https://twitter.com/pingineer_jp/status/1542325042977345536
2022-06-30 01:51:59,pingineer_jp,url,https://annzon.co.ip.art-musik.com/,#phishing #scam,https://twitter.com/pingineer_jp/status/1542325042977345536
2022-06-30 01:53:00,CardanoPhishing,ip,198.252.108.35,#phishing #scam,https://twitter.com/CardanoPhishing/status/1542325296510140420
2022-06-30 01:53:00,CardanoPhishing,domain,ada-event.gifts,#phishing #scam,https://twitter.com/CardanoPhishing/status/1542325296510140420
2022-06-30 01:53:38,pingineer_jp,url,https://onamae.kikuya1961.com/,#phishing #scam,https://twitter.com/pingineer_jp/status/1542325456393113600
2022-06-30 01:54:30,pingineer_jp,url,https://sign-in-info.osteoism.thhbjn1268gfews.top/,#phishing #scam,https://twitter.com/pingineer_jp/status/1542325676086525952
2022-06-30 01:54:30,pingineer_jp,url,https://aipluoeu2sil.vip/,#phishing #scam,https://twitter.com/pingineer_jp/status/1542325676086525952
2022-06-30 01:55:53,pingineer_jp,url,https://onamae.ipdenwa.co.jp/,#phishing #scam,https://twitter.com/pingineer_jp/status/1542326021533614080
2022-06-30 01:56:33,pingineer_jp,url,https://www.myjcb.fmkvllg.cn/,#phishing #scam,https://twitter.com/pingineer_jp/status/1542326190891241472
2022-06-30 01:57:15,pingineer_jp,url,https://quartz.ur797.cn/,#phishing #scam,https://twitter.com/pingineer_jp/status/1542326368163479552
2022-06-30 01:58:07,pingineer_jp,url,https://www.rakuten-card.jp.nnjsdf.com/,#phishing #scam,https://twitter.com/pingineer_jp/status/1542326584778301440
2022-06-30 01:58:45,pingineer_jp,url,https://www.mobilesuica.jpg-co.top/,#phishing #scam,https://twitter.com/pingineer_jp/status/1542326745093009408
2022-06-30 02:00:03,HeliosCert,sha256,0e5318177e5064542b508e2a7a7b0872545bc1607e821d6d716357231513b083,#malware,https://twitter.com/HeliosCert/status/1542327071581544451
2022-06-30 02:00:03,HeliosCert,ip,94.29.124.50,#malware,https://twitter.com/HeliosCert/status/1542327071581544451
2022-06-30 02:05:49,AP_Zenmashi,url,https://kjgvcs.tnstlxc.cn,#phishing,https://twitter.com/AP_Zenmashi/status/1542328520994500608
2022-06-30 02:06:22,AP_Zenmashi,ip,104.21.40.186,#phishing,https://twitter.com/AP_Zenmashi/status/1542328662380642305
2022-06-30 02:06:27,KesaGataMe0,url,https://hh99313.com,#phishing,https://twitter.com/KesaGataMe0/status/1542328682131652608
2022-06-30 02:07:21,ecarlesi,url,http://myiccuhelpdesk.info/home/,#phishing,https://twitter.com/ecarlesi/status/1542328906845458436
2022-06-30 02:09:18,ecarlesi,url,http://c0t1zn.info/,#phishing,https://twitter.com/ecarlesi/status/1542329399835561990
2022-06-30 02:10:04,romonlyht,ip,107.174.115.219,#phishing,https://twitter.com/romonlyht/status/1542329590454300672
2022-06-30 02:10:04,romonlyht,ip,1.192.188.255,#phishing,https://twitter.com/romonlyht/status/1542329590454300672
2022-06-30 02:10:04,romonlyht,url,https://rqyhjcxva41hjk.shop/,#phishing,https://twitter.com/romonlyht/status/1542329590454300672
2022-06-30 02:10:48,ecarlesi,url,https://c0t1zn.info/,#phishing,https://twitter.com/ecarlesi/status/1542329775016091649
2022-06-30 02:11:29,romonlyht,url,https://adrs.vip/index.php?t=f46f202c16c9ea3296653867e986434fbe9ec5b666bafdea8e211f73721deaa5,#phishing,https://twitter.com/romonlyht/status/1542329947809005569
2022-06-30 02:11:29,romonlyht,ip,192.227.194.106,#phishing,https://twitter.com/romonlyht/status/1542329947809005569
2022-06-30 02:11:29,romonlyht,sha256,f46f202c16c9ea3296653867e986434fbe9ec5b666bafdea8e211f73721deaa5,#phishing,https://twitter.com/romonlyht/status/1542329947809005569
2022-06-30 02:11:29,romonlyht,url,https://adrs.vip/jp,#phishing,https://twitter.com/romonlyht/status/1542329947809005569
2022-06-30 02:11:29,romonlyht,ip,106.75.225.180,#phishing,https://twitter.com/romonlyht/status/1542329947809005569
2022-06-30 02:12:13,romonlyht,ip,192.3.113.62,#phishing,https://twitter.com/romonlyht/status/1542330133310480384
2022-06-30 02:12:13,romonlyht,url,https://tuqykj1451.shop/,#phishing,https://twitter.com/romonlyht/status/1542330133310480384
2022-06-30 02:12:13,romonlyht,ip,125.74.197.165,#phishing,https://twitter.com/romonlyht/status/1542330133310480384
2022-06-30 02:12:58,romonlyht,ip,219.153.97.36,#phishing,https://twitter.com/romonlyht/status/1542330320963633157
2022-06-30 02:12:58,romonlyht,url,https://rqgoyvjkfg31.shop/,#phishing,https://twitter.com/romonlyht/status/1542330320963633157
2022-06-30 02:13:01,ecarlesi,url,http://fifththird-secu.info/auth/,#phishing,https://twitter.com/ecarlesi/status/1542330335639343104
2022-06-30 02:13:01,ecarlesi,url,http://api-ssteam.net,#phishing,https://twitter.com/ecarlesi/status/1542330333877641216
2022-06-30 02:13:09,ecarlesi,url,http://wallet-info.xyz/paxful.zip,#phishing,https://twitter.com/ecarlesi/status/1542330367939690497
2022-06-30 02:13:38,romonlyht,ip,106.58.214.131,#phishing,https://twitter.com/romonlyht/status/1542330488475766784
2022-06-30 02:13:38,romonlyht,url,https://quviao3kvd.shop/,#phishing,https://twitter.com/romonlyht/status/1542330488475766784
2022-06-30 02:14:40,ecarlesi,url,http://rdfqwca-cgiapp.link,#phishing,https://twitter.com/ecarlesi/status/1542330750120468480
2022-06-30 02:15:58,romonlyht,url,https://fenghuanzx.vip/jp,#phishing,https://twitter.com/romonlyht/status/1542331078446546944
2022-06-30 02:15:58,romonlyht,ip,106.75.136.202,#phishing,https://twitter.com/romonlyht/status/1542331078446546944
2022-06-30 02:16:49,romonlyht,ip,175.6.69.121,#phishing,https://twitter.com/romonlyht/status/1542331292096036864
2022-06-30 02:16:49,romonlyht,url,https://fliawekjv3yui.shop/,#phishing,https://twitter.com/romonlyht/status/1542331292096036864
2022-06-30 02:24:42,ecarlesi,url,https://authm0bilebofa.online,#phishing,https://twitter.com/ecarlesi/status/1542333274906845186
2022-06-30 02:25:04,HeliosCert,ip,122.224.69.169,#malware,https://twitter.com/HeliosCert/status/1542333365390557191
2022-06-30 02:25:04,HeliosCert,sha256,19215ef29eaefd036c09480b73af71ded418c5ba5144058ee3993507be409474,#malware,https://twitter.com/HeliosCert/status/1542333365390557191
2022-06-30 02:26:13,ecarlesi,url,http://borondogift.online/olimpo.zip,#phishing,https://twitter.com/ecarlesi/status/1542333657356144640
2022-06-30 02:26:50,ecarlesi,url,https://usmail-delivery.info/usps%20(2).zip,#phishing,https://twitter.com/ecarlesi/status/1542333812713062402
2022-06-30 02:29:05,ecarlesi,url,http://redright.online/creator/,#phishing,https://twitter.com/ecarlesi/status/1542334376662425602
2022-06-30 02:29:09,ecarlesi,url,http://tarporterfold.online/naem/,#phishing,https://twitter.com/ecarlesi/status/1542334395503230977
2022-06-30 02:30:21,ecarlesi,url,http://tarporterfold.online/clickk.zip,#phishing,https://twitter.com/ecarlesi/status/1542334695844847616
2022-06-30 02:30:28,ecarlesi,url,https://teamherder.online/clickk.zip,#phishing,https://twitter.com/ecarlesi/status/1542334727608229890
2022-06-30 02:35:09,ecarlesi,url,http://dahang.vip/flash%20player.rar,#malware,https://twitter.com/ecarlesi/status/1542335904987111425
2022-06-30 02:37:48,ecarlesi,url,http://redright.online/clickk.zip,#phishing,https://twitter.com/ecarlesi/status/1542336572950994944
2022-06-30 02:58:44,ecarlesi,url,http://cartevital-am.com,#phishing,https://twitter.com/ecarlesi/status/1542341840678027264
2022-06-30 03:03:42,harugasumi,url,https://eki-nzt.com.personal.jgmm.com.cn/,#phishing,https://twitter.com/harugasumi/status/1542343090933223429
2022-06-30 03:04:41,AP_Zenmashi,ip,45.81.5.197,#phishing,https://twitter.com/AP_Zenmashi/status/1542343338053222400
2022-06-30 03:04:49,ecarlesi,url,http://mailsecjp.biz/mandt/,#phishing,https://twitter.com/ecarlesi/status/1542343369736785921
2022-06-30 03:05:30,AP_Zenmashi,ip,209.141.44.114,#phishing,https://twitter.com/AP_Zenmashi/status/1542343544118996992
2022-06-30 03:05:30,AP_Zenmashi,url,https://eeqxcgh.co.jp.rdstna.top,#phishing,https://twitter.com/AP_Zenmashi/status/1542343544118996992
2022-06-30 03:06:14,N3utralZ0ne,domain,carismortht.com,#IcedID,https://twitter.com/N3utralZ0ne/status/1542343727888207873
2022-06-30 03:07:39,AP_Zenmashi,url,https://eki-ofingoe-vipso.info,#phishing,https://twitter.com/AP_Zenmashi/status/1542344083909226496
2022-06-30 03:08:11,AP_Zenmashi,url,https://eki-ofingoe-svipe.info,#phishing,https://twitter.com/AP_Zenmashi/status/1542344218244698114
2022-06-30 03:12:00,ecarlesi,url,https://09mtbo2.site/,#phishing,https://twitter.com/ecarlesi/status/1542345178261983237
2022-06-30 03:12:00,ecarlesi,url,http://09mtbo3.site/,#phishing,https://twitter.com/ecarlesi/status/1542345176361877509
2022-06-30 03:12:14,ecarlesi,url,http://09mtbo3.site/login.php?online_id=908002f2d363301133929f281&amp;country=&amp;iso=,#phishing,https://twitter.com/ecarlesi/status/1542345237628129280
2022-06-30 03:12:32,ecarlesi,url,https://09mtbo2.site/login.php?online_id=67e1fad51aed25151c0a94104&amp;country=&amp;iso=,#phishing,https://twitter.com/ecarlesi/status/1542345313180172289
2022-06-30 03:12:52,ecarlesi,url,http://develop-sites.info/thebryangroup.zip,#phishing,https://twitter.com/ecarlesi/status/1542345398207057924
2022-06-30 03:16:06,ecarlesi,url,https://kiruaa.xyz/files/daddy.exe,#malware,https://twitter.com/ecarlesi/status/1542346211360997378
2022-06-30 03:25:43,harugasumi,url,https://amarcouu.ltzhuye.cn,#phishing,https://twitter.com/harugasumi/status/1542348631336189952
2022-06-30 03:27:09,harugasumi,url,https://www.priceacademics.com/jp,#phishing,https://twitter.com/harugasumi/status/1542348992042127360
2022-06-30 03:32:11,ecarlesi,url,http://zed-run.farm,#phishing,https://twitter.com/ecarlesi/status/1542350258398715905
2022-06-30 03:35:07,AP_Zenmashi,ip,103.41.65.194,#phishing,https://twitter.com/AP_Zenmashi/status/1542350994964881408
2022-06-30 03:35:07,AP_Zenmashi,url,https://www.mobilesuica.ag-co.top,#phishing,https://twitter.com/AP_Zenmashi/status/1542350994964881408
2022-06-30 03:35:43,AP_Zenmashi,url,https://www.mobilesuica.og-co.top,#phishing,https://twitter.com/AP_Zenmashi/status/1542351146387668992
2022-06-30 03:36:27,AP_Zenmashi,url,https://kjubv.fuuxcwi.cn,#phishing,https://twitter.com/AP_Zenmashi/status/1542351330832191489
2022-06-30 03:36:27,AP_Zenmashi,ip,204.44.85.102,#phishing,https://twitter.com/AP_Zenmashi/status/1542351330832191489
2022-06-30 03:37:20,AP_Zenmashi,url,https://og-co.top,#phishing,https://twitter.com/AP_Zenmashi/status/1542351552144637954
2022-06-30 03:37:30,PhishStats,ip,149.18.50.184,#phishing,https://twitter.com/PhishStats/status/1542351595551211523
2022-06-30 03:37:30,PhishStats,url,http://marupiaraipl.com.br/,#phishing,https://twitter.com/PhishStats/status/1542351595551211523
2022-06-30 03:40:04,HeliosCert,ip,200.125.109.218,#malware,https://twitter.com/HeliosCert/status/1542352241054605312
2022-06-30 03:40:04,HeliosCert,sha256,36d22be4f499f9e806a1435fc9b4b20a01f1026d601b15fb8c96b0bf4a59dc0c,#malware,https://twitter.com/HeliosCert/status/1542352241054605312
2022-06-30 03:45:39,drb_ra,ip,120.24.213.174,#CobaltStrike,https://twitter.com/drb_ra/status/1542353645689249792
2022-06-30 03:50:30,ecarlesi,url,https://kilosierratees.com,#phishing,https://twitter.com/ecarlesi/status/1542354866437226499
2022-06-30 04:05:08,AP_Zenmashi,url,https://amazon.mhetqa.top,#phishing,https://twitter.com/AP_Zenmashi/status/1542358548554063872
2022-06-30 04:09:23,ecarlesi,url,http://lyti.online,#phishing,https://twitter.com/ecarlesi/status/1542359617598066689
2022-06-30 04:24:51,dubstard,url,https://mainnetnode.online,#phishing #scam,https://twitter.com/dubstard/status/1542363511350861824
2022-06-30 04:24:51,dubstard,ip,76.76.21.241,#phishing #scam,https://twitter.com/dubstard/status/1542363511350861824
2022-06-30 04:30:04,HeliosCert,ip,177.8.164.99,#malware,https://twitter.com/HeliosCert/status/1542364823387881473
2022-06-30 04:30:04,HeliosCert,sha256,f0f72100ebad7749ed8f04d3c9adc6e8acc30891bfb1f1efc84856b13db32436,#malware,https://twitter.com/HeliosCert/status/1542364823387881473
2022-06-30 04:31:18,harugasumi,url,https://vaqioag.cn,#phishing,https://twitter.com/harugasumi/status/1542365136325062657
2022-06-30 04:35:08,AP_Zenmashi,url,https://kljhcvd.mlldamx.cn,#phishing,https://twitter.com/AP_Zenmashi/status/1542366097210753024
2022-06-30 04:50:55,ecarlesi,url,https://soubicrcmp.com,#phishing,https://twitter.com/ecarlesi/status/1542370071221239808
2022-06-30 05:05:02,HeliosCert,ip,91.193.178.45,#malware,https://twitter.com/HeliosCert/status/1542373622018449410
2022-06-30 05:05:02,HeliosCert,sha256,bfbe6832e0b757a558daaa9ff3f71da36f92259977038aefd38f1f7345b3a885,#malware,https://twitter.com/HeliosCert/status/1542373622018449410
2022-06-30 05:09:03,MalwarePatrol,md5,88307c2247bc244730bd2684e6c10c8b,#phishing,https://twitter.com/MalwarePatrol/status/1542374632669515776
2022-06-30 05:09:03,MalwarePatrol,url,http://masharif.com.sa/wp-admin/images/ofiice/88307c2247bc244730bd2684e6c10c8b/login.php,#phishing,https://twitter.com/MalwarePatrol/status/1542374632669515776
2022-06-30 05:16:59,ecarlesi,url,https://de-legitimation-00630.xyz/de/kontrolle/volks/,#phishing,https://twitter.com/ecarlesi/status/1542376632341733376
2022-06-30 05:20:56,ecarlesi,url,http://chunhai.net,#phishing,https://twitter.com/ecarlesi/status/1542377624743337993
2022-06-30 05:22:25,ecarlesi,url,https://de-legitimation-00600.xyz/de/kontrolle/volks/,#phishing,https://twitter.com/ecarlesi/status/1542377997298188291
2022-06-30 05:27:55,ecarlesi,url,http://daguanglvye.net,#phishing,https://twitter.com/ecarlesi/status/1542379381930213376
2022-06-30 05:30:43,ecarlesi,url,https://de-legitimation-00620.xyz/de/kontrolle/volks/,#phishing,https://twitter.com/ecarlesi/status/1542380089274515459
2022-06-30 05:35:26,AP_Zenmashi,url,https://amazon.yfqrkv.top,#phishing,https://twitter.com/AP_Zenmashi/status/1542381274635325440
2022-06-30 05:36:15,AP_Zenmashi,url,https://vaqioag.cn?login?link_id=cojp_head_myj_login,#phishing,https://twitter.com/AP_Zenmashi/status/1542381481003470848
2022-06-30 05:36:15,AP_Zenmashi,ip,104.21.95.94,#phishing,https://twitter.com/AP_Zenmashi/status/1542381481003470848
2022-06-30 05:36:35,ecarlesi,url,http://xwdz.net,#phishing,https://twitter.com/ecarlesi/status/1542381562288869376
2022-06-30 05:43:05,ecarlesi,url,http://jbsk.net,#phishing,https://twitter.com/ecarlesi/status/1542383198403010563
2022-06-30 05:44:53,ecarlesi,url,http://jh999.net,#phishing,https://twitter.com/ecarlesi/status/1542383654210600960
2022-06-30 05:44:55,ecarlesi,url,https://usmaildelivers.site/usps%20(2).zip,#phishing,https://twitter.com/ecarlesi/status/1542383659470159874
2022-06-30 05:45:10,ecarlesi,url,http://jmdz.net,#phishing,https://twitter.com/ecarlesi/status/1542383722527350785
2022-06-30 05:45:56,phishunt_io,ip,188.114.96.3,#phishing #scam,https://twitter.com/phishunt_io/status/1542383917235408897
2022-06-30 05:45:56,phishunt_io,url,https://fe3.microsoft-outlook-update.workers.dev/,#phishing #scam,https://twitter.com/phishunt_io/status/1542383917235408897
2022-06-30 05:46:43,ReBensk,md5,800b391918bac99844dba6e72d58621a,#malware,https://twitter.com/ReBensk/status/1542384114489167872
2022-06-30 05:48:36,ReBensk,md5,39a2905b2b22814bba52aa1b705462f0,#malware,https://twitter.com/ReBensk/status/1542384588621615104
2022-06-30 05:49:34,ReBensk,md5,f3de3f363384f83e779e59835d6f926f,#malware,https://twitter.com/ReBensk/status/1542384831539007490
2022-06-30 05:50:04,HeliosCert,sha256,c76d819defa53d95e79e73181a3579a1b501f61a5cce1b4cb8cb9695023b25ba,#malware,https://twitter.com/HeliosCert/status/1542384956046983168
2022-06-30 06:00:15,scamadviser,domain,creditverify.ca,#scam,https://twitter.com/scamadviser/status/1542387521346502657
2022-06-30 06:06:52,ecarlesi,url,http://biopc.net,#phishing,https://twitter.com/ecarlesi/status/1542389182663909379
2022-06-30 06:08:51,ecarlesi,url,http://keesler-fcu.org/,#phishing,https://twitter.com/ecarlesi/status/1542389684839632900
2022-06-30 06:24:04,KesaGataMe0,url,https://svcnppe.cn,#phishing,https://twitter.com/KesaGataMe0/status/1542393514465841152
2022-06-30 06:26:28,KesaGataMe0,url,https://www.account-oroico-co-jp.dzfyuos.cn,#phishing,https://twitter.com/KesaGataMe0/status/1542394119175421952
2022-06-30 06:26:28,KesaGataMe0,ip,85.204.116.134,#phishing,https://twitter.com/KesaGataMe0/status/1542394119175421952
2022-06-30 06:34:39,AP_Zenmashi,url,https://www.ergdxc.jiedzfz.cn,#phishing,https://twitter.com/AP_Zenmashi/status/1542396174631436288
2022-06-30 06:34:43,PhishStats,url,http://1494124.xyz/,#phishing,https://twitter.com/PhishStats/status/1542396192843251713
2022-06-30 06:34:43,PhishStats,ip,45.207.58.246,#phishing,https://twitter.com/PhishStats/status/1542396192843251713
2022-06-30 06:35:17,ecarlesi,url,http://ppcq.net,#phishing,https://twitter.com/ecarlesi/status/1542396335482998784
2022-06-30 06:38:12,jamiet147,url,https://zdjfjfhcbx.weeblysite.com,#phishing,https://twitter.com/jamiet147/status/1542397069083742208
2022-06-30 06:41:04,ecarlesi,url,http://134dy.com,#phishing,https://twitter.com/ecarlesi/status/1542397790688612352
2022-06-30 07:02:36,JAMESWT_MHT,url,https://servizi-rinnovo.me,#phishing #scam,https://twitter.com/JAMESWT_MHT/status/1542403211616817152
2022-06-30 07:04:58,AP_Zenmashi,url,https://uytfrf.tmwmfvu.cn,#phishing,https://twitter.com/AP_Zenmashi/status/1542403806407032832
2022-06-30 07:06:15,AP_Zenmashi,url,https://manod-user.info,#phishing,https://twitter.com/AP_Zenmashi/status/1542404131021033472
2022-06-30 07:07:04,AP_Zenmashi,url,https://manoc-user.info,#phishing,https://twitter.com/AP_Zenmashi/status/1542404336588029952
2022-06-30 07:07:58,AP_Zenmashi,url,https://manob-user.info,#phishing,https://twitter.com/AP_Zenmashi/status/1542404561520177152
2022-06-30 07:08:51,AP_Zenmashi,url,https://monoe-user.info,#phishing,https://twitter.com/AP_Zenmashi/status/1542404784686497792
2022-06-30 07:09:37,AP_Zenmashi,url,https://manoa-user.info,#phishing,https://twitter.com/AP_Zenmashi/status/1542404978207502336
2022-06-30 07:10:29,ecarlesi,url,http://93462.net,#phishing,https://twitter.com/ecarlesi/status/1542405195694575621
2022-06-30 07:10:44,AP_Zenmashi,url,https://jp-yy.top,#phishing,https://twitter.com/AP_Zenmashi/status/1542405256386334720
2022-06-30 07:11:40,Cryptolaemus1,url,https://aysbody.com/catalog/flj6ikcntawfo85/,,https://twitter.com/Cryptolaemus1/status/1542405490801803264
2022-06-30 07:11:40,Cryptolaemus1,url,https://fikti.bem.gunadarma.ac.id/sdm/wc256xn/,,https://twitter.com/Cryptolaemus1/status/1542405491917090816
2022-06-30 07:11:40,Cryptolaemus1,url,https://www.happyakrz.com/css/g4w1rdi/,,https://twitter.com/Cryptolaemus1/status/1542405490801803264
2022-06-30 07:11:40,Cryptolaemus1,url,https://hepsisifa.com/wp-content/t0kkneolvf/,,https://twitter.com/Cryptolaemus1/status/1542405490801803264
2022-06-30 07:12:31,illegalFawn,url,https://authenticnote.com,,https://twitter.com/illegalFawn/status/1542405705105276929
2022-06-30 07:20:48,ecarlesi,url,http://tusuper-vielleencasa.xyz/,#phishing,https://twitter.com/ecarlesi/status/1542407789473062913
2022-06-30 07:22:58,ecarlesi,url,https://de-legitimation-00610.xyz/de/kontrolle/volks/,#phishing,https://twitter.com/ecarlesi/status/1542408334288080896
2022-06-30 07:37:26,illegalFawn,url,https://latifaworkshop.com/karakul.php,#phishing,https://twitter.com/illegalFawn/status/1542411977686908928
2022-06-30 07:40:00,oliver_martin22,ip,63.250.43.136,#phishing,https://twitter.com/oliver_martin22/status/1542412621290299392
2022-06-30 07:42:10,ecarlesi,url,https://updating-myinfo.com/,#phishing,https://twitter.com/ecarlesi/status/1542413167229378560
2022-06-30 07:45:25,ecarlesi,url,https://uplanedflow.com/neto.zip,#phishing,https://twitter.com/ecarlesi/status/1542413987320659968
2022-06-30 07:51:57,KesaGataMe0,url,https://hfbfd.vx7ao00.cn,#phishing,https://twitter.com/KesaGataMe0/status/1542415629420199936
2022-06-30 07:51:57,KesaGataMe0,url,https://hfgsa.uxf80gr.cn,#phishing,https://twitter.com/KesaGataMe0/status/1542415629420199936
2022-06-30 07:51:57,KesaGataMe0,url,https://kjghcv.yzwrqmf.cn,#phishing,https://twitter.com/KesaGataMe0/status/1542415629420199936
2022-06-30 07:51:57,KesaGataMe0,url,https://kghvc.mnzgdwc.cn,#phishing,https://twitter.com/KesaGataMe0/status/1542415629420199936
2022-06-30 07:51:57,KesaGataMe0,ip,155.94.182.90,#phishing,https://twitter.com/KesaGataMe0/status/1542415629420199936
2022-06-30 07:51:57,KesaGataMe0,url,https://kjghv.dbqtydp.cn,#phishing,https://twitter.com/KesaGataMe0/status/1542415629420199936
2022-06-30 07:51:57,KesaGataMe0,url,https://hgfsc.zhdvpow.cn,#phishing,https://twitter.com/KesaGataMe0/status/1542415629420199936
2022-06-30 07:51:57,KesaGataMe0,url,https://fdscv.ypowuie.cn,#phishing,https://twitter.com/KesaGataMe0/status/1542415629420199936
2022-06-30 07:53:41,ecarlesi,url,http://redi-netfiixfact.com,#phishing,https://twitter.com/ecarlesi/status/1542416067657711617
2022-06-30 07:58:37,ecarlesi,url,https://bestdiscountedcoupons.com/,#phishing,https://twitter.com/ecarlesi/status/1542417308051800064
2022-06-30 08:02:32,ecarlesi,url,https://redirecttomeplease.com/original/,#phishing,https://twitter.com/ecarlesi/status/1542418294254309377
2022-06-30 08:05:25,AP_Zenmashi,ip,155.94.129.66,#phishing,https://twitter.com/AP_Zenmashi/status/1542419016781705217
2022-06-30 08:05:25,AP_Zenmashi,url,https://www.mobiekiazxcukl.datsumoumatome.com,#phishing,https://twitter.com/AP_Zenmashi/status/1542419016781705217
2022-06-30 08:06:13,ecarlesi,url,http://bhs-bd.com/brothers.zip,#phishing,https://twitter.com/ecarlesi/status/1542419219110838272
2022-06-30 08:06:18,AP_Zenmashi,url,https://jpg-co.top,#phishing,https://twitter.com/AP_Zenmashi/status/1542419239364984833
2022-06-30 08:06:51,AP_Zenmashi,url,https://www.mobilesuica.jpg-co.top,#phishing,https://twitter.com/AP_Zenmashi/status/1542419379861671937
2022-06-30 08:07:30,AP_Zenmashi,url,https://hgfcvd.krcpygi.cn,#phishing,https://twitter.com/AP_Zenmashi/status/1542419543129485312
2022-06-30 08:08:06,AP_Zenmashi,url,https://jhgbvf.yvjwydq.cn,#phishing,https://twitter.com/AP_Zenmashi/status/1542419695894405120
2022-06-30 08:08:43,AP_Zenmashi,url,https://jfghd.qlvpdwo.cn,#phishing,https://twitter.com/AP_Zenmashi/status/1542419848650969088
2022-06-30 08:09:12,ecarlesi,url,https://activatekeysetup.online/setup-key-us.zip,#phishing,https://twitter.com/ecarlesi/status/1542419971199885314
2022-06-30 08:11:18,ecarlesi,url,http://nbg-particulier-idwites.com/service/id.zip,#phishing,https://twitter.com/ecarlesi/status/1542420498646274050
2022-06-30 08:13:30,ecarlesi,url,https://resolve-mt.com/m&amp;t/,#phishing,https://twitter.com/ecarlesi/status/1542421053762322432
2022-06-30 08:14:36,ecarlesi,url,https://revoke-added-access.com/,#phishing,https://twitter.com/ecarlesi/status/1542421330041229312
2022-06-30 08:15:41,KesaGataMe0,url,https://okoc.vip,#phishing,https://twitter.com/KesaGataMe0/status/1542421600481705986
2022-06-30 08:15:41,KesaGataMe0,url,https://okua.vip,#phishing,https://twitter.com/KesaGataMe0/status/1542421600481705986
2022-06-30 08:15:41,KesaGataMe0,url,https://okzi.vip,#phishing,https://twitter.com/KesaGataMe0/status/1542421600481705986
2022-06-30 08:15:41,KesaGataMe0,url,https://okzs.vip,#phishing,https://twitter.com/KesaGataMe0/status/1542421600481705986
2022-06-30 08:15:41,KesaGataMe0,url,https://okrc.vip,#phishing,https://twitter.com/KesaGataMe0/status/1542421600481705986
2022-06-30 08:15:41,KesaGataMe0,url,https://okur.vip,#phishing,https://twitter.com/KesaGataMe0/status/1542421600481705986
2022-06-30 08:15:41,KesaGataMe0,url,https://okug.vip,#phishing,https://twitter.com/KesaGataMe0/status/1542421600481705986
2022-06-30 08:15:41,KesaGataMe0,url,https://okzc.vip,#phishing,https://twitter.com/KesaGataMe0/status/1542421600481705986
2022-06-30 08:15:41,KesaGataMe0,url,https://okus.vip,#phishing,https://twitter.com/KesaGataMe0/status/1542421600481705986
2022-06-30 08:15:41,KesaGataMe0,ip,27.124.12.32,#phishing,https://twitter.com/KesaGataMe0/status/1542421600481705986
2022-06-30 08:15:41,KesaGataMe0,url,https://okuv.vip,#phishing,https://twitter.com/KesaGataMe0/status/1542421600481705986
2022-06-30 08:15:41,KesaGataMe0,url,https://okzv.vip,#phishing,https://twitter.com/KesaGataMe0/status/1542421600481705986
2022-06-30 08:15:41,KesaGataMe0,url,https://okcz.vip,#phishing,https://twitter.com/KesaGataMe0/status/1542421600481705986
2022-06-30 08:15:41,KesaGataMe0,url,https://okzn.vip,#phishing,https://twitter.com/KesaGataMe0/status/1542421600481705986
2022-06-30 08:15:41,KesaGataMe0,url,https://okzm.vip,#phishing,https://twitter.com/KesaGataMe0/status/1542421600481705986
2022-06-30 08:15:50,dubstard,url,https://user.bayclys.aimerstrade.com,,https://twitter.com/dubstard/status/1542421641040371712
2022-06-30 08:15:50,dubstard,url,https://indextrade24.ibrgb.com,,https://twitter.com/dubstard/status/1542421641040371712
2022-06-30 08:15:50,dubstard,url,https://247globalfx.trade,,https://twitter.com/dubstard/status/1542421641040371712
2022-06-30 08:15:50,dubstard,ip,68.65.122.160,,https://twitter.com/dubstard/status/1542421641040371712
2022-06-30 08:15:50,dubstard,url,https://e-postbank.bg.ditsecure.com,,https://twitter.com/dubstard/status/1542421641040371712
2022-06-30 08:15:50,dubstard,url,https://online-rbb-bg-direct.ditsecure.com,,https://twitter.com/dubstard/status/1542421641040371712
2022-06-30 08:16:17,ecarlesi,url,http://bnk09.com,#phishing,https://twitter.com/ecarlesi/status/1542421752260792320
2022-06-30 08:17:03,ecarlesi,url,https://revoke-added-access.com/login.php,#phishing,https://twitter.com/ecarlesi/status/1542421946951933952
2022-06-30 08:17:15,ecarlesi,url,https://resolve-mt.com/m&amp;t/login.php?online_id=ef3f271c7dd49d7ff1b54af47&amp;country=&amp;iso=,#phishing,https://twitter.com/ecarlesi/status/1542421997447249920
2022-06-30 08:17:19,ecarlesi,url,http://rigadon.com/wordpress-6.0-fa_ir.zip,#phishing,https://twitter.com/ecarlesi/status/1542422012181811201
2022-06-30 08:17:47,dubstard,url,https://vbuckgen.cc,,https://twitter.com/dubstard/status/1542422129483943938
2022-06-30 08:17:47,dubstard,url,https://saveukrainelifes.com,,https://twitter.com/dubstard/status/1542422129483943938
2022-06-30 08:17:47,dubstard,url,https://bitgoldencoins.com,,https://twitter.com/dubstard/status/1542422129483943938
2022-06-30 08:17:47,dubstard,url,https://supportukraineinvasion.ibrgb.com,,https://twitter.com/dubstard/status/1542422129483943938
2022-06-30 08:20:30,ecarlesi,url,http://fushanbay.com,#phishing,https://twitter.com/ecarlesi/status/1542422816011714561
2022-06-30 08:24:52,Cryptolaemus1,url,https://www.hayalkatibi.com/catalog/pjix6sffnbnwfmuu8m/,,https://twitter.com/Cryptolaemus1/status/1542423912080089088
2022-06-30 08:32:06,ecarlesi,url,https://newpayee-unverified-au.com/,#phishing,https://twitter.com/ecarlesi/status/1542425732013604868
2022-06-30 08:33:14,ecarlesi,url,http://jydahong.com,#phishing,https://twitter.com/ecarlesi/status/1542426018199257088
2022-06-30 08:34:49,AP_Zenmashi,url,https://www.micocard-jp.esxyoy.top,#phishing,https://twitter.com/AP_Zenmashi/status/1542426416322854912
2022-06-30 08:35:20,ecarlesi,url,https://certify-form.com/,#phishing,https://twitter.com/ecarlesi/status/1542426548439064578
2022-06-30 08:35:25,AP_Zenmashi,url,https://www.micocard-jp.lvcatn.top,#phishing,https://twitter.com/AP_Zenmashi/status/1542426568349593600
2022-06-30 08:36:01,AP_Zenmashi,url,https://www.micocard-jp.folxcw.top,#phishing,https://twitter.com/AP_Zenmashi/status/1542426719801720833
2022-06-30 08:36:43,AP_Zenmashi,url,https://www.micocard-jp.sjqwuz.top,#phishing,https://twitter.com/AP_Zenmashi/status/1542426896969105408
2022-06-30 08:37:21,AP_Zenmashi,url,https://www.micocard-jp.ezsxtu.top,#phishing,https://twitter.com/AP_Zenmashi/status/1542427055278915585
2022-06-30 08:37:57,AP_Zenmashi,url,https://www.mobilesuica.jpa-co.top,#phishing,https://twitter.com/AP_Zenmashi/status/1542427207922257921
2022-06-30 08:38:33,AP_Zenmashi,url,https://www.mobilesuica.jpo-co.top,#phishing,https://twitter.com/AP_Zenmashi/status/1542427355981160449
2022-06-30 08:46:31,JAMESWT_MHT,url,https://rinnovo-servizi.info/,#phishing #scam,https://twitter.com/JAMESWT_MHT/status/1542429361030270980
2022-06-30 08:46:41,ecarlesi,url,http://khqwryasfjljasfb.com,#phishing,https://twitter.com/ecarlesi/status/1542429405657563136
2022-06-30 08:52:07,JAMESWT_MHT,url,https://www.aruba-pec-fattura.com/,#phishing #scam,https://twitter.com/JAMESWT_MHT/status/1542430773038518273
2022-06-30 08:56:20,drb_ra,ip,193.123.254.223,#CobaltStrike,https://twitter.com/drb_ra/status/1542431834042146816
2022-06-30 08:56:42,drb_ra,ip,37.72.172.100,#CobaltStrike,https://twitter.com/drb_ra/status/1542431925381566464
2022-06-30 08:58:50,ecarlesi,url,https://ofmybestsss.com/,#phishing,https://twitter.com/ecarlesi/status/1542432462323728384
2022-06-30 09:00:07,ecarlesi,url,http://kuwang123.com,#phishing,https://twitter.com/ecarlesi/status/1542432785713041408
2022-06-30 09:00:17,ecarlesi,url,http://online-loginwebapp.com/aib/,#phishing,https://twitter.com/ecarlesi/status/1542432825143697409
2022-06-30 09:02:11,ecarlesi,url,https://gaskalsoejdser.com/,#phishing,https://twitter.com/ecarlesi/status/1542433302530908167
2022-06-30 09:03:42,KesaGataMe0,ip,199.195.248.209,#phishing,https://twitter.com/KesaGataMe0/status/1542433685106216961
2022-06-30 09:05:08,pingineer_jp,url,https://www.learnhtml.cf/webmail.earth-core.jp2/w/,#phishing #scam,https://twitter.com/pingineer_jp/status/1542434046374191104
2022-06-30 09:05:08,pingineer_jp,url,https://learnhtml.cf/webmail.earth-core.jp2/w/,#phishing #scam,https://twitter.com/pingineer_jp/status/1542434046374191104
2022-06-30 09:05:36,ecarlesi,url,http://online-loginwebapp.com/aib/alert.php,#phishing,https://twitter.com/ecarlesi/status/1542434164548550657
2022-06-30 09:05:42,ecarlesi,url,https://lasozassurance.com,#phishing,https://twitter.com/ecarlesi/status/1542434189726912513
2022-06-30 09:05:50,AP_Zenmashi,url,https://jpo-co.top,#phishing,https://twitter.com/AP_Zenmashi/status/1542434223100899328
2022-06-30 09:06:37,AP_Zenmashi,url,https://ag-co.top,#phishing,https://twitter.com/AP_Zenmashi/status/1542434421282058241
2022-06-30 09:07:24,AP_Zenmashi,url,https://jpa-co.top,#phishing,https://twitter.com/AP_Zenmashi/status/1542434617428692992
2022-06-30 09:07:59,AP_Zenmashi,ip,149.57.140.169,#phishing,https://twitter.com/AP_Zenmashi/status/1542434764720058368
2022-06-30 09:07:59,AP_Zenmashi,url,https://apouielsoll.vip,#phishing,https://twitter.com/AP_Zenmashi/status/1542434764720058368
2022-06-30 09:08:37,AP_Zenmashi,url,https://jfgcv.grmftqu.cn,#phishing,https://twitter.com/AP_Zenmashi/status/1542434922383626240
2022-06-30 09:09:21,AP_Zenmashi,url,https://fgdscx.xhynysc.cn,#phishing,https://twitter.com/AP_Zenmashi/status/1542435107407110144
2022-06-30 09:10:09,AP_Zenmashi,url,https://fdrsvc.wiatzzj.cn,#phishing,https://twitter.com/AP_Zenmashi/status/1542435309274558465
2022-06-30 09:10:47,AP_Zenmashi,url,https://kjghc.yubmcuh.cn,#phishing,https://twitter.com/AP_Zenmashi/status/1542435468029366272
2022-06-30 09:12:00,AP_Zenmashi,url,https://hgfsd.qbwmfao.cn,#phishing,https://twitter.com/AP_Zenmashi/status/1542435775471448064
2022-06-30 09:13:11,AP_Zenmashi,url,https://jfghcv.unjv99f.cn,#phishing,https://twitter.com/AP_Zenmashi/status/1542436073908736001
2022-06-30 09:13:48,AP_Zenmashi,url,https://jfghx.yufhgnk.cn,#phishing,https://twitter.com/AP_Zenmashi/status/1542436229169369088
2022-06-30 09:14:01,ecarlesi,url,https://secr-mthelp.com/m&amp;t/,#phishing,https://twitter.com/ecarlesi/status/1542436281581461504
2022-06-30 09:14:27,AP_Zenmashi,url,https://gfdcx.rqtpwbe.cn,#phishing,https://twitter.com/AP_Zenmashi/status/1542436393288613888
2022-06-30 09:15:47,ecarlesi,url,http://dydx-exchanger.com,#phishing,https://twitter.com/ecarlesi/status/1542436728513896449
2022-06-30 09:17:20,ecarlesi,url,http://aibsecured.com/,#phishing,https://twitter.com/ecarlesi/status/1542437117590003712
2022-06-30 09:17:40,AP_Zenmashi,url,https://gfdjgh.x55g1yf.cn,#phishing,https://twitter.com/AP_Zenmashi/status/1542437200364576768
2022-06-30 09:22:44,ecarlesi,url,https://secr-mthelp.com/m&amp;t/login.php?online_id=05a9820ad3c6d02d882f7481e&amp;country=&amp;iso=,#phishing,https://twitter.com/ecarlesi/status/1542438476863397888
2022-06-30 09:23:13,ecarlesi,url,https://mob-aib.com/,#phishing,https://twitter.com/ecarlesi/status/1542438597831401473
2022-06-30 09:23:17,ecarlesi,url,http://aib-assistportal.com/,#phishing,https://twitter.com/ecarlesi/status/1542438614088425472
2022-06-30 09:26:25,ecarlesi,url,https://mob-aib.com/alert.php,#phishing,https://twitter.com/ecarlesi/status/1542439401053200387
2022-06-30 09:30:14,JAMESWT_MHT,url,https://pagamentohostingit.serveirc.com/aruba/,#phishing #scam,https://twitter.com/JAMESWT_MHT/status/1542440363755020291
2022-06-30 09:32:45,ecarlesi,url,https://aib-assistportal.com/,#phishing,https://twitter.com/ecarlesi/status/1542440998852345863
2022-06-30 09:34:26,ecarlesi,url,http://rescheduleonlineau.com/,#phishing,https://twitter.com/ecarlesi/status/1542441420820209664
2022-06-30 09:34:47,AP_Zenmashi,ip,209.141.51.134,#phishing,https://twitter.com/AP_Zenmashi/status/1542441507315404801
2022-06-30 09:34:47,AP_Zenmashi,url,https://miicarrid.co.jp.sdsfsee.top,#phishing,https://twitter.com/AP_Zenmashi/status/1542441507315404801
2022-06-30 09:36:46,ecarlesi,url,http://aibsecured.com/alert.php,#phishing,https://twitter.com/ecarlesi/status/1542442008559878144
2022-06-30 09:36:52,ecarlesi,url,http://zctfz.fun,#phishing,https://twitter.com/ecarlesi/status/1542442031095902210
2022-06-30 09:37:49,ecarlesi,url,https://ofmybestsss.com/_wildcard_/,#phishing,https://twitter.com/ecarlesi/status/1542442273861943296
2022-06-30 09:39:42,ecarlesi,url,https://online-loginwebapp.com/aib/,#phishing,https://twitter.com/ecarlesi/status/1542442747398848513
2022-06-30 09:41:05,ecarlesi,url,https://everworldwidelogistics.com/frightcargo.zip,#phishing,https://twitter.com/ecarlesi/status/1542443094657961984
2022-06-30 09:43:06,ecarlesi,url,https://online-loginwebapp.com/aib/alert.php,#phishing,https://twitter.com/ecarlesi/status/1542443599622815745
2022-06-30 09:47:05,phishunt_io,url,https://scottiabank.link/,#phishing #scam,https://twitter.com/phishunt_io/status/1542444602078158849
2022-06-30 09:47:05,phishunt_io,ip,172.67.149.10,#phishing #scam,https://twitter.com/phishunt_io/status/1542444602078158849
2022-06-30 09:47:20,ecarlesi,url,http://rescheduleonlineau.com/_wildcard_/,#phishing,https://twitter.com/ecarlesi/status/1542444665282125825
2022-06-30 09:50:07,ecarlesi,url,https://ofmybestsss.com/_wildcard_/cgi-bin/,#phishing,https://twitter.com/ecarlesi/status/1542445366448214016
2022-06-30 10:01:23,ecarlesi,url,https://postoffice-collection-unit.com/,#phishing,https://twitter.com/ecarlesi/status/1542448203966156800
2022-06-30 10:05:30,AP_Zenmashi,url,https://okze.vip,#phishing,https://twitter.com/AP_Zenmashi/status/1542449240332713985
2022-06-30 10:05:59,AP_Zenmashi,url,https://okzr.vip,#phishing,https://twitter.com/AP_Zenmashi/status/1542449362076282880
2022-06-30 10:08:53,ecarlesi,url,http://arkana-design.com/wordpress-4.2.10.zip,#phishing,https://twitter.com/ecarlesi/status/1542450091612667904
2022-06-30 10:09:03,MalwarePatrol,url,http://atowalletconnect.tax/,#phishing,https://twitter.com/MalwarePatrol/status/1542450132469301250
2022-06-30 10:09:55,500mk500,domain,edou.me,,https://twitter.com/500mk500/status/1542450348224282624
2022-06-30 10:10:32,ecarlesi,url,http://arkana-design.com/wordpress-5.2.3.zip,#phishing,https://twitter.com/ecarlesi/status/1542450503480745985
2022-06-30 10:10:47,ecarlesi,url,http://app-access-device-decline.com/,#phishing,https://twitter.com/ecarlesi/status/1542450567137705987
2022-06-30 10:22:11,ecarlesi,url,http://app-access-device-decline.com/login.php,#phishing,https://twitter.com/ecarlesi/status/1542453436775555072
2022-06-30 10:26:54,kienbigmummy,md5,d9c38e7e28d8e29005fd44d5850aba24,,https://twitter.com/kienbigmummy/status/1542454625781321728
2022-06-30 10:26:54,kienbigmummy,md5,58461ef637edb4c156713b01539a11d1,,https://twitter.com/kienbigmummy/status/1542454625781321728
2022-06-30 10:53:02,Max_Mal_,ip,194.36.189.211,#Qakbot,https://twitter.com/Max_Mal_/status/1542461200797163522
2022-06-30 10:54:30,ecarlesi,url,http://renewal-pass-mynhs.com/,#phishing,https://twitter.com/ecarlesi/status/1542461569564647424
2022-06-30 10:57:27,ecarlesi,url,https://aviso-openbank-movil.com,#phishing,https://twitter.com/ecarlesi/status/1542462313701281792
2022-06-30 10:59:59,smica83,url,https://daunhotscope.com.vn/wp-admin/ad/aspx.php,#phishing,https://twitter.com/smica83/status/1542462948492410881
2022-06-30 10:59:59,smica83,url,https://tee-time.golf/wp-content/plugins/aiukrik/m/mkbssl/,#phishing,https://twitter.com/smica83/status/1542462948492410881
2022-06-30 11:04:34,AP_Zenmashi,url,https://www.micoadrio-jp.tgzjcbu.cn,#phishing,https://twitter.com/AP_Zenmashi/status/1542464102865707009
2022-06-30 11:05:13,AP_Zenmashi,url,https://www.micoadrio-jp.sizhijx.cn,#phishing,https://twitter.com/AP_Zenmashi/status/1542464266170957824
2022-06-30 11:05:47,AP_Zenmashi,url,https://www.micoadrio-jp.thgrmaz.cn,#phishing,https://twitter.com/AP_Zenmashi/status/1542464408810442754
2022-06-30 11:05:57,smica83,url,https://vinhomesgoldenavenue-mongcai.com/wp-admin/as/aspx.php,#phishing,https://twitter.com/smica83/status/1542464453131780096
2022-06-30 11:05:57,smica83,url,https://www.panoptikum.de/modules/mod_simplefileuploadv1.3/elements/m/mkbssl/,#phishing,https://twitter.com/smica83/status/1542464453131780096
2022-06-30 11:06:24,AP_Zenmashi,url,https://www.micoadrio-jp.tbfkblj.cn,#phishing,https://twitter.com/AP_Zenmashi/status/1542464566491197440
2022-06-30 11:06:59,AP_Zenmashi,url,https://www.micoadrio-jp.tgwcnlm.cn,#phishing,https://twitter.com/AP_Zenmashi/status/1542464709462749184
2022-06-30 11:10:19,TeamDreier,url,https://nemborger.net,#phishing,https://twitter.com/TeamDreier/status/1542465551385169921
2022-06-30 11:10:54,ecarlesi,url,http://monlienakzl.org,#phishing,https://twitter.com/ecarlesi/status/1542465696566747137
2022-06-30 11:16:47,ecarlesi,url,http://mon-colis-colissimo.com,#phishing,https://twitter.com/ecarlesi/status/1542467179727257603
2022-06-30 11:25:02,ecarlesi,url,http://enorhted.net/,#phishing,https://twitter.com/ecarlesi/status/1542469255975030785
2022-06-30 11:25:02,ecarlesi,url,http://cartevitalle-config.com,#phishing,https://twitter.com/ecarlesi/status/1542469255924305920
2022-06-30 11:27:40,harugasumi,url,https://www.easy-cdripper.com,#phishing,https://twitter.com/harugasumi/status/1542469915697102848
2022-06-30 11:36:55,ecarlesi,url,http://ameli-vitale-sante-info.com,#phishing,https://twitter.com/ecarlesi/status/1542472243858382854
2022-06-30 11:36:57,ecarlesi,url,http://ameii-espaceclient.com,#phishing,https://twitter.com/ecarlesi/status/1542472253270822912
2022-06-30 11:37:24,faisalusuf,sha256,4c3d85e7c49928af0f43623dcbed474a157ef50af3cba40b7fd7ac3fe3df2f15,,https://twitter.com/faisalusuf/status/1542472364671340544
2022-06-30 11:38:50,ecarlesi,url,http://juren9988.com,#phishing,https://twitter.com/ecarlesi/status/1542472727864434690
2022-06-30 11:38:56,ecarlesi,url,https://vpn-sync.com,#phishing,https://twitter.com/ecarlesi/status/1542472751096684545
2022-06-30 11:40:35,ecarlesi,url,https://enorhted.net/,#phishing,https://twitter.com/ecarlesi/status/1542473165653553153
2022-06-30 11:43:23,harugasumi,url,http://ama.bestproxy.us/,#phishing,https://twitter.com/harugasumi/status/1542473872511225856
2022-06-30 11:47:26,harugasumi,url,https://usps-com.duckdns.org/verification/,#phishing,https://twitter.com/harugasumi/status/1542474889625739264
2022-06-30 11:48:16,ecarlesi,url,https://fredom-biswapp.com,#phishing,https://twitter.com/ecarlesi/status/1542475101479866369
2022-06-30 11:49:47,ecarlesi,url,http://gaskalsoejdser.com/,#phishing,https://twitter.com/ecarlesi/status/1542475482939236353
2022-06-30 12:05:37,AP_Zenmashi,url,https://eki.net-login.uw7ly1xap.ga,#phishing,https://twitter.com/AP_Zenmashi/status/1542479467196469248
2022-06-30 12:05:37,AP_Zenmashi,ip,172.86.124.51,#phishing,https://twitter.com/AP_Zenmashi/status/1542479467196469248
2022-06-30 12:06:27,AP_Zenmashi,url,https://eki.net-login.o9zeitv11.ga,#phishing,https://twitter.com/AP_Zenmashi/status/1542479677457321984
2022-06-30 12:06:47,ecarlesi,url,http://verifiertokenmxt.com/m&amp;t/,#phishing,https://twitter.com/ecarlesi/status/1542479760785154048
2022-06-30 12:07:18,AP_Zenmashi,url,https://eki.net-login.rnc7vgyi1.ga,#phishing,https://twitter.com/AP_Zenmashi/status/1542479891404562432
2022-06-30 12:08:38,AP_Zenmashi,ip,155.94.133.20,#phishing,https://twitter.com/AP_Zenmashi/status/1542480227963908096
2022-06-30 12:08:38,AP_Zenmashi,url,https://kjhyu.rxkdgu.cn,#phishing,https://twitter.com/AP_Zenmashi/status/1542480227963908096
2022-06-30 12:11:56,ecarlesi,url,https://macreditvn.com,#phishing,https://twitter.com/ecarlesi/status/1542481057995526146
2022-06-30 12:16:03,BumbledBubble,url,https://metamask1.kred,#phishing,https://twitter.com/BumbledBubble/status/1542482092986097664
2022-06-30 12:19:54,BumbledBubble,url,https://metamaskbridge.org,#phishing,https://twitter.com/BumbledBubble/status/1542483060851195905
2022-06-30 12:24:30,BumbledBubble,url,https://metamasks-web.com,#phishing,https://twitter.com/BumbledBubble/status/1542484220102283268
2022-06-30 12:27:52,ecarlesi,url,http://borncrazymovie.com/,#phishing,https://twitter.com/ecarlesi/status/1542485066219040768
2022-06-30 12:28:03,ecarlesi,url,https://apps-logons-review.com/,#phishing,https://twitter.com/ecarlesi/status/1542485110565785606
2022-06-30 12:38:03,TeamDreier,url,https://loren.login.unde.me,#phishing,https://twitter.com/TeamDreier/status/1542487627416457216
2022-06-30 12:40:05,ecarlesi,url,http://keystinebank.com/codecanyon-33575024-viserbank-digital-banking-system.zip,#phishing,https://twitter.com/ecarlesi/status/1542488140832702466
2022-06-30 12:41:59,ecarlesi,url,http://unicaja-aviso-dispositivo.com,#phishing,https://twitter.com/ecarlesi/status/1542488618052231170
2022-06-30 12:48:51,PhishStats,url,http://ticket-opensea.com/,#phishing,https://twitter.com/PhishStats/status/1542490345631612932
2022-06-30 12:48:51,PhishStats,ip,174.138.182.157,#phishing,https://twitter.com/PhishStats/status/1542490345631612932
2022-06-30 12:59:21,ecarlesi,url,http://suspension-service.com,#phishing,https://twitter.com/ecarlesi/status/1542492988475117569
2022-06-30 12:59:39,yvesago,url,https://globalworld1-b1512a.ingress-baronn.ewp.live/12/12/12/m3tri-php/login.php?token=..,#phishing,https://twitter.com/yvesago/status/1542493065172209666
2022-06-30 13:02:24,drb_ra,ip,44.206.108.223,#CobaltStrike,https://twitter.com/drb_ra/status/1542493757819523073
2022-06-30 13:02:49,ecarlesi,url,http://lyzn.net,#phishing,https://twitter.com/ecarlesi/status/1542493860626038784
2022-06-30 13:02:57,drb_ra,ip,68.183.42.70,#CobaltStrike,https://twitter.com/drb_ra/status/1542493894134439937
2022-06-30 13:03:24,drb_ra,ip,8.142.103.106,#CobaltStrike,https://twitter.com/drb_ra/status/1542494010761175040
2022-06-30 13:03:54,drb_ra,ip,39.107.104.51,#CobaltStrike,https://twitter.com/drb_ra/status/1542494133167726593
2022-06-30 13:04:13,drb_ra,ip,1.116.123.104,#CobaltStrike,https://twitter.com/drb_ra/status/1542494216223342592
2022-06-30 13:04:40,ecarlesi,url,https://zudjueirtszhjaeyeu.com,#phishing,https://twitter.com/ecarlesi/status/1542494327057809409
2022-06-30 13:04:57,drb_ra,ip,144.34.184.96,#CobaltStrike,https://twitter.com/drb_ra/status/1542494400445554689
2022-06-30 13:05:19,drb_ra,ip,43.132.147.159,#CobaltStrike,https://twitter.com/drb_ra/status/1542494492263170048
2022-06-30 13:06:08,drb_ra,ip,173.82.206.220,#CobaltStrike,https://twitter.com/drb_ra/status/1542494696114634755
2022-06-30 13:08:30,drb_ra,ip,52.16.51.155,#CobaltStrike,https://twitter.com/drb_ra/status/1542495290812497923
2022-06-30 13:08:47,drb_ra,ip,134.19.178.212,#CobaltStrike,https://twitter.com/drb_ra/status/1542495365437456384
2022-06-30 13:17:04,ecarlesi,url,http://info-vitale-v3.com,#phishing,https://twitter.com/ecarlesi/status/1542497449729990656
2022-06-30 13:17:48,ecarlesi,url,https://member-processing.com,#phishing,https://twitter.com/ecarlesi/status/1542497634731950085
2022-06-30 13:21:26,ecarlesi,url,https://renouvellement-facturation.com,#phishing,https://twitter.com/ecarlesi/status/1542498544946450438
2022-06-30 13:26:22,ScamiBot,ip,104.18.15.196,#phishing #scam,https://twitter.com/ScamiBot/status/1542499788070993922
2022-06-30 13:27:45,ecarlesi,url,https://local-depot-trackinghelp.com/,#phishing,https://twitter.com/ecarlesi/status/1542500134553919489
2022-06-30 13:27:46,CsirtPost,url,https://trustluxembourg-reactivation.chatkurdu.net/carte,#phishing,https://twitter.com/CsirtPost/status/1542500142908985346
2022-06-30 13:33:23,ecarlesi,url,http://yaofudu.com,#phishing,https://twitter.com/ecarlesi/status/1542501552606154752
2022-06-30 13:35:04,AP_Zenmashi,url,https://amazon.fmwpgr.top,#phishing,https://twitter.com/AP_Zenmashi/status/1542501980031299584
2022-06-30 13:39:05,kubotaa3,url,https://au-pay-auoneo.juvcznh.cn/,#phishing,https://twitter.com/kubotaa3/status/1542502987998035968
2022-06-30 13:39:05,kubotaa3,url,https://au-pay-auoneo.mcaujje.cn/,#phishing,https://twitter.com/kubotaa3/status/1542502987998035968
2022-06-30 13:39:05,kubotaa3,url,https://bwut-au-pay.qhuzjzp.cn/,#phishing,https://twitter.com/kubotaa3/status/1542502987998035968
2022-06-30 13:39:05,kubotaa3,url,https://bwut-au-pay.nrgtrki.cn/,#phishing,https://twitter.com/kubotaa3/status/1542502987998035968
2022-06-30 13:39:05,kubotaa3,ip,155.94.184.222,#phishing,https://twitter.com/kubotaa3/status/1542502987998035968
2022-06-30 13:39:05,kubotaa3,url,https://remove-restrictions-jp.xmedvhz.cn/,#phishing,https://twitter.com/kubotaa3/status/1542502987998035968
2022-06-30 13:40:26,ecarlesi,url,https://unicaja-aviso-dispositivo.com,#phishing,https://twitter.com/ecarlesi/status/1542503330450006016
2022-06-30 13:41:55,CsirtPost,url,http://postlux-suivrecolis.suivrecolis-courrierpostlu.com/v2colis/lux/,#phishing,https://twitter.com/CsirtPost/status/1542503703428493323
2022-06-30 13:42:16,ecarlesi,url,https://blusmm.com,#phishing,https://twitter.com/ecarlesi/status/1542503788216406017
2022-06-30 13:42:31,JAMESWT_MHT,url,https://www.paga-id.com/,#phishing #scam,https://twitter.com/JAMESWT_MHT/status/1542503854889062402
2022-06-30 13:45:17,JAMESWT_MHT,url,https://www.paga-id.net/,#phishing #scam,https://twitter.com/JAMESWT_MHT/status/1542504551126671363
2022-06-30 13:45:56,ecarlesi,url,http://zudjueirtszhjaeyeu.com,#phishing,https://twitter.com/ecarlesi/status/1542504714121539589
2022-06-30 13:46:48,drb_ra,ip,107.174.158.5,#CobaltStrike,https://twitter.com/drb_ra/status/1542504929209643009
2022-06-30 13:49:28,drb_ra,ip,107.148.49.252,#CobaltStrike,https://twitter.com/drb_ra/status/1542505602160635906
2022-06-30 13:50:33,b3ard3dav3ng3r,ip,39.103.83.154,#CobaltStrike,https://twitter.com/b3ard3dav3ng3r/status/1542505874497077248
2022-06-30 13:50:33,b3ard3dav3ng3r,ip,3.3.1.1,#CobaltStrike,https://twitter.com/b3ard3dav3ng3r/status/1542505874497077248
2022-06-30 13:51:05,JAMESWT_MHT,url,https://online-bwbank.myddns.me/bw/myaccount/account.php?,#phishing,https://twitter.com/JAMESWT_MHT/status/1542506008496353280
2022-06-30 13:53:31,CsirtPost,url,http://colis-courrier-post.abonement-lesudlu.com/v2colis/lux/,#phishing,https://twitter.com/CsirtPost/status/1542506620793413640
2022-06-30 13:55:34,JAMESWT_MHT,url,https://ee-costomerestonia.tempurl.host/timyitaly/etimysk854/,#phishing,https://twitter.com/JAMESWT_MHT/status/1542507135585595398
2022-06-30 13:57:00,CsirtPost,url,https://kilimanjaro.com.au/wp-admin/user/-/,#phishing,https://twitter.com/CsirtPost/status/1542507496291545088
2022-06-30 14:00:02,sansecio,domain,tempeasy.net,,https://twitter.com/sansecio/status/1542508263064932352
2022-06-30 14:00:02,sansecio,url,https://s.tempeasy.net/cdn/map.js,,https://twitter.com/sansecio/status/1542508263064932352
2022-06-30 14:05:28,AP_Zenmashi,ip,155.94.144.10,#phishing,https://twitter.com/AP_Zenmashi/status/1542509630173360129
2022-06-30 14:05:28,AP_Zenmashi,url,https://rakuten-card.jp.slxzjs.com,#phishing,https://twitter.com/AP_Zenmashi/status/1542509630173360129
2022-06-30 14:08:55,PhantomXSec,domain,doodlesnftclaim.com,#phishing,https://twitter.com/PhantomXSec/status/1542510496502362113
2022-06-30 14:08:55,PhantomXSec,ip,34.194.149.67,#phishing,https://twitter.com/PhantomXSec/status/1542510496502362113
2022-06-30 14:11:55,ozuma5119,domain,yfrppg.cn,#phishing,https://twitter.com/ozuma5119/status/1542511253431930880
2022-06-30 14:11:55,ozuma5119,domain,tazkzbc.cn,#phishing,https://twitter.com/ozuma5119/status/1542511253431930880
2022-06-30 14:11:55,ozuma5119,domain,ftscrm.cn,#phishing,https://twitter.com/ozuma5119/status/1542511253431930880
2022-06-30 14:11:55,ozuma5119,url,https://idp.hnk.ro.jpaccountc5e1waf37eb1e7649536b3158dc143bf.fngrfus.cn/,#phishing,https://twitter.com/ozuma5119/status/1542511253431930880
2022-06-30 14:11:55,ozuma5119,ip,107.175.116.153,#phishing,https://twitter.com/ozuma5119/status/1542511253431930880
2022-06-30 14:11:55,ozuma5119,domain,dxscrm.cn,#phishing,https://twitter.com/ozuma5119/status/1542511253431930880
2022-06-30 14:27:59,idclickthat,url,https://login-gov.com/net/login.php,,https://twitter.com/idclickthat/status/1542515296195383296
2022-06-30 14:28:18,ecarlesi,url,https://denizv3yeniyilarabacekilisii.com/,#phishing,https://twitter.com/ecarlesi/status/1542515373924155392
2022-06-30 14:32:00,illegalFawn,url,https://2caxbnk.me/psd2,#phishing,https://twitter.com/illegalFawn/status/1542516304090767362
2022-06-30 14:36:04,AP_Zenmashi,url,https://ekl-inet1.autos,#phishing,https://twitter.com/AP_Zenmashi/status/1542517329623277570
2022-06-30 14:43:04,yvesago,url,https://2022-seller-api-00000000000-nnn.us-south.cf.appdomain.cloud/,#phishing,https://twitter.com/yvesago/status/1542519088697573377
2022-06-30 14:43:04,yvesago,ip,51.159.62.7,#phishing,https://twitter.com/yvesago/status/1542519088697573377
2022-06-30 14:43:33,ecarlesi,url,https://storephonenumber.com,#phishing,https://twitter.com/ecarlesi/status/1542519210915508226
2022-06-30 14:48:48,TeamDreier,url,https://edll.me,#phishing,https://twitter.com/TeamDreier/status/1542520534012899331
2022-06-30 14:48:48,TeamDreier,url,https://nerb.me,#phishing,https://twitter.com/TeamDreier/status/1542520534012899331
2022-06-30 14:48:48,TeamDreier,url,https://login.ezproxy.uniroma1.uvit.me,#phishing,https://twitter.com/TeamDreier/status/1542520534012899331
2022-06-30 14:48:48,TeamDreier,url,https://login.ezproxy.uniroma1.rnit.me,#phishing,https://twitter.com/TeamDreier/status/1542520534012899331
2022-06-30 14:48:48,TeamDreier,url,https://rnit.me,#phishing,https://twitter.com/TeamDreier/status/1542520534012899331
2022-06-30 14:48:48,TeamDreier,url,https://uvit.me,#phishing,https://twitter.com/TeamDreier/status/1542520534012899331
2022-06-30 15:00:01,idclickthat,url,https://uplinker-in.com,,https://twitter.com/idclickthat/status/1542523356158693377
2022-06-30 15:00:01,idclickthat,url,https://govs-claimant.online,,https://twitter.com/idclickthat/status/1542523356158693377
2022-06-30 15:00:01,idclickthat,url,https://uplinnks.link,,https://twitter.com/idclickthat/status/1542523356158693377
2022-06-30 15:00:01,idclickthat,url,https://uplinkinss.com/csslogon,,https://twitter.com/idclickthat/status/1542523356158693377
2022-06-30 15:00:01,idclickthat,url,https://uplinkzz.link,,https://twitter.com/idclickthat/status/1542523356158693377
2022-06-30 15:00:01,idclickthat,url,https://indianacss.us,,https://twitter.com/idclickthat/status/1542523356158693377
2022-06-30 15:00:01,idclickthat,url,https://claimant-workone.online,,https://twitter.com/idclickthat/status/1542523356158693377
2022-06-30 15:00:01,idclickthat,url,https://v-uplink.link,,https://twitter.com/idclickthat/status/1542523356158693377
2022-06-30 15:00:01,idclickthat,url,https://uplinks-id.com,,https://twitter.com/idclickthat/status/1542523356158693377
2022-06-30 15:05:08,AP_Zenmashi,url,https://eposcard.cyou,#phishing,https://twitter.com/AP_Zenmashi/status/1542524643869102080
2022-06-30 15:05:08,AP_Zenmashi,ip,208.90.122.133,#phishing,https://twitter.com/AP_Zenmashi/status/1542524643869102080
2022-06-30 15:05:59,AP_Zenmashi,url,https://www.eposcard.cyou,#phishing,https://twitter.com/AP_Zenmashi/status/1542524859313704962
2022-06-30 15:06:47,AP_Zenmashi,url,https://amazon.xibwcs.top,#phishing,https://twitter.com/AP_Zenmashi/status/1542525060841209856
2022-06-30 15:07:14,ecarlesi,url,https://arabianintegrity.xyz/invoice.zip,#phishing,https://twitter.com/ecarlesi/status/1542525172640411652
2022-06-30 15:07:44,AP_Zenmashi,url,https://amazom.somoc-user.info,#phishing,https://twitter.com/AP_Zenmashi/status/1542525298587373569
2022-06-30 15:08:18,StopMalvertisin,url,http://correios2.isa-geek.net/novidades/inspecionando.php,,https://twitter.com/StopMalvertisin/status/1542525440392577024
2022-06-30 15:08:18,StopMalvertisin,url,http://d4nin.duckdns.org/jli.tar,,https://twitter.com/StopMalvertisin/status/1542525440392577024
2022-06-30 15:08:18,StopMalvertisin,url,https://pastebin.com/raw/9sdf9pmj,,https://twitter.com/StopMalvertisin/status/1542525440392577024
2022-06-30 15:08:18,StopMalvertisin,domain,malhandofirme.duckdns.org,,https://twitter.com/StopMalvertisin/status/1542525440392577024
2022-06-30 15:09:03,MalwarePatrol,url,http://dwms-uat.vmicloud.com/,#phishing,https://twitter.com/MalwarePatrol/status/1542525628410433537
2022-06-30 15:13:41,ecarlesi,url,http://cancellation209.com/payee/,#phishing,https://twitter.com/ecarlesi/status/1542526794317803525
2022-06-30 15:14:22,PhantomXSec,domain,doodlesbucketauction.com,#phishing,https://twitter.com/PhantomXSec/status/1542526966997188613
2022-06-30 15:14:22,PhantomXSec,domain,doodlesbucket-app.com,#phishing,https://twitter.com/PhantomXSec/status/1542526966997188613
2022-06-30 15:14:22,PhantomXSec,domain,doodles-bucket.com,#phishing,https://twitter.com/PhantomXSec/status/1542526966997188613
2022-06-30 15:15:35,ecarlesi,url,https://mon-espace-clients.com,#phishing,https://twitter.com/ecarlesi/status/1542527275186278402
2022-06-30 15:18:28,ecarlesi,url,http://cancellation209.com/payee/login.php,#phishing,https://twitter.com/ecarlesi/status/1542528001149046784
2022-06-30 15:31:13,ecarlesi,url,https://wceyzcsserafim.site/clout%20smm%20panel%20script.zip,#phishing,https://twitter.com/ecarlesi/status/1542531208860540930
2022-06-30 15:36:11,PhishStats,ip,162.241.219.191,#phishing,https://twitter.com/PhishStats/status/1542532457878224896
2022-06-30 15:36:11,PhishStats,url,http://www.butyk.ae/,#phishing,https://twitter.com/PhishStats/status/1542532457878224896
2022-06-30 15:36:22,TeamDreier,ip,185.51.202.228,#phishing,https://twitter.com/TeamDreier/status/1542532506070794244
2022-06-30 15:36:22,TeamDreier,url,https://ciff.login.nerb.me,#phishing,https://twitter.com/TeamDreier/status/1542532506070794244
2022-06-30 15:38:49,JCyberSec_,url,https://crestmortgagebnk.com/,,https://twitter.com/JCyberSec_/status/1542533121664552960
2022-06-30 15:54:32,JCyberSec_,url,https://nhs.official-uk.com,,https://twitter.com/JCyberSec_/status/1542537077526519808
2022-06-30 16:08:51,ecarlesi,url,https://usccredits.com/live/,#phishing,https://twitter.com/ecarlesi/status/1542540677401174016
2022-06-30 16:10:53,JCyberSec_,url,https://icbcgas-return.com,#phishing,https://twitter.com/JCyberSec_/status/1542541189567713281
2022-06-30 16:11:17,Cryptolaemus1,url,http://civcraft.net/0nb225k3vjlujm/75nyicnqulfb/,,https://twitter.com/Cryptolaemus1/status/1542541291879182339
2022-06-30 16:11:17,Cryptolaemus1,url,http://guvenliksepeti.net/ygzz/wivf/,,https://twitter.com/Cryptolaemus1/status/1542541291879182339
2022-06-30 16:11:17,Cryptolaemus1,url,https://gumushaliyikama.com.tr/images/53k7vvuhrbl/,,https://twitter.com/Cryptolaemus1/status/1542541291879182339
2022-06-30 16:11:18,Cryptolaemus1,url,http://www.cicerosd.com/wp-includes/knc/,,https://twitter.com/Cryptolaemus1/status/1542541294328680452
2022-06-30 16:12:57,ecarlesi,url,https://espaceactive.com,#phishing,https://twitter.com/ecarlesi/status/1542541711892791299
2022-06-30 16:12:57,ecarlesi,url,https://espacecreditagricole.com,#phishing,https://twitter.com/ecarlesi/status/1542541711901171712
2022-06-30 16:14:16,ecarlesi,url,http://member-netfiixdk.com,#phishing,https://twitter.com/ecarlesi/status/1542542041510551552
2022-06-30 16:15:06,ecarlesi,url,https://usccredits.com/login/,#phishing,https://twitter.com/ecarlesi/status/1542542252127522823
2022-06-30 16:18:05,KesaGataMe0,url,https://remove-restrictions-jp.hucrm.cn,#phishing,https://twitter.com/KesaGataMe0/status/1542543002580549633
2022-06-30 16:18:05,KesaGataMe0,url,https://remove-restrictions-jp.ryxepeb.cn,#phishing,https://twitter.com/KesaGataMe0/status/1542543002580549633
2022-06-30 16:18:05,KesaGataMe0,url,https://remove-restrictions-jp.fmcrm.cn,#phishing,https://twitter.com/KesaGataMe0/status/1542543002580549633
2022-06-30 16:18:05,KesaGataMe0,url,https://remove-restrictions-jp.xmedvhz.cn,#phishing,https://twitter.com/KesaGataMe0/status/1542543002580549633
2022-06-30 16:18:49,JCyberSec_,url,https://aib-secured.com/login.php,,https://twitter.com/JCyberSec_/status/1542543185972547584
2022-06-30 16:22:17,500mk500,domain,login.ezproxy.uniroma1.uvit.me,,https://twitter.com/500mk500/status/1542544060950482945
2022-06-30 16:22:17,500mk500,domain,ciff.login.nerb.me,,https://twitter.com/500mk500/status/1542544060950482945
2022-06-30 16:22:17,500mk500,domain,edll.me,,https://twitter.com/500mk500/status/1542544060950482945
2022-06-30 16:22:17,500mk500,domain,login.ezproxy.uniroma1.rnit.me,,https://twitter.com/500mk500/status/1542544060950482945
2022-06-30 16:22:17,500mk500,domain,uvit.me,,https://twitter.com/500mk500/status/1542544060950482945
2022-06-30 16:22:17,500mk500,domain,rnit.me,,https://twitter.com/500mk500/status/1542544060950482945
2022-06-30 16:22:44,JCyberSec_,url,http://ncbjamfix.dns04.com/access.php,#phishing,https://twitter.com/JCyberSec_/status/1542544172414124034
2022-06-30 16:33:49,KesaGataMe0,ip,155.94.154.6,#phishing,https://twitter.com/KesaGataMe0/status/1542546960241963009
2022-06-30 16:33:49,KesaGataMe0,url,https://fdesvcx.qx2jg.cn,#phishing,https://twitter.com/KesaGataMe0/status/1542546960241963009
2022-06-30 16:33:49,KesaGataMe0,url,https://fdscx.yn5jc7.cn,#phishing,https://twitter.com/KesaGataMe0/status/1542546960241963009
2022-06-30 16:33:49,KesaGataMe0,url,https://fdcxzs.nxfizbu.cn,#phishing,https://twitter.com/KesaGataMe0/status/1542546960241963009
2022-06-30 16:33:49,KesaGataMe0,url,https://fdscvfd.owdcck.cn,#phishing,https://twitter.com/KesaGataMe0/status/1542546960241963009
2022-06-30 16:33:49,KesaGataMe0,url,https://fdfbgf.wymesf.cn,#phishing,https://twitter.com/KesaGataMe0/status/1542546960241963009
2022-06-30 16:33:49,KesaGataMe0,url,https://fdscxvfd.miisbbz.cn,#phishing,https://twitter.com/KesaGataMe0/status/1542546960241963009
2022-06-30 16:33:49,KesaGataMe0,url,https://fdscxv.lsrgviq.cn,#phishing,https://twitter.com/KesaGataMe0/status/1542546960241963009
2022-06-30 16:40:01,ecarlesi,url,https://usccredits.com/live/premier/day-to-day-banking/bank-account/index.html,#phishing,https://twitter.com/ecarlesi/status/1542548522041573378
2022-06-30 16:57:27,ecarlesi,url,http://mljellies.com,#phishing,https://twitter.com/ecarlesi/status/1542552908822155268
2022-06-30 16:58:53,phishunt_io,url,https://manage.santander.uk.user-836831.com/,#phishing #scam,https://twitter.com/phishunt_io/status/1542553268047515648
2022-06-30 16:58:53,phishunt_io,ip,47.88.16.84,#phishing #scam,https://twitter.com/phishunt_io/status/1542553268047515648
2022-06-30 17:08:33,ecarlesi,url,http://hiverianw.com/dosyalar.rar,#phishing,https://twitter.com/ecarlesi/status/1542555704577462273
2022-06-30 17:09:18,ecarlesi,url,https://hiverianw.com/dosyalar.rar,#phishing,https://twitter.com/ecarlesi/status/1542555889818865674
2022-06-30 17:18:35,ecarlesi,url,https://revoke-access-added.com/,#phishing,https://twitter.com/ecarlesi/status/1542558227405180928
2022-06-30 17:19:36,ecarlesi,url,https://cliagoe.com,#phishing,https://twitter.com/ecarlesi/status/1542558483144355840
2022-06-30 17:22:23,ecarlesi,url,https://usccredits.com/live/advance/index.html,#phishing,https://twitter.com/ecarlesi/status/1542559183102365697
2022-06-30 17:29:43,ecarlesi,url,http://steps-to-safety.com/,#phishing,https://twitter.com/ecarlesi/status/1542561028562640896
2022-06-30 17:30:43,ecarlesi,url,http://steps-to-safety.com/login.php,#phishing,https://twitter.com/ecarlesi/status/1542561282125086720
2022-06-30 17:35:47,c9lab_soc,domain,barclays-mail.com,#phishing #malware,https://twitter.com/c9lab_soc/status/1542562555365031936
2022-06-30 17:35:47,c9lab_soc,ip,94.130.54.183,#phishing #malware,https://twitter.com/c9lab_soc/status/1542562555365031936
2022-06-30 17:48:30,AP_Zenmashi,url,https://www.mobilesuica.in-co.top,#phishing,https://twitter.com/AP_Zenmashi/status/1542565755832500224
2022-06-30 17:49:19,AP_Zenmashi,url,https://www.mobilesuica.oi-co.top,#phishing,https://twitter.com/AP_Zenmashi/status/1542565960368160768
2022-06-30 17:50:11,AP_Zenmashi,url,https://miamidealfinder.com,#phishing,https://twitter.com/AP_Zenmashi/status/1542566180371972096
2022-06-30 17:50:11,AP_Zenmashi,ip,155.94.144.161,#phishing,https://twitter.com/AP_Zenmashi/status/1542566180371972096
2022-06-30 17:51:00,AP_Zenmashi,url,https://www.miamidealfinder.com,#phishing,https://twitter.com/AP_Zenmashi/status/1542566386958061568
2022-06-30 17:59:55,Patrici88706825,domain,1lnnch.com,#phishing #scam,https://twitter.com/Patrici88706825/status/1542568631397122049
2022-06-30 18:00:01,silentpush_labs,ip,52.203.0.36,#phishing,https://twitter.com/silentpush_labs/status/1542568655367438338
2022-06-30 18:00:01,silentpush_labs,domain,fitathome.ca,#phishing,https://twitter.com/silentpush_labs/status/1542568655367438338
2022-06-30 18:09:24,Patrici88706825,domain,trader-joe-xyz.com,#phishing #scam,https://twitter.com/Patrici88706825/status/1542571015913574401
2022-06-30 18:16:36,ecarlesi,url,http://myhz.net,#phishing,https://twitter.com/ecarlesi/status/1542572829555802112
2022-06-30 18:22:13,ecarlesi,url,https://ameli-connect.org,#phishing,https://twitter.com/ecarlesi/status/1542574242486788096
2022-06-30 18:26:24,ecarlesi,url,http://correosspn.com,#phishing,https://twitter.com/ecarlesi/status/1542575294229389314
2022-06-30 18:29:22,ecarlesi,url,http://zudjueirtshjaeyeu.com/,#phishing,https://twitter.com/ecarlesi/status/1542576042199638016
2022-06-30 18:31:43,PhishStats,url,http://artgamer97sh.com/,#phishing,https://twitter.com/PhishStats/status/1542576630362677251
2022-06-30 18:31:43,PhishStats,ip,172.94.88.89,#phishing,https://twitter.com/PhishStats/status/1542576630362677251
2022-06-30 18:32:15,AP_Zenmashi,url,https://yzkjc.co.jp.cfdymtj.top,#phishing,https://twitter.com/AP_Zenmashi/status/1542576766254215168
2022-06-30 18:46:12,ecarlesi,url,https://ejad-dev.com/wordpress/wordpress-6.0.zip,#phishing,https://twitter.com/ecarlesi/status/1542580278337601538
2022-06-30 18:47:07,AP_Zenmashi,ip,172.86.127.162,#phishing,https://twitter.com/AP_Zenmashi/status/1542580506969374720
2022-06-30 18:58:29,c9lab_soc,domain,paypallcredit.com,#phishing #malware,https://twitter.com/c9lab_soc/status/1542583370412355584
2022-06-30 19:08:20,c9lab_soc,domain,microsoft-security-team.com,#phishing #malware,https://twitter.com/c9lab_soc/status/1542585846926553088
2022-06-30 19:08:20,c9lab_soc,domain,microsoft-office.pro,#phishing #malware,https://twitter.com/c9lab_soc/status/1542585846926553088
2022-06-30 19:15:27,c9lab_soc,ip,172.67.214.235,#phishing #malware,https://twitter.com/c9lab_soc/status/1542587639228149760
2022-06-30 19:15:27,c9lab_soc,domain,citi-securedlogin.com,#phishing #malware,https://twitter.com/c9lab_soc/status/1542587639228149760
2022-06-30 19:21:23,c9lab_soc,domain,paypalusersecurity.com,#phishing #scam,https://twitter.com/c9lab_soc/status/1542589132157112320
2022-06-30 19:21:23,c9lab_soc,domain,puregym-cancel-paypal.com,#phishing #scam,https://twitter.com/c9lab_soc/status/1542589132157112320
2022-06-30 19:21:23,c9lab_soc,domain,paypal-info.fr,#phishing #scam,https://twitter.com/c9lab_soc/status/1542589132157112320
2022-06-30 19:26:44,ScamiBot,ip,104.18.5.149,#phishing #scam,https://twitter.com/ScamiBot/status/1542590477291200516
2022-06-30 19:30:06,pr0xylife,ip,85.239.55.212,#Qakbot,https://twitter.com/pr0xylife/status/1542591326809636864
2022-06-30 19:37:09,drb_ra,ip,112.74.46.161,#CobaltStrike,https://twitter.com/drb_ra/status/1542593100547297282
2022-06-30 19:37:24,drb_ra,ip,179.60.150.40,#CobaltStrike,https://twitter.com/drb_ra/status/1542593162228662272
2022-06-30 19:37:36,drb_ra,ip,84.32.188.70,#CobaltStrike,https://twitter.com/drb_ra/status/1542593214053580801
2022-06-30 19:38:07,drb_ra,ip,107.173.111.104,#CobaltStrike,https://twitter.com/drb_ra/status/1542593342562787328
2022-06-30 19:38:21,drb_ra,ip,198.52.120.72,#CobaltStrike,https://twitter.com/drb_ra/status/1542593399366230016
2022-06-30 19:38:40,drb_ra,ip,122.112.229.183,#CobaltStrike,https://twitter.com/drb_ra/status/1542593481360687107
2022-06-30 19:38:49,drb_ra,ip,66.42.44.169,#CobaltStrike,https://twitter.com/drb_ra/status/1542593517431685120
2022-06-30 19:39:03,drb_ra,ip,138.68.248.163,#CobaltStrike,https://twitter.com/drb_ra/status/1542593575539589120
2022-06-30 19:39:20,drb_ra,ip,150.158.11.2,#CobaltStrike,https://twitter.com/drb_ra/status/1542593646838652928
2022-06-30 19:39:35,drb_ra,ip,114.132.247.215,#CobaltStrike,https://twitter.com/drb_ra/status/1542593710441074689
2022-06-30 19:39:49,drb_ra,ip,175.178.41.92,#CobaltStrike,https://twitter.com/drb_ra/status/1542593771640180751
2022-06-30 19:40:16,drb_ra,ip,104.243.26.197,#CobaltStrike,https://twitter.com/drb_ra/status/1542593884231983105
2022-06-30 19:40:31,drb_ra,ip,138.128.222.216,#CobaltStrike,https://twitter.com/drb_ra/status/1542593946429317123
2022-06-30 19:40:57,drb_ra,ip,190.123.44.223,#CobaltStrike,https://twitter.com/drb_ra/status/1542594054701154304
2022-06-30 19:41:44,drb_ra,ip,103.122.246.131,#CobaltStrike,https://twitter.com/drb_ra/status/1542594250583560195
2022-06-30 19:41:56,drb_ra,ip,82.156.187.92,#CobaltStrike,https://twitter.com/drb_ra/status/1542594303247220737
2022-06-30 19:41:59,drb_ra,ip,180.101.25.48,#CobaltStrike,https://twitter.com/drb_ra/status/1542594314290823168
2022-06-30 19:42:18,drb_ra,ip,80.66.88.94,#CobaltStrike,https://twitter.com/drb_ra/status/1542594394234265601
2022-06-30 19:42:30,drb_ra,ip,5.160.92.162,#CobaltStrike,https://twitter.com/drb_ra/status/1542594447510278144
2022-06-30 19:42:30,drb_ra,ip,159.203.111.26,#CobaltStrike,https://twitter.com/drb_ra/status/1542594447510278144
2022-06-30 19:42:44,drb_ra,ip,103.75.118.37,#CobaltStrike,https://twitter.com/drb_ra/status/1542594503198007296
2022-06-30 19:43:08,drb_ra,ip,18.166.57.0,#CobaltStrike,https://twitter.com/drb_ra/status/1542594603974643714
2022-06-30 19:43:11,drb_ra,ip,175.24.172.151,#CobaltStrike,https://twitter.com/drb_ra/status/1542594616737910784
2022-06-30 19:44:15,PhantomXSec,domain,dooplicator.space,#phishing,https://twitter.com/PhantomXSec/status/1542594884376625152
2022-06-30 19:47:15,AP_Zenmashi,url,https://aeon.co.omsncue.com,#phishing,https://twitter.com/AP_Zenmashi/status/1542595638965071872
2022-06-30 19:48:35,AP_Zenmashi,url,https://aeon.co.xicuseoai.com,#phishing,https://twitter.com/AP_Zenmashi/status/1542595977475149824
2022-06-30 19:49:24,AP_Zenmashi,ip,192.161.161.70,#phishing,https://twitter.com/AP_Zenmashi/status/1542596181532225536
2022-06-30 19:49:24,AP_Zenmashi,url,https://amzom.live,#phishing,https://twitter.com/AP_Zenmashi/status/1542596181532225536
2022-06-30 19:50:07,AP_Zenmashi,url,https://anzom.live,#phishing,https://twitter.com/AP_Zenmashi/status/1542596362961043457
2022-06-30 19:50:31,drb_ra,ip,13.107.246.66,#CobaltStrike,https://twitter.com/drb_ra/status/1542596461833191424
2022-06-30 19:50:54,AP_Zenmashi,url,https://anconm.live,#phishing,https://twitter.com/AP_Zenmashi/status/1542596558201716736
2022-06-30 19:51:46,drb_ra,ip,172.67.181.94,#CobaltStrike,https://twitter.com/drb_ra/status/1542596775936147456
2022-06-30 19:55:57,RedPacketSec,domain,diodes.com,#ransomware,https://twitter.com/RedPacketSec/status/1542597828849139714
2022-06-30 19:56:30,PhishChicken,url,https://bitkubth.com/,,https://twitter.com/PhishChicken/status/1542597968196517894
2022-06-30 19:56:30,PhishChicken,url,https://bitkub01.com/,,https://twitter.com/PhishChicken/status/1542597968196517894
2022-06-30 20:04:00,ecarlesi,url,http://amelie-cartevitale-cmu.com,#phishing,https://twitter.com/ecarlesi/status/1542599856535277568
2022-06-30 20:09:03,MalwarePatrol,md5,f062a62a9c9d07b063b094b1ca43e35b,#phishing,https://twitter.com/MalwarePatrol/status/1542601126608048129
2022-06-30 20:09:03,MalwarePatrol,url,http://www.masharif.com.sa/wp-admin/images/ofiice/f062a62a9c9d07b063b094b1ca43e35b/login.php,#phishing,https://twitter.com/MalwarePatrol/status/1542601126608048129
2022-06-30 20:24:52,ecarlesi,url,http://yzqn.net,#phishing,https://twitter.com/ecarlesi/status/1542605108193927168
2022-06-30 20:38:48,ecarlesi,url,http://netfiixfr-suspension.com,#phishing,https://twitter.com/ecarlesi/status/1542608612857634821
2022-06-30 20:40:59,Cryptolaemus1,url,http://atelierkikala.com/facebook/zwue7fbxdj/,,https://twitter.com/Cryptolaemus1/status/1542609163288584192
2022-06-30 20:40:59,Cryptolaemus1,url,http://hadramout21.com/wp-includes/zt5jk4cthzxblojw/,,https://twitter.com/Cryptolaemus1/status/1542609163288584192
2022-06-30 20:40:59,Cryptolaemus1,url,http://brittknight.com/php/5bgkoxh0pm/,,https://twitter.com/Cryptolaemus1/status/1542609163288584192
2022-06-30 20:45:51,bigmacjpg,domain,hgrtjutyik.eu,,https://twitter.com/bigmacjpg/status/1542610390026174466
2022-06-30 20:57:44,AP_Zenmashi,url,https://sangdashu.com,#phishing,https://twitter.com/AP_Zenmashi/status/1542613378392154112
2022-06-30 20:57:44,AP_Zenmashi,ip,192.227.193.149,#phishing,https://twitter.com/AP_Zenmashi/status/1542613378392154112
2022-06-30 20:58:11,ecarlesi,url,https://report-aib-activity.com/,#phishing,https://twitter.com/ecarlesi/status/1542613493060362240
2022-06-30 20:58:18,AP_Zenmashi,ip,154.198.245.47,#phishing,https://twitter.com/AP_Zenmashi/status/1542613521761914880
2022-06-30 20:58:18,AP_Zenmashi,url,https://www.suica-co-jp-g3fh4vrf7n46l3foo34nof5.dkonbpakf.gq,#phishing,https://twitter.com/AP_Zenmashi/status/1542613521761914880
2022-06-30 21:00:19,phishunt_io,url,https://manage.santander.uk.user-836834.com/,#phishing #scam,https://twitter.com/phishunt_io/status/1542614027980898309
2022-06-30 21:01:46,ecarlesi,url,https://moerix.com,#phishing,https://twitter.com/ecarlesi/status/1542614391614586881
2022-06-30 21:03:03,pr0xylife,url,https://hapuloze.com/components/us.jpg,#CobaltStrike,https://twitter.com/pr0xylife/status/1542614716211666950
2022-06-30 21:03:03,pr0xylife,ip,172.93.181.130,#CobaltStrike,https://twitter.com/pr0xylife/status/1542614716211666950
2022-06-30 21:03:11,ecarlesi,url,https://report-aib-activity.com/alert.php,#phishing,https://twitter.com/ecarlesi/status/1542614748499509248
2022-06-30 21:10:42,ecarlesi,url,http://personasvielle.info/,#phishing,https://twitter.com/ecarlesi/status/1542616642986950656
2022-06-30 21:20:59,ecarlesi,url,http://member-wait.com,#phishing,https://twitter.com/ecarlesi/status/1542619231476486145
2022-06-30 21:43:30,AP_Zenmashi,url,https://www.suica-co-jp-g3fh4vrf7n46l3foo34nof5.aofjnndr.ml,#phishing,https://twitter.com/AP_Zenmashi/status/1542624896374947840
2022-06-30 21:56:59,AP_Zenmashi,url,https://gfdht.abyeuaf.cn,#phishing,https://twitter.com/AP_Zenmashi/status/1542628288295669760
2022-06-30 21:57:42,AP_Zenmashi,url,https://loihfg.hqstec.cn,#phishing,https://twitter.com/AP_Zenmashi/status/1542628471079600129
2022-06-30 21:58:18,AP_Zenmashi,url,https://jghcvd.bdrxgvo.cn,#phishing,https://twitter.com/AP_Zenmashi/status/1542628622791745536
2022-06-30 22:01:29,AP_Zenmashi,url,https://fgdsxc.iockyum.cn,#phishing,https://twitter.com/AP_Zenmashi/status/1542629421936689152
2022-06-30 22:02:07,AP_Zenmashi,url,https://gfdcxs.ehlzqvt.cn,#phishing,https://twitter.com/AP_Zenmashi/status/1542629582473670657
2022-06-30 22:03:25,AP_Zenmashi,url,https://puibfb.forikb.cn,#phishing,https://twitter.com/AP_Zenmashi/status/1542629908421447680
2022-06-30 22:04:00,AP_Zenmashi,url,https://kghcv.gf0ixsr.cn,#phishing,https://twitter.com/AP_Zenmashi/status/1542630056488763392
2022-06-30 22:04:36,AP_Zenmashi,url,https://jgfcxdb.nkmo0vv.cn,#phishing,https://twitter.com/AP_Zenmashi/status/1542630206804226048
2022-06-30 22:05:27,Cryptolaemus1,url,http://astrogurusunilbarmola.com/css/kmy7fww03z2/,,https://twitter.com/Cryptolaemus1/status/1542630418691723264
2022-06-30 22:17:30,ecarlesi,url,https://searchinfotips.com/,#phishing,https://twitter.com/ecarlesi/status/1542633451886723073
2022-06-30 22:23:12,ecarlesi,url,http://supp0rtcitizen.com/chase-new-sm-with-dl.zip,#phishing,https://twitter.com/ecarlesi/status/1542634885185437696
2022-06-30 22:25:56,phishunt_io,url,https://aquare.biz/bayc.html,#scam,https://twitter.com/phishunt_io/status/1542635575580278786
2022-06-30 22:28:14,ecarlesi,url,https://www.shopbop.com/,#phishing,https://twitter.com/ecarlesi/status/1542636153861709824
2022-06-30 22:30:06,phishunt_io,url,https://taplink.cc/thepossessednft,#scam,https://twitter.com/phishunt_io/status/1542636625515126785
2022-06-30 22:31:11,ecarlesi,url,http://5556a.com,#phishing,https://twitter.com/ecarlesi/status/1542636896580427777
2022-06-30 22:32:00,ecarlesi,url,https://okaydays.store,#phishing,https://twitter.com/ecarlesi/status/1542637101514096648
2022-06-30 22:32:04,ecarlesi,url,https://okaydaysclubs.store,#phishing,https://twitter.com/ecarlesi/status/1542637117783801857
2022-06-30 22:37:00,AP_Zenmashi,ip,172.67.172.223,#phishing,https://twitter.com/AP_Zenmashi/status/1542638360564338688
2022-06-30 22:37:00,AP_Zenmashi,url,https://hh99320.com?,#phishing,https://twitter.com/AP_Zenmashi/status/1542638360564338688
2022-06-30 22:38:54,AP_Zenmashi,ip,155.94.235.194,#phishing,https://twitter.com/AP_Zenmashi/status/1542638836810801152
2022-06-30 22:38:54,AP_Zenmashi,url,https://jbc-inf0.arborxr.cn,#phishing,https://twitter.com/AP_Zenmashi/status/1542638836810801152
2022-06-30 22:41:13,ecarlesi,url,http://nefiixservers.com/,#phishing,https://twitter.com/ecarlesi/status/1542639419815075844
2022-06-30 22:41:54,ecarlesi,url,http://portail-vitale.com,#phishing,https://twitter.com/ecarlesi/status/1542639593627222016
2022-06-30 22:45:45,ecarlesi,url,http://visitatocachesanmartin.com/jf_startupx-quickstart-j3.zip,#phishing,https://twitter.com/ecarlesi/status/1542640559872958464
2022-06-30 22:47:33,ecarlesi,url,http://namaapp.com/farah/backup-6.27.2022_12-44-24_farhtravel/homedir/ssl/certs/,#phishing,https://twitter.com/ecarlesi/status/1542641015575674881
2022-06-30 22:50:29,ecarlesi,url,http://bosra.store,#phishing,https://twitter.com/ecarlesi/status/1542641754779881473
2022-06-30 22:53:39,AP_Zenmashi,url,https://www.mobbeikia.datsumoumatome.com,#phishing,https://twitter.com/AP_Zenmashi/status/1542642550003343360
2022-06-30 23:05:18,Cryptolaemus1,url,http://www.fundaciontheoz.cl/pensamientooccidental/ogqk0evu0rrxe0/,,https://twitter.com/Cryptolaemus1/status/1542645483705094144
2022-06-30 23:05:18,Cryptolaemus1,url,http://www.ergbox.com/cgi-bin/jnb/,,https://twitter.com/Cryptolaemus1/status/1542645482794938368
2022-06-30 23:05:18,Cryptolaemus1,url,http://fullplateconsulting.com/_notes/afzkot9/,,https://twitter.com/Cryptolaemus1/status/1542645482794938368
2022-06-30 23:05:18,Cryptolaemus1,url,https://evashopping.thietkewebsitechuanseo.com/assets/rnayqu/,,https://twitter.com/Cryptolaemus1/status/1542645482794938368
2022-06-30 23:07:02,Patrici88706825,domain,explorer-harmony.org,#phishing #scam,https://twitter.com/Patrici88706825/status/1542645916322222080
2022-06-30 23:10:45,ecarlesi,url,https://conformreport-requiredupdate.com/,#phishing,https://twitter.com/ecarlesi/status/1542646854986629120
2022-06-30 23:12:16,Patrici88706825,domain,anywap.org,#phishing #scam,https://twitter.com/Patrici88706825/status/1542647236403888128
2022-06-30 23:13:47,Cryptolaemus1,url,http://www.birebiregitim.net/wp-includes/kbhu9witwga0pg8grgp/,,https://twitter.com/Cryptolaemus1/status/1542647617737240577
2022-06-30 23:13:47,Cryptolaemus1,url,http://www.forensisbilisim.com/wp-includes/tznalahxsy/,,https://twitter.com/Cryptolaemus1/status/1542647618786193409
2022-06-30 23:13:47,Cryptolaemus1,url,http://gxthanhtam.com/modules/cvh3fi3vrrmaxh/,,https://twitter.com/Cryptolaemus1/status/1542647617737240577
2022-06-30 23:13:47,Cryptolaemus1,url,http://www.fullwiz.com.br/erros/v2om35w/,,https://twitter.com/Cryptolaemus1/status/1542647617737240577
2022-06-30 23:26:07,ecarlesi,url,https://referrer.direct/,#phishing,https://twitter.com/ecarlesi/status/1542650719827857408
2022-06-30 23:27:34,AP_Zenmashi,url,https://anqdgqu.tk,#phishing,https://twitter.com/AP_Zenmashi/status/1542651086116646912
2022-06-30 23:30:01,ecarlesi,url,http://validatedappsolution.live/,#phishing,https://twitter.com/ecarlesi/status/1542651703580844037
2022-06-30 23:30:09,ecarlesi,url,https://validatedappsolution.live/,#phishing,https://twitter.com/ecarlesi/status/1542651737374425091
2022-06-30 23:35:22,ecarlesi,url,https://epsace-lcl.com,#phishing,https://twitter.com/ecarlesi/status/1542653049432379392
2022-06-30 23:39:29,ecarlesi,url,http://goordyfans.com/dizzy-35nulled.rar,#phishing,https://twitter.com/ecarlesi/status/1542654086021091329
2022-06-30 23:44:03,ecarlesi,url,https://highlifern.com,#phishing,https://twitter.com/ecarlesi/status/1542655233486196736
2022-06-30 23:51:52,ecarlesi,url,https://pico-solution.com,#phishing,https://twitter.com/ecarlesi/status/1542657202065899520
2022-06-30 23:52:05,ecarlesi,url,https://mocarch.com,#phishing,https://twitter.com/ecarlesi/status/1542657253421027329
2022-06-30 23:52:59,KesaGataMe0,ip,155.94.143.180,#phishing,https://twitter.com/KesaGataMe0/status/1542657479972392960
2022-06-30 23:52:59,KesaGataMe0,url,https://gfdcxzs.rbsvhfl.cn,#phishing,https://twitter.com/KesaGataMe0/status/1542657479972392960
2022-06-30 23:52:59,KesaGataMe0,url,https://gfdcvx.hydfahx.cn,#phishing,https://twitter.com/KesaGataMe0/status/1542657479972392960
2022-06-30 23:52:59,KesaGataMe0,url,https://fvdsvc.vfrwwb3.cn,#phishing,https://twitter.com/KesaGataMe0/status/1542657479972392960
2022-06-30 23:52:59,KesaGataMe0,url,https://cedcxv.zcxpwwd.cn,#phishing,https://twitter.com/KesaGataMe0/status/1542657479972392960
2022-06-30 23:52:59,KesaGataMe0,url,https://fdscx.iwptnx.cn,#phishing,https://twitter.com/KesaGataMe0/status/1542657479972392960
2022-06-30 23:52:59,KesaGataMe0,url,https://dsvwsz.zmdzuhl.cn,#phishing,https://twitter.com/KesaGataMe0/status/1542657479972392960
2022-06-30 23:52:59,KesaGataMe0,url,https://fdsngh.szxhyskj.cn,#phishing,https://twitter.com/KesaGataMe0/status/1542657479972392960
2022-06-30 23:55:40,ecarlesi,url,http://santeng.net,#phishing,https://twitter.com/ecarlesi/status/1542658157377454080
2022-06-30 23:55:40,ecarlesi,url,http://ztkysh.net,#phishing,https://twitter.com/ecarlesi/status/1542658157431881728
