2021-09-08 00:00:30,romonlyht,ip,117.50.162.186,#phishing,https://twitter.com/romonlyht/status/1435392565948256265
2021-09-08 00:02:01,romonlyht,ip,117.50.162.64,#phishing,https://twitter.com/romonlyht/status/1435392948238094341
2021-09-08 00:04:33,pingineer_jp,url,http://www.acemoa.aoenmce.com/,#phishing #scam,https://twitter.com/pingineer_jp/status/1435393582668468227
2021-09-08 00:08:27,ecarlesi,url,https://681211.com:8989/ftl/commonpage/zh_cn/dns/themes/dnshelper.exe,#malware,https://twitter.com/ecarlesi/status/1435394565251420164
2021-09-08 00:09:03,MalwarePatrol,url,https://radameslu.com/durcioo/,#phishing,https://twitter.com/MalwarePatrol/status/1435394716812595209
2021-09-08 00:15:25,romonlyht,url,https://nttdocomo.co.jp.thosdg.shop/,#phishing,https://twitter.com/romonlyht/status/1435396319917457409
2021-09-08 00:15:25,romonlyht,ip,209.141.58.72,#phishing,https://twitter.com/romonlyht/status/1435396319917457409
2021-09-08 00:15:25,romonlyht,ip,104.223.15.165,#phishing,https://twitter.com/romonlyht/status/1435396319917457409
2021-09-08 00:15:58,romonlyht,url,https://www.ntt-docono-info.b1-mss.top/,#phishing,https://twitter.com/romonlyht/status/1435396459550019585
2021-09-08 00:15:58,romonlyht,ip,113.31.167.213,#phishing,https://twitter.com/romonlyht/status/1435396459550019585
2021-09-08 00:17:25,romonlyht,url,https://www.ntt-docono-info.b2-mss.top/,#phishing,https://twitter.com/romonlyht/status/1435396823603048448
2021-09-08 00:17:25,romonlyht,url,https://www.ntt-docono-info.b2-mss.top/#/,#phishing,https://twitter.com/romonlyht/status/1435396823603048448
2021-09-08 00:17:25,romonlyht,ip,103.41.65.253,#phishing,https://twitter.com/romonlyht/status/1435396823603048448
2021-09-08 00:19:47,secbird1,url,https://rngzuz.cn/,#phishing,https://twitter.com/secbird1/status/1435397419752046596
2021-09-08 00:19:47,secbird1,ip,211.253.129.254,#phishing,https://twitter.com/secbird1/status/1435397419752046596
2021-09-08 00:21:17,secbird1,url,https://hljrvr.cn/,#phishing,https://twitter.com/secbird1/status/1435397796434120708
2021-09-08 00:22:38,secbird1,url,https://cjwvtk.cn/,#phishing,https://twitter.com/secbird1/status/1435398136474705920
2021-09-08 00:25:06,romonlyht,url,https://smg.docomo-co-jp.fit/,#phishing,https://twitter.com/romonlyht/status/1435398756048900096
2021-09-08 00:25:06,romonlyht,ip,114.97.32.40,#phishing,https://twitter.com/romonlyht/status/1435398756048900096
2021-09-08 00:25:06,romonlyht,ip,34.146.247.192,#phishing,https://twitter.com/romonlyht/status/1435398756048900096
2021-09-08 00:30:17,KesaGataMe0,url,https://www.etc-meisai.jp.cmshdl.shop,#phishing,https://twitter.com/KesaGataMe0/status/1435400060641054721
2021-09-08 00:30:17,KesaGataMe0,url,https://www.etc-meisai.jp.pjuwqu.shop,#phishing,https://twitter.com/KesaGataMe0/status/1435400060641054721
2021-09-08 00:30:17,KesaGataMe0,url,https://www.etc-meisai.jp.pmnkzn.shop,#phishing,https://twitter.com/KesaGataMe0/status/1435400060641054721
2021-09-08 00:30:17,KesaGataMe0,url,https://www.etc-meisai.jp.hmgeqt.shop,#phishing,https://twitter.com/KesaGataMe0/status/1435400060641054721
2021-09-08 00:30:17,KesaGataMe0,url,https://www.etc-meisai.jp.nmpwzx.shop,#phishing,https://twitter.com/KesaGataMe0/status/1435400060641054721
2021-09-08 00:30:17,KesaGataMe0,ip,204.44.94.157,#phishing,https://twitter.com/KesaGataMe0/status/1435400060641054721
2021-09-08 00:33:42,KesaGataMe0,url,https://youdubashi.hydjqx.cn,#phishing,https://twitter.com/KesaGataMe0/status/1435400921140236289
2021-09-08 00:33:42,KesaGataMe0,ip,155.94.182.152,#phishing,https://twitter.com/KesaGataMe0/status/1435400921140236289
2021-09-08 00:33:51,romonlyht,url,https://webuserloginjcb.xyz/jcb/xm1/index/index,#phishing,https://twitter.com/romonlyht/status/1435400958427611136
2021-09-08 00:33:51,romonlyht,url,https://webuserloginjcb.xyz/jcb/xm1/index/index/,#phishing,https://twitter.com/romonlyht/status/1435400958427611136
2021-09-08 00:33:51,romonlyht,ip,104.160.191.160,#phishing,https://twitter.com/romonlyht/status/1435400958427611136
2021-09-08 00:33:51,romonlyht,ip,107.189.2.107,#phishing,https://twitter.com/romonlyht/status/1435400958427611136
2021-09-08 00:34:52,drb_ra,ip,178.18.241.110,#CobaltStrike,https://twitter.com/drb_ra/status/1435401215614066691
2021-09-08 00:43:31,romonlyht,url,https://www.etc-meisai.cyou/,#phishing,https://twitter.com/romonlyht/status/1435403392629690369
2021-09-08 00:43:31,romonlyht,url,https://www.etc-meisai.cyou/indexx.php?tokne=541c93d5a3365d33df03441c86b,#phishing,https://twitter.com/romonlyht/status/1435403392629690369
2021-09-08 00:43:31,romonlyht,ip,27.191.61.168,#phishing,https://twitter.com/romonlyht/status/1435403392629690369
2021-09-08 00:43:31,romonlyht,ip,182.16.74.146,#phishing,https://twitter.com/romonlyht/status/1435403392629690369
2021-09-08 00:44:40,romonlyht,url,https://www.etc-meisai.monster/,#phishing,https://twitter.com/romonlyht/status/1435403678291136512
2021-09-08 00:44:40,romonlyht,url,https://www.etc-meisai.monster/indexx.php?tokne=e483852d80b2e23cd9220ca25a2,#phishing,https://twitter.com/romonlyht/status/1435403678291136512
2021-09-08 00:44:40,romonlyht,ip,114.235.140.57,#phishing,https://twitter.com/romonlyht/status/1435403678291136512
2021-09-08 00:56:02,harugasumi,url,https://www.etc-meisai.cyou,#phishing,https://twitter.com/harugasumi/status/1435406540899434497
2021-09-08 00:56:20,ecarlesi,url,https://amriahmad.com/wordpress-5.8.zip,#phishing,https://twitter.com/ecarlesi/status/1435406615939796997
2021-09-08 00:56:47,romonlyht,url,https://order-yodobashi-com.stsfu365366.top/?login,#phishing,https://twitter.com/romonlyht/status/1435406731090087939
2021-09-08 00:56:47,romonlyht,url,https://order-yodobashi-com.mpshxg.shop/,#phishing,https://twitter.com/romonlyht/status/1435406731090087939
2021-09-08 00:56:47,romonlyht,ip,117.50.162.107,#phishing,https://twitter.com/romonlyht/status/1435406731090087939
2021-09-08 00:56:47,romonlyht,ip,104.21.92.237,#phishing,https://twitter.com/romonlyht/status/1435406731090087939
2021-09-08 00:56:47,romonlyht,ip,172.67.152.208,#phishing,https://twitter.com/romonlyht/status/1435406731090087939
2021-09-08 00:57:43,neonprimetime,domain,httpslink.com,#phishing,https://twitter.com/neonprimetime/status/1435406965841309697
2021-09-08 00:57:50,romonlyht,url,https://v1.mk/zk2q3bo,#phishing,https://twitter.com/romonlyht/status/1435406995671031808
2021-09-08 00:57:50,romonlyht,ip,114.99.6.88,#phishing,https://twitter.com/romonlyht/status/1435406995671031808
2021-09-08 00:57:50,romonlyht,ip,172.67.180.200,#phishing,https://twitter.com/romonlyht/status/1435406995671031808
2021-09-08 00:58:35,KesaGataMe0,url,https://order-yodobashi-com.mpshxg.shop/pc/login.php?yc/login/index.html,#phishing,https://twitter.com/KesaGataMe0/status/1435407182070108164
2021-09-08 01:02:27,pingineer_jp,url,http://www.aoemcnso.aoenmcn.com/,#phishing #scam,https://twitter.com/pingineer_jp/status/1435408157279330305
2021-09-08 01:08:17,ecarlesi,url,https://alteros-online.com/patcher/patcher/patcher.zip,#malware,https://twitter.com/ecarlesi/status/1435409622748258311
2021-09-08 01:13:44,KesaGataMe0,url,https://aupay.auoneadmin.shop,#phishing,https://twitter.com/KesaGataMe0/status/1435410994637918210
2021-09-08 01:13:44,KesaGataMe0,ip,45.207.50.149,#phishing,https://twitter.com/KesaGataMe0/status/1435410994637918210
2021-09-08 01:15:48,KesaGataMe0,url,https://smt-diamkt.info,#phishing,https://twitter.com/KesaGataMe0/status/1435411515306229766
2021-09-08 01:15:48,KesaGataMe0,ip,154.30.207.214,#phishing,https://twitter.com/KesaGataMe0/status/1435411515306229766
2021-09-08 01:23:59,ecarlesi,url,http://iransatnews.com/khv48r/web2015use/subfolder/hyhxdz_sp.html,#phishing,https://twitter.com/ecarlesi/status/1435413572805435392
2021-09-08 01:24:46,romonlyht,url,http://3.15.23.139/,#phishing,https://twitter.com/romonlyht/status/1435413770822504453
2021-09-08 01:24:46,romonlyht,ip,110.81.105.24,#phishing,https://twitter.com/romonlyht/status/1435413770822504453
2021-09-08 01:24:46,romonlyht,ip,3.15.23.139,#phishing,https://twitter.com/romonlyht/status/1435413770822504453
2021-09-08 01:25:20,ecarlesi,url,https://681229.com:8989/ftl/commonpage/zh_cn/dns/themes/dnshelper.exe,#malware,https://twitter.com/ecarlesi/status/1435413914204917764
2021-09-08 01:25:26,romonlyht,url,https://rakuton.onakrnue.jp/,#phishing,https://twitter.com/romonlyht/status/1435413941295878144
2021-09-08 01:25:26,romonlyht,ip,194.87.49.52,#phishing,https://twitter.com/romonlyht/status/1435413941295878144
2021-09-08 01:25:26,romonlyht,ip,45.140.169.254,#phishing,https://twitter.com/romonlyht/status/1435413941295878144
2021-09-08 01:26:20,romonlyht,url,https://rakuten.co.ip.86z9p72.cn/,#phishing,https://twitter.com/romonlyht/status/1435414165833670657
2021-09-08 01:26:20,romonlyht,ip,198.148.118.145,#phishing,https://twitter.com/romonlyht/status/1435414165833670657
2021-09-08 01:26:20,romonlyht,ip,155.94.128.55,#phishing,https://twitter.com/romonlyht/status/1435414165833670657
2021-09-08 01:27:08,romonlyht,url,http://www.rakoten-co-jp.oeoz.shop/,#phishing,https://twitter.com/romonlyht/status/1435414368884121601
2021-09-08 01:27:08,romonlyht,ip,116.253.157.67,#phishing,https://twitter.com/romonlyht/status/1435414368884121601
2021-09-08 01:27:08,romonlyht,ip,172.67.161.232,#phishing,https://twitter.com/romonlyht/status/1435414368884121601
2021-09-08 01:27:52,romonlyht,url,https://welecoemgeovcuetngcxzedfeg.buzz/,#phishing,https://twitter.com/romonlyht/status/1435414553018310657
2021-09-08 01:27:52,romonlyht,ip,157.52.184.6,#phishing,https://twitter.com/romonlyht/status/1435414553018310657
2021-09-08 01:27:52,romonlyht,ip,204.44.82.23,#phishing,https://twitter.com/romonlyht/status/1435414553018310657
2021-09-08 01:28:39,romonlyht,url,https://rakuton.onakrnue.tokyo/,#phishing,https://twitter.com/romonlyht/status/1435414750289035265
2021-09-08 01:29:22,romonlyht,url,http://www.rakoten-co-jp.kfen.shop/,#phishing,https://twitter.com/romonlyht/status/1435414927666147330
2021-09-08 01:29:22,romonlyht,ip,104.21.8.215,#phishing,https://twitter.com/romonlyht/status/1435414927666147330
2021-09-08 01:34:00,secbird1,url,http://nttdocomo.jp.ycvip5872.com,#phishing,https://twitter.com/secbird1/status/1435416095121240066
2021-09-08 01:34:00,secbird1,ip,155.94.128.151,#phishing,https://twitter.com/secbird1/status/1435416095121240066
2021-09-08 01:34:26,secbird1,url,http://mercari.oikd.monster/,#phishing,https://twitter.com/secbird1/status/1435416203174899717
2021-09-08 01:34:26,secbird1,ip,155.94.184.151,#phishing,https://twitter.com/secbird1/status/1435416203174899717
2021-09-08 01:35:41,secbird1,url,http://nttdocomo.jp.pyc595.com,#phishing,https://twitter.com/secbird1/status/1435416517143793664
2021-09-08 01:39:39,CardanoPhishing,domain,adainfo.biz,#phishing #scam,https://twitter.com/CardanoPhishing/status/1435417517292494856
2021-09-08 01:39:39,CardanoPhishing,ip,20.40.202.25,#phishing #scam,https://twitter.com/CardanoPhishing/status/1435417517292494856
2021-09-08 01:42:48,ecarlesi,url,https://9687p.com:8989/ftl/commonpage/zh_cn/dns/themes/dnshelper.exe,#malware,https://twitter.com/ecarlesi/status/1435418311299420162
2021-09-08 01:44:54,secbird1,url,https://nttdocomo.buzz,#phishing,https://twitter.com/secbird1/status/1435418839462735874
2021-09-08 01:44:54,secbird1,ip,162.241.65.212,#phishing,https://twitter.com/secbird1/status/1435418839462735874
2021-09-08 01:47:48,SttyK,ip,202.61.242.110,#ransomware,https://twitter.com/SttyK/status/1435419569997299713
2021-09-08 02:05:58,ecarlesi,url,https://zorrobuhokber.xyz,#phishing,https://twitter.com/ecarlesi/status/1435424138701807616
2021-09-08 02:13:10,SecInfo16,url,http://www.aoemcnao.aoenmcn.com/,#phishing,https://twitter.com/SecInfo16/status/1435425950166970370
2021-09-08 02:14:58,pingineer_jp,url,http://arnaozn.ynzyok.com,#phishing #scam,https://twitter.com/pingineer_jp/status/1435426403583860736
2021-09-08 02:14:58,pingineer_jp,url,http://www.aeocmen.aoenmcn.com/,#phishing #scam,https://twitter.com/pingineer_jp/status/1435426403583860736
2021-09-08 02:14:58,pingineer_jp,url,http://www.ameonc.aoenmce.com/,#phishing #scam,https://twitter.com/pingineer_jp/status/1435426403583860736
2021-09-08 02:15:02,SecInfo16,url,https://arnaozn.ynzyok.com/,#phishing,https://twitter.com/SecInfo16/status/1435426422231744515
2021-09-08 02:17:09,romonlyht,url,https://arnaozn.jxxda.com/,#phishing,https://twitter.com/romonlyht/status/1435426955642359810
2021-09-08 02:17:09,romonlyht,ip,160.251.63.214,#phishing,https://twitter.com/romonlyht/status/1435426955642359810
2021-09-08 02:17:09,romonlyht,ip,45.207.33.63,#phishing,https://twitter.com/romonlyht/status/1435426955642359810
2021-09-08 02:17:12,ecarlesi,url,https://dunoku.top/proscomms/,#phishing,https://twitter.com/ecarlesi/status/1435426968607014912
2021-09-08 02:18:25,ecarlesi,url,http://chujhzl.top/rose.exe,#malware,https://twitter.com/ecarlesi/status/1435427272148848640
2021-09-08 02:18:32,romonlyht,url,https://j.kuaizhan.net.cn/,#phishing,https://twitter.com/romonlyht/status/1435427301198471171
2021-09-08 02:18:32,romonlyht,ip,117.50.162.226,#phishing,https://twitter.com/romonlyht/status/1435427301198471171
2021-09-08 02:18:32,romonlyht,ip,172.245.55.158,#phishing,https://twitter.com/romonlyht/status/1435427301198471171
2021-09-08 02:19:04,romonlyht,url,https://amznom.co.jp.amzoccount.co/,#phishing,https://twitter.com/romonlyht/status/1435427436057927686
2021-09-08 02:19:04,romonlyht,ip,180.215.119.139,#phishing,https://twitter.com/romonlyht/status/1435427436057927686
2021-09-08 02:19:17,ecarlesi,url,http://fvevrever.xyz/,#phishing,https://twitter.com/ecarlesi/status/1435427490449793025
2021-09-08 02:19:49,ecarlesi,url,http://fvevrever.xyz/auth/login/?id=6xbfv8yp2ehxmu5wi275f7yxc6bg5voj3jkx,#phishing,https://twitter.com/ecarlesi/status/1435427625120538630
2021-09-08 02:19:51,romonlyht,url,https://arnzon.co.ip.r9pxdi0.cn/?token=f4551500368182597631a0ad6840a2,#phishing,https://twitter.com/romonlyht/status/1435427634138128389
2021-09-08 02:19:51,romonlyht,url,https://arnzon.co.ip.r9pxdi0.cn/pc/,#phishing,https://twitter.com/romonlyht/status/1435427634138128389
2021-09-08 02:19:51,romonlyht,ip,113.31.168.34,#phishing,https://twitter.com/romonlyht/status/1435427634138128389
2021-09-08 02:19:51,romonlyht,ip,104.223.15.14,#phishing,https://twitter.com/romonlyht/status/1435427634138128389
2021-09-08 02:21:19,ecarlesi,url,https://hnma.top/,#phishing,https://twitter.com/ecarlesi/status/1435428001571803137
2021-09-08 02:21:21,romonlyht,url,https://annazom.co.jp.u7dgpx.cn/,#phishing,https://twitter.com/romonlyht/status/1435428011042504707
2021-09-08 02:21:21,romonlyht,ip,117.50.11.171,#phishing,https://twitter.com/romonlyht/status/1435428011042504707
2021-09-08 02:21:21,romonlyht,ip,204.44.92.220,#phishing,https://twitter.com/romonlyht/status/1435428011042504707
2021-09-08 02:22:22,romonlyht,url,https://aroueaom.sen9eb.cn/,#phishing,https://twitter.com/romonlyht/status/1435428266001637376
2021-09-08 02:22:22,romonlyht,url,https://aroueaom.sen9eb.cn/pc/amazonall_signin1.php,#phishing,https://twitter.com/romonlyht/status/1435428266001637376
2021-09-08 02:22:22,romonlyht,ip,101.36.64.82,#phishing,https://twitter.com/romonlyht/status/1435428266001637376
2021-09-08 02:22:22,romonlyht,ip,155.94.163.136,#phishing,https://twitter.com/romonlyht/status/1435428266001637376
2021-09-08 02:23:06,romonlyht,url,https://amazom.rveqgs.shop/,#phishing,https://twitter.com/romonlyht/status/1435428449707966464
2021-09-08 02:23:06,romonlyht,url,https://amazom.rveqgs.shop/pc/,#phishing,https://twitter.com/romonlyht/status/1435428449707966464
2021-09-08 02:23:06,romonlyht,ip,118.107.56.138,#phishing,https://twitter.com/romonlyht/status/1435428449707966464
2021-09-08 02:23:06,romonlyht,ip,107.172.142.110,#phishing,https://twitter.com/romonlyht/status/1435428449707966464
2021-09-08 02:24:21,romonlyht,url,https://amzonxiaomengdebi.xyz/,#phishing,https://twitter.com/romonlyht/status/1435428765056724996
2021-09-08 02:24:21,romonlyht,ip,123.54.29.250,#phishing,https://twitter.com/romonlyht/status/1435428765056724996
2021-09-08 02:24:21,romonlyht,ip,192.3.12.115,#phishing,https://twitter.com/romonlyht/status/1435428765056724996
2021-09-08 02:25:02,romonlyht,url,https://zmzoomm.ddnsking.com/?danielid=aaaa@example.jp,#phishing,https://twitter.com/romonlyht/status/1435428937606184964
2021-09-08 02:25:02,romonlyht,ip,173.82.94.138,#phishing,https://twitter.com/romonlyht/status/1435428937606184964
2021-09-08 02:25:02,romonlyht,ip,34.97.175.201,#phishing,https://twitter.com/romonlyht/status/1435428937606184964
2021-09-08 02:25:43,ecarlesi,url,http://mcrsft-cula.xyz/,#phishing,https://twitter.com/ecarlesi/status/1435429108352233476
2021-09-08 02:26:24,romonlyht,url,https://amzo.dalianrexian.net.cn/,#phishing,https://twitter.com/romonlyht/status/1435429282579243012
2021-09-08 02:26:24,romonlyht,ip,117.50.162.189,#phishing,https://twitter.com/romonlyht/status/1435429282579243012
2021-09-08 02:26:24,romonlyht,ip,198.211.1.231,#phishing,https://twitter.com/romonlyht/status/1435429282579243012
2021-09-08 02:27:42,romonlyht,url,https://amtodnshi63.aonmthis.top/,#phishing,https://twitter.com/romonlyht/status/1435429608216694785
2021-09-08 02:27:42,romonlyht,ip,222.129.38.108,#phishing,https://twitter.com/romonlyht/status/1435429608216694785
2021-09-08 02:27:42,romonlyht,ip,172.67.146.227,#phishing,https://twitter.com/romonlyht/status/1435429608216694785
2021-09-08 02:28:57,romonlyht,url,https://www.aoemcnao.aoenmcn.com/,#phishing,https://twitter.com/romonlyht/status/1435429924920127491
2021-09-08 02:28:57,romonlyht,ip,116.85.72.73,#phishing,https://twitter.com/romonlyht/status/1435429924920127491
2021-09-08 02:28:57,romonlyht,ip,155.235.250.141,#phishing,https://twitter.com/romonlyht/status/1435429924920127491
2021-09-08 02:30:34,ecarlesi,url,https://seguridad-santaderparticulares.top,#phishing,https://twitter.com/ecarlesi/status/1435430329922228225
2021-09-08 02:30:45,romonlyht,url,https://www.acemoa.aoenmce.com/,#phishing,https://twitter.com/romonlyht/status/1435430377980530691
2021-09-08 02:30:45,romonlyht,ip,116.85.13.10,#phishing,https://twitter.com/romonlyht/status/1435430377980530691
2021-09-08 02:30:45,romonlyht,ip,154.23.177.98,#phishing,https://twitter.com/romonlyht/status/1435430377980530691
2021-09-08 02:31:28,ecarlesi,url,http://platform-site.xyz/,#phishing,https://twitter.com/ecarlesi/status/1435430556892815361
2021-09-08 02:36:51,ecarlesi,url,http://seguridad-santaderparticulares.top,#phishing,https://twitter.com/ecarlesi/status/1435431910629576705
2021-09-08 02:38:04,ecarlesi,url,https://sentinelapp.info/hd8y/nuevo_files/flashplayerv3.1.apk,#malware,https://twitter.com/ecarlesi/status/1435432217170350081
2021-09-08 02:38:04,ecarlesi,url,http://sentinelcenter.info/w3pr/nuevo_files/flashplayer_v6.apk,#malware,https://twitter.com/ecarlesi/status/1435432217174593537
2021-09-08 02:42:43,ecarlesi,url,https://fengxiu.tech,#phishing,https://twitter.com/ecarlesi/status/1435433388115173376
2021-09-08 02:46:24,ecarlesi,url,https://track-my.delivery/,#phishing,https://twitter.com/ecarlesi/status/1435434313525379083
2021-09-08 02:48:40,ecarlesi,url,http://platform-site.xyz/asn/,#phishing,https://twitter.com/ecarlesi/status/1435434886106697735
2021-09-08 03:00:02,dnstwist,domain,blockchain-secure.info,#phishing,https://twitter.com/dnstwist/status/1435437745829257216
2021-09-08 03:07:23,ecarlesi,url,http://platform-site.xyz/abn/,#phishing,https://twitter.com/ecarlesi/status/1435439597824135172
2021-09-08 03:08:45,ecarlesi,url,https://onlineacctchase03b.support/user/,#phishing,https://twitter.com/ecarlesi/status/1435439941861924873
2021-09-08 03:18:01,ecarlesi,url,http://platform-site.xyz/digid.php,#phishing,https://twitter.com/ecarlesi/status/1435442273186107395
2021-09-08 03:20:01,dnstwist,domain,user-live.com,#phishing,https://twitter.com/dnstwist/status/1435442774757814282
2021-09-08 03:25:06,ecarlesi,url,http://platform-site.xyz/ing/,#phishing,https://twitter.com/ecarlesi/status/1435444055069036556
2021-09-08 03:32:15,ecarlesi,url,http://platform-site.xyz/knab/,#phishing,https://twitter.com/ecarlesi/status/1435445853834121217
2021-09-08 03:34:50,ecarlesi,url,http://platform-site.xyz/rabo/,#phishing,https://twitter.com/ecarlesi/status/1435446503397634051
2021-09-08 03:39:28,harugasumi,url,https://www.aoemcnso.aoenmcn.com/,#phishing,https://twitter.com/harugasumi/status/1435447669858586631
2021-09-08 03:41:32,ecarlesi,url,http://platform-site.xyz/regio/,#phishing,https://twitter.com/ecarlesi/status/1435448189780480002
2021-09-08 03:49:09,ecarlesi,url,http://mob-onlinewf.quest/,#phishing,https://twitter.com/ecarlesi/status/1435450107659530240
2021-09-08 03:54:52,ecarlesi,url,http://protectonlineaccount.quest/,#phishing,https://twitter.com/ecarlesi/status/1435451547215929344
2021-09-08 03:54:52,ecarlesi,url,http://centerwfnotice.quest/,#phishing,https://twitter.com/ecarlesi/status/1435451547572375552
2021-09-08 03:56:21,ecarlesi,url,http://protectonlineaccount.quest/auth/login/?id=wekbtit4sm5xrn60afi36ypx5isuqv8feaxx,#phishing,https://twitter.com/ecarlesi/status/1435451917422022657
2021-09-08 03:56:23,ecarlesi,url,http://centerwfnotice.quest/auth/login/?id=5xar4tt5sgxxb8jmtnu6tzpxw6pmddm7khix,#phishing,https://twitter.com/ecarlesi/status/1435451925269463045
2021-09-08 04:00:50,ecarlesi,url,http://wfnoticesecurity.quest/,#phishing,https://twitter.com/ecarlesi/status/1435453046016946179
2021-09-08 04:01:46,phishunt_io,url,https://steamcommunityzbo.top/,#phishing #scam,https://twitter.com/phishunt_io/status/1435453280403009538
2021-09-08 04:01:46,phishunt_io,ip,95.181.152.232,#phishing #scam,https://twitter.com/phishunt_io/status/1435453280403009538
2021-09-08 04:02:27,ecarlesi,url,http://wfnoticesecurity.quest/auth/login/?id=244fhttp503xmtwmfmy05pixebkosgz8u34x,#phishing,https://twitter.com/ecarlesi/status/1435453455221596160
2021-09-08 04:05:01,ecarlesi,url,http://platform-site.xyz/sns/,#phishing,https://twitter.com/ecarlesi/status/1435454099626024961
2021-09-08 04:08:20,ecarlesi,url,http://card-wf-info.website/,#phishing,https://twitter.com/ecarlesi/status/1435454933818544129
2021-09-08 04:08:47,ecarlesi,url,http://card-wf-info.website/auth/login/?id=f44smfqynihxr62dbp4tnpvxdg836bx5qbvx,#phishing,https://twitter.com/ecarlesi/status/1435455048981618691
2021-09-08 04:10:07,ecarlesi,url,http://notice-wf-online.website/,#phishing,https://twitter.com/ecarlesi/status/1435455383678640128
2021-09-08 04:11:27,ecarlesi,url,http://notice-wf-online.website/auth/login/?id=b7dvqiszofvxb08raasjho2x42ipmoeqwcgx,#phishing,https://twitter.com/ecarlesi/status/1435455720217063424
2021-09-08 04:12:10,secbird1,url,https://mearceri-co-jp.eey500.top/,#phishing,https://twitter.com/secbird1/status/1435455899997380615
2021-09-08 04:12:10,secbird1,ip,72.44.73.82,#phishing,https://twitter.com/secbird1/status/1435455899997380615
2021-09-08 04:14:34,ecarlesi,url,http://1zs.ltd/download/zczs.apk,#malware,https://twitter.com/ecarlesi/status/1435456501632671750
2021-09-08 04:14:34,ecarlesi,url,http://notice-wf-online.website/auth/login/?id=kjnexxu0jb8x5rwrrihv52wx8d0ztj6i0d5x,#phishing,https://twitter.com/ecarlesi/status/1435456501766836235
2021-09-08 04:21:21,ecarlesi,url,http://notice-wf-card.website/,#phishing,https://twitter.com/ecarlesi/status/1435458210392166402
2021-09-08 04:22:17,ecarlesi,url,http://wfcenteronline.website/auth/login/?id=ctiw35guwqexgzekcoc4mtvxvdqbduapyszx,#phishing,https://twitter.com/ecarlesi/status/1435458444983738372
2021-09-08 04:25:00,ecarlesi,url,http://wellsprotectonline.website/auth/login/?id=dfz6vtq72c6xprb54uvjuavxjwyz66zr07bx,#phishing,https://twitter.com/ecarlesi/status/1435459126935629824
2021-09-08 04:25:33,ecarlesi,url,http://notice-wf-card.website/auth/login/?id=ta3vfacqzxixugn5av4qissxypfp3n2n2cex,#phishing,https://twitter.com/ecarlesi/status/1435459266899546114
2021-09-08 04:26:56,ecarlesi,url,http://wellsloginerror.website/auth/login/?id=8ricxvk64qxxjm3y2c6vppnxed0ayukqb2vx,#phishing,https://twitter.com/ecarlesi/status/1435459614800285697
2021-09-08 04:26:59,ecarlesi,url,http://wellsprotectonline.website/,#phishing,https://twitter.com/ecarlesi/status/1435459625994883075
2021-09-08 04:28:32,ecarlesi,url,http://notice-wf-card.website/auth/login/?id=yd5okq85y2ixrbxj2mky6ddx3084scukampx,#phishing,https://twitter.com/ecarlesi/status/1435460016400736262
2021-09-08 04:29:12,ecarlesi,url,http://wf-info-company.website/auth/login/?id=sgqj43xji5ox7da0fz85h7nx3qszi60ft58x,#phishing,https://twitter.com/ecarlesi/status/1435460187360481285
2021-09-08 04:29:46,ecarlesi,url,http://wfcenteronline.website/,#phishing,https://twitter.com/ecarlesi/status/1435460326775009281
2021-09-08 04:31:15,ecarlesi,url,http://wfsupportcenter.website/auth/login/?id=emv846h57m4x65ykduvghqbxhongp0o4ctmx,#phishing,https://twitter.com/ecarlesi/status/1435460700953092098
2021-09-08 04:36:45,ecarlesi,url,http://wfsupportcenter.website/auth/login/?id=08s7imtdcnqx2mxstvcekx7xqaeovyh6mcdx,#phishing,https://twitter.com/ecarlesi/status/1435462087363502080
2021-09-08 04:38:56,pingineer_jp,url,http://www.aeoenmo.aoenmce.com/,#phishing #scam,https://twitter.com/pingineer_jp/status/1435462634476765186
2021-09-08 04:40:35,ecarlesi,url,https://moviesdata.xyz/mvdata.zip,#phishing,https://twitter.com/ecarlesi/status/1435463050358894595
2021-09-08 04:44:25,ecarlesi,url,https://asce.work/web/,#phishing,https://twitter.com/ecarlesi/status/1435464015220727815
2021-09-08 04:47:22,pingineer_jp,url,https://jpwtygnou.club/r/lt-76nfbf6an,#phishing #scam,https://twitter.com/pingineer_jp/status/1435464759483133956
2021-09-08 04:58:34,ecarlesi,url,https://asce.work/,#phishing,https://twitter.com/ecarlesi/status/1435467576885268485
2021-09-08 05:00:19,ecarlesi,url,https://asce.work/web/auth/,#phishing,https://twitter.com/ecarlesi/status/1435468016670683141
2021-09-08 05:05:40,ecarlesi,url,https://asce.work/web/auth/4/,#phishing,https://twitter.com/ecarlesi/status/1435469361653981185
2021-09-08 05:09:03,MalwarePatrol,url,http://lookatmynewphotos.com/,#phishing,https://twitter.com/MalwarePatrol/status/1435470213718417409
2021-09-08 05:09:44,ecarlesi,url,https://asce.work/web/auth/4/logon/,#phishing,https://twitter.com/ecarlesi/status/1435470387375230976
2021-09-08 05:22:55,ecarlesi,url,https://asce.work/web/auth/4/logon/logon/,#phishing,https://twitter.com/ecarlesi/status/1435473705698840579
2021-09-08 05:34:04,ecarlesi,url,http://xlslot88.buzz/m/downloads/download.apk,#malware,https://twitter.com/ecarlesi/status/1435476509872041984
2021-09-08 05:37:22,ecarlesi,url,http://ovo777.buzz/m/downloads/download.apk,#malware,https://twitter.com/ecarlesi/status/1435477340373536768
2021-09-08 05:55:02,HeliosCert,ip,120.57.222.199,#malware,https://twitter.com/HeliosCert/status/1435481787925467141
2021-09-08 05:55:02,HeliosCert,sha256,7ceb76c25184d9048d5547bb7a085e4657d5a271c6c1032a86fe02d8993c797b,#malware,https://twitter.com/HeliosCert/status/1435481787925467141
2021-09-08 06:00:02,HeliosCert,ip,103.210.45.115,#malware,https://twitter.com/HeliosCert/status/1435483043087650821
2021-09-08 06:00:02,HeliosCert,sha256,258e0d0b2086ff17e753134d42564aaeb2d3bd6ab65c385bc87b5a811a2f1238,#malware,https://twitter.com/HeliosCert/status/1435483043087650821
2021-09-08 06:00:02,HeliosCert,ip,185.124.229.112,#malware,https://twitter.com/HeliosCert/status/1435483045436481538
2021-09-08 06:00:02,HeliosCert,sha256,b02e1d13e04b8ddc083c8af28dda3f5008f509315e03d49a52d65354a4893983,#malware,https://twitter.com/HeliosCert/status/1435483045436481538
2021-09-08 06:10:02,HeliosCert,ip,117.192.196.73,#malware,https://twitter.com/HeliosCert/status/1435485559338770434
2021-09-08 06:10:02,HeliosCert,sha256,49d2100d976cc153017361234969b81fa24b0e91c94d9bdef052a3c9c8f2ab65,#malware,https://twitter.com/HeliosCert/status/1435485559338770434
2021-09-08 06:14:58,PhishStats,url,http://pagereportsabuse.co.vu/,#phishing,https://twitter.com/PhishStats/status/1435486801054031873
2021-09-08 06:14:58,PhishStats,ip,194.59.164.143,#phishing,https://twitter.com/PhishStats/status/1435486801054031873
2021-09-08 06:17:35,harugasumi,url,https://amauonz.nvurd6.top,#phishing,https://twitter.com/harugasumi/status/1435487460591423491
2021-09-08 06:20:02,HeliosCert,ip,124.123.164.156,#malware,https://twitter.com/HeliosCert/status/1435488079809327108
2021-09-08 06:20:02,HeliosCert,sha256,d39d039843e5f9bb6aa36fa5da7894a5a33115e2c1cb782a15467881f48935af,#malware,https://twitter.com/HeliosCert/status/1435488079809327108
2021-09-08 06:22:44,RedBeardIOCs,sha256,c1c0a97dbf59e7b5578f703654091cf58464f429609a04e8b4782b365776033c,#AgentTesla,https://twitter.com/RedBeardIOCs/status/1435488757017456642
2021-09-08 06:22:44,RedBeardIOCs,sha256,0312216517271aadeb123f9e94e472d7c4a16521c379eb88569d58af61f022b4,#AgentTesla,https://twitter.com/RedBeardIOCs/status/1435488757017456642
2021-09-08 06:22:44,RedBeardIOCs,sha256,b134e7c308ccf75e2917ccbb97f5ae74ced91398bf35c9a477e5b41d58468f5f,#AgentTesla,https://twitter.com/RedBeardIOCs/status/1435488757017456642
2021-09-08 06:22:44,RedBeardIOCs,sha256,3c77064fa65f86081fcb9191953960230fb389c9500053d9d5955be8bf5f53f5,#AgentTesla,https://twitter.com/RedBeardIOCs/status/1435488757017456642
2021-09-08 06:23:21,malwrhunterteam,url,https://inquiry-purchase-portal.web.app/,,https://twitter.com/malwrhunterteam/status/1435488913959931906
2021-09-08 06:35:02,HeliosCert,ip,115.29.169.54,#malware,https://twitter.com/HeliosCert/status/1435491852304650240
2021-09-08 06:35:02,HeliosCert,sha256,c944423306bf2405c7ca0816b00d6d73c9cda4bccbff81bdff1f3cfd6ce54caf,#malware,https://twitter.com/HeliosCert/status/1435491852304650240
2021-09-08 06:35:37,pingineer_jp,url,https://www.etc-meisai.jp.pipiajm.cn/,#phishing #scam,https://twitter.com/pingineer_jp/status/1435492000887832576
2021-09-08 06:45:02,HeliosCert,ip,201.209.189.120,#malware,https://twitter.com/HeliosCert/status/1435494367846936576
2021-09-08 06:45:02,HeliosCert,sha256,8f4baaf2de0d6c9fe050e5362bde2a9274962006c1ab2483339521324ca45913,#malware,https://twitter.com/HeliosCert/status/1435494367846936576
2021-09-08 06:45:18,RedBeardIOCs,sha256,aed42e36d4f345dc284d12bca4ce6bbea18e1aa26d6195863751a8774b674908,#Dridex,https://twitter.com/RedBeardIOCs/status/1435494435228459008
2021-09-08 06:45:18,RedBeardIOCs,sha256,1419dbba0f1857b48aa9fce778731496c8518317a157c6be6609e0dbeccd70aa,#Dridex,https://twitter.com/RedBeardIOCs/status/1435494435228459008
2021-09-08 06:45:18,RedBeardIOCs,sha256,54eb3cc5078fb44ddbba511bb801cd2f25aa4bc85c3feb8ceb5c3aa932d2f6af,#Dridex,https://twitter.com/RedBeardIOCs/status/1435494435228459008
2021-09-08 06:45:18,RedBeardIOCs,sha256,fa09b2134ecb1a39cadee587376b6386e10ef68681fb42cd6182fd6c06603f0c,#Dridex,https://twitter.com/RedBeardIOCs/status/1435494435228459008
2021-09-08 06:45:18,RedBeardIOCs,sha256,fe37d333eec6df54b1011b6f00738c6e6356cdb316e37c5651ac56b88abfe000,#Dridex,https://twitter.com/RedBeardIOCs/status/1435494436797128704
2021-09-08 06:45:18,RedBeardIOCs,sha256,399142a43ea12169ae788519bbdce8a7f8cccf62545dbef5923a6137386f7856,#Dridex,https://twitter.com/RedBeardIOCs/status/1435494436797128704
2021-09-08 06:45:18,RedBeardIOCs,sha256,7d1a76c768c02d8959070cda63714fa5a13c298daa807e3cad62bf75b5b75bda,#Dridex,https://twitter.com/RedBeardIOCs/status/1435494436797128704
2021-09-08 06:45:18,RedBeardIOCs,sha256,9e113762decbf19c38e976f257fd5ecdbd87d388c8ebe9ac63c83c900ec015f4,#Dridex,https://twitter.com/RedBeardIOCs/status/1435494436797128704
2021-09-08 06:45:18,RedBeardIOCs,sha256,82e454e7cffdb3370d5d0c3f9e48d20273c867cfd80e3f88b3fc6031207fe2e1,#Dridex,https://twitter.com/RedBeardIOCs/status/1435494438479011844
2021-09-08 06:45:18,RedBeardIOCs,sha256,3565a417c2e6be2f03fb7ee2fbcb638d01a01b070fff8d8a46b80ab23b361af0,#Dridex,https://twitter.com/RedBeardIOCs/status/1435494438479011844
2021-09-08 06:45:18,RedBeardIOCs,sha256,db01b59a51922b3457af29d94117ad851f1147d940e1c4bbd54a604fc513d113,#Dridex,https://twitter.com/RedBeardIOCs/status/1435494438479011844
2021-09-08 06:45:18,RedBeardIOCs,sha256,3b9544423cce398570badfb74ae6acd06a89d5263ca4c9ed9eb996c5e10486cf,#Dridex,https://twitter.com/RedBeardIOCs/status/1435494438479011844
2021-09-08 06:45:19,RedBeardIOCs,sha256,2934699ca5ea2272225cb261daa52bbebc4d507e954b35d41ce5a6ec939b67a7,#Dridex,https://twitter.com/RedBeardIOCs/status/1435494440009879553
2021-09-08 06:45:19,RedBeardIOCs,sha256,25d12fbc0e6acd04de5d35b3ad9d5aa7b79562cc6e7d7a620b4ae8bf16ebce3c,#Dridex,https://twitter.com/RedBeardIOCs/status/1435494440009879553
2021-09-08 06:45:19,RedBeardIOCs,sha256,1374b2c29e2d55fcff1f64f961dae75af37db77809c78cbbbe074dee842c2519,#Dridex,https://twitter.com/RedBeardIOCs/status/1435494440009879553
2021-09-08 06:45:19,RedBeardIOCs,sha256,f9d322dcf15d02cc6d7b7eeab83499c3382ce37a099ea99dd5d5920fcee802d8,#Dridex,https://twitter.com/RedBeardIOCs/status/1435494440009879553
2021-09-08 06:45:19,RedBeardIOCs,sha256,892069f8332d57f24252f62f94a6f0d2ba52507b144577cfb0e55546fbfbfb50,#Dridex,https://twitter.com/RedBeardIOCs/status/1435494441515683840
2021-09-08 06:45:19,RedBeardIOCs,sha256,bacaec4923b8e64f6c946ecfef5ac6c00eaac72e2ec10dd3be602d8a9edf0c6e,#Dridex,https://twitter.com/RedBeardIOCs/status/1435494441515683840
2021-09-08 06:45:19,RedBeardIOCs,sha256,7da4c919c58f5123038498378e33301cfae0be3c3e68fb70ce9eca3e4e55b1ec,#Dridex,https://twitter.com/RedBeardIOCs/status/1435494441515683840
2021-09-08 06:45:19,RedBeardIOCs,sha256,90f56cc8deefc3179d96999c38175d86da03ce120dfff5dd89c63b99df45e080,#Dridex,https://twitter.com/RedBeardIOCs/status/1435494441515683840
2021-09-08 06:45:20,RedBeardIOCs,sha256,1542320f6e791a127111f44bbe31a9f987573833bd18e130bbd8028e8ed88811,#Dridex,https://twitter.com/RedBeardIOCs/status/1435494443008905222
2021-09-08 06:45:20,RedBeardIOCs,sha256,ae3595adf7d4674b9eff5c30b6fe8826e60b6c26f344228b53b0d9824e231587,#Dridex,https://twitter.com/RedBeardIOCs/status/1435494443008905222
2021-09-08 06:45:20,RedBeardIOCs,sha256,530941a0d07330bc7d3b94eee8be3b92ebf28ee8b68038838630499cfd1596ff,#Dridex,https://twitter.com/RedBeardIOCs/status/1435494443008905222
2021-09-08 06:45:20,RedBeardIOCs,sha256,8459923c57981e8e92f55c013ee1abea8edb719ba58b508e2997345a46fd1cff,#Dridex,https://twitter.com/RedBeardIOCs/status/1435494443008905222
2021-09-08 06:50:03,STT60861270,url,https://lalucarna.cl/wp-includes/js/wp-auth-check.php,#phishing,https://twitter.com/STT60861270/status/1435495630470852616
2021-09-08 06:50:03,STT60861270,url,https://professia.com.ar/wp-includes/fonts/otp-hu/,#phishing,https://twitter.com/STT60861270/status/1435495630470852616
2021-09-08 06:56:06,secbird1,url,http://nttdocomo.jp.in4energy.com,#phishing,https://twitter.com/secbird1/status/1435497153686687749
2021-09-08 06:56:06,secbird1,ip,155.94.235.113,#phishing,https://twitter.com/secbird1/status/1435497153686687749
2021-09-08 07:00:23,RedBeardIOCs,sha256,b881067b2a9a3dde3c030e146eac6cdb8c1bbc1aaca9b8a3e157160fecb52b36,#Dridex,https://twitter.com/RedBeardIOCs/status/1435498233791385601
2021-09-08 07:00:23,RedBeardIOCs,sha256,bde9f019d2adfa4ee6b909ff0d4b2aea57303b2c0d4b6c34f5d2824ca5b07714,#Dridex,https://twitter.com/RedBeardIOCs/status/1435498233791385601
2021-09-08 07:00:23,RedBeardIOCs,sha256,2f6377f1cf96752d39adf0e32e8e81ee33a6588513779899dd51142b47085787,#Dridex,https://twitter.com/RedBeardIOCs/status/1435498233791385601
2021-09-08 07:00:23,RedBeardIOCs,sha256,e43a9f4affe009837a0a2bffda2641c4646118e9c1623c959716dc75e172ae88,#Dridex,https://twitter.com/RedBeardIOCs/status/1435498233791385601
2021-09-08 07:00:24,RedBeardIOCs,sha256,7344a9d495b9e3040f8b9162083ddd4e523ed33ebaeb361081fd67f75639338a,#Dridex,https://twitter.com/RedBeardIOCs/status/1435498235397820417
2021-09-08 07:00:24,RedBeardIOCs,sha256,0158c1597f600b31319e296e05b806fb1403f59bea10ca9cb35f47f3aa548e2f,#Dridex,https://twitter.com/RedBeardIOCs/status/1435498235397820417
2021-09-08 07:00:24,RedBeardIOCs,sha256,ba5c3007ed4c4134ee300f0620ad153c7e5eb172635b072c221ea93cfc1de33d,#Dridex,https://twitter.com/RedBeardIOCs/status/1435498235397820417
2021-09-08 07:00:24,RedBeardIOCs,sha256,c3a9845292a44c04675f6378c83609fe3f842c0c2bbc5ede8b19dce824f46d81,#Dridex,https://twitter.com/RedBeardIOCs/status/1435498235397820417
2021-09-08 07:00:24,RedBeardIOCs,sha256,72c896cb11c36236ece0d5fe81110e9d925bdeaae4cbfed435fc1afcdc22d08b,#Dridex,https://twitter.com/RedBeardIOCs/status/1435498236941381633
2021-09-08 07:00:24,RedBeardIOCs,sha256,0a82b9593699b00da3c98fab554e697156f106569899db9471247bf2e9b6b4f2,#Dridex,https://twitter.com/RedBeardIOCs/status/1435498236941381633
2021-09-08 07:00:24,RedBeardIOCs,sha256,327eb496737f1fceb03216535dd771ec670e1064e9d1e5ccabb4654eb85694a3,#Dridex,https://twitter.com/RedBeardIOCs/status/1435498236941381633
2021-09-08 07:00:24,RedBeardIOCs,sha256,1bd2083c551f113660b7a2141c11aa2dc7938d9e61ccffc09aebfafb4d244165,#Dridex,https://twitter.com/RedBeardIOCs/status/1435498236941381633
2021-09-08 07:00:24,RedBeardIOCs,sha256,8248047ce6c233b25572b2f31d1f64f526106571cdbc39cd128d7ec78dfcd597,#Dridex,https://twitter.com/RedBeardIOCs/status/1435498238493212673
2021-09-08 07:00:24,RedBeardIOCs,sha256,16777812a18a7d75a86c61b6a09ada3228559a7a964bf65cb4c82ee2225402f0,#Dridex,https://twitter.com/RedBeardIOCs/status/1435498238493212673
2021-09-08 07:00:24,RedBeardIOCs,sha256,7ae20ad00679f8d01e3583fc54d022c3cfeabd1a2c56e4f2900b70e940c18ad7,#Dridex,https://twitter.com/RedBeardIOCs/status/1435498238493212673
2021-09-08 07:00:24,RedBeardIOCs,sha256,d153b1286c07823fcf56d0369454271363ef8f281137f5408e265eb5ab5500ae,#Dridex,https://twitter.com/RedBeardIOCs/status/1435498238493212673
2021-09-08 07:00:25,RedBeardIOCs,sha256,f7a346808bec2a5c24ef1e65bcce1654db3efa1a2c086c5afd0be80654ea7b5c,#Dridex,https://twitter.com/RedBeardIOCs/status/1435498240070361092
2021-09-08 07:00:25,RedBeardIOCs,sha256,dd14d7f1b4c88359d65a86a646b305603748e5e2b65bcdd4814cad5d585919e3,#Dridex,https://twitter.com/RedBeardIOCs/status/1435498240070361092
2021-09-08 07:00:25,RedBeardIOCs,sha256,18d6d23148d0c1b983a5c4e71ecb6088e1e6b8f0d4e1654516c4c7c1d395a6cd,#Dridex,https://twitter.com/RedBeardIOCs/status/1435498240070361092
2021-09-08 07:00:25,RedBeardIOCs,sha256,55fbb6e00e640912b6310d3dd32fd031fcdee5285910ee63c4eee4e821b2c8d9,#Dridex,https://twitter.com/RedBeardIOCs/status/1435498240070361092
2021-09-08 07:00:25,RedBeardIOCs,sha256,36243cf2714d4ef476ffefa05e288190cf5191163fcde0b5f06166f3b96d7475,#Dridex,https://twitter.com/RedBeardIOCs/status/1435498241626411012
2021-09-08 07:00:25,RedBeardIOCs,sha256,ab0f0923876ce131483e7934c740009c002c41ca260731de320d6398450d2326,#Dridex,https://twitter.com/RedBeardIOCs/status/1435498241626411012
2021-09-08 07:00:25,RedBeardIOCs,sha256,696e425bb2db9645e243b4483869c958db592a0f7a96bd6d7017a96a4d4311e6,#Dridex,https://twitter.com/RedBeardIOCs/status/1435498241626411012
2021-09-08 07:00:25,RedBeardIOCs,sha256,df74aba57a1661adcf3b57e86fbab0b71ddf498cb9c2fec7d4855250144205ee,#Dridex,https://twitter.com/RedBeardIOCs/status/1435498241626411012
2021-09-08 07:00:26,RedBeardIOCs,sha256,88cf21b6cde2e0d0cce2363c6bbf50454bce8d23a8db3e965c2e81c392718d52,#Dridex,https://twitter.com/RedBeardIOCs/status/1435498243174060033
2021-09-08 07:00:26,RedBeardIOCs,sha256,9ea69cbf54a020c3e8972aef8392f1bda12248355536b6ad10801433e395577d,#Dridex,https://twitter.com/RedBeardIOCs/status/1435498243174060033
2021-09-08 07:00:26,RedBeardIOCs,sha256,f2f8bb7d8216265d6ade6301acb5ee3da165bff1a6d061ffb1fb0fa99cec6d58,#Dridex,https://twitter.com/RedBeardIOCs/status/1435498243174060033
2021-09-08 07:00:26,RedBeardIOCs,sha256,3e957816e37bcbb78acbc35fb1f78645defcea72a23af81baba44a7137993d73,#Dridex,https://twitter.com/RedBeardIOCs/status/1435498243174060033
2021-09-08 07:00:26,RedBeardIOCs,sha256,e3106c4adeda79c034b3502020fe9dea9d68a1238c7a9ecbe2e4226484338936,#Dridex,https://twitter.com/RedBeardIOCs/status/1435498244746928130
2021-09-08 07:00:26,RedBeardIOCs,sha256,76718825e6629392342506c757d266c029eb79252b931172de16c4839663f9d6,#Dridex,https://twitter.com/RedBeardIOCs/status/1435498244746928130
2021-09-08 07:00:26,RedBeardIOCs,sha256,2b996ba1e0c5f1fe3fd6f157c87663c68178c81dc72daee49804a929a2776a89,#Dridex,https://twitter.com/RedBeardIOCs/status/1435498244746928130
2021-09-08 07:00:26,RedBeardIOCs,sha256,c744fe194438d8377bd94985a6bbb0a9bca67a3bfff4da961e29549c52663756,#Dridex,https://twitter.com/RedBeardIOCs/status/1435498244746928130
2021-09-08 07:00:26,RedBeardIOCs,sha256,f913fb2c5d6a6d8ce9f7c1af58a976a76b56c6344ed42b06e9f831af884a0bfe,#Dridex,https://twitter.com/RedBeardIOCs/status/1435498246273699840
2021-09-08 07:00:26,RedBeardIOCs,sha256,7bd00f41349fb318eb2e615f1d434e802daa24da78666d1ef8b82fef21c8cf4f,#Dridex,https://twitter.com/RedBeardIOCs/status/1435498246273699840
2021-09-08 07:00:26,RedBeardIOCs,sha256,791cd1ccba358af258f360047e0cb5e4e6dfb0f9a63fb4ec35dbff9cd30baffe,#Dridex,https://twitter.com/RedBeardIOCs/status/1435498246273699840
2021-09-08 07:00:26,RedBeardIOCs,sha256,226fdc12717b8527c35d0e776b8a1df2ff1068b889a2236471ff5457ef443152,#Dridex,https://twitter.com/RedBeardIOCs/status/1435498246273699840
2021-09-08 07:00:27,RedBeardIOCs,sha256,24cfd4e5368f612bdc540e376c31fecd45dfa5e4adf76aece017be51d90a1e1e,#Dridex,https://twitter.com/RedBeardIOCs/status/1435498247800434690
2021-09-08 07:00:27,RedBeardIOCs,sha256,24f5632aa80bc09b92bb4e79886ff5e99b0dfb9837eec536eb7add990e7ce1d0,#Dridex,https://twitter.com/RedBeardIOCs/status/1435498247800434690
2021-09-08 07:00:27,RedBeardIOCs,sha256,81ce0e14f63dd3afa95483ec33d756428dbe4a61b5d3863721569c8dff5e1fc0,#Dridex,https://twitter.com/RedBeardIOCs/status/1435498247800434690
2021-09-08 07:00:27,RedBeardIOCs,sha256,cdd7889077a3a5415c5a239e5cad95b19d85115da99cf5e5ffa50ae4e1f6abe1,#Dridex,https://twitter.com/RedBeardIOCs/status/1435498247800434690
2021-09-08 07:04:17,JAMESWT_MHT,domain,123qwegus.duckdns.org,,https://twitter.com/JAMESWT_MHT/status/1435499213845147648
2021-09-08 07:04:17,JAMESWT_MHT,ip,204.44.86.179,,https://twitter.com/JAMESWT_MHT/status/1435499213845147648
2021-09-08 07:05:07,ecarlesi,url,http://wfcenternotice.quest/,#phishing,https://twitter.com/ecarlesi/status/1435499421597319169
2021-09-08 07:07:52,ecarlesi,url,http://protectaccount.quest/,#phishing,https://twitter.com/ecarlesi/status/1435500115591057412
2021-09-08 07:08:15,ecarlesi,url,http://wfcenternotice.quest/auth/login/?id=saewggue7qcxoub7qy76odkx6pb8x8yu67dx,#phishing,https://twitter.com/ecarlesi/status/1435500211024142339
2021-09-08 07:08:45,smica83,url,https://erp.sevalkablo.com/wp-admin/e-bank/mkb/v3/index.php,#phishing,https://twitter.com/smica83/status/1435500337251684356
2021-09-08 07:12:54,smica83,url,https://professia.com.ar/wp-includes/fonts/otp-hu/index2.php,#phishing,https://twitter.com/smica83/status/1435501381641715713
2021-09-08 07:14:19,eudyzerpa,url,http://vviplosthntr.co.vu/,#phishing,https://twitter.com/eudyzerpa/status/1435501738392436736
2021-09-08 07:14:19,eudyzerpa,ip,185.187.241.6,#phishing,https://twitter.com/eudyzerpa/status/1435501738392436736
2021-09-08 07:15:24,RedBeardIOCs,sha256,da0549510d2db202b7a1f535663e3eb72e698d8f51abbc37f651b15da2ef5f9b,#Dridex,https://twitter.com/RedBeardIOCs/status/1435502010955182086
2021-09-08 07:15:24,RedBeardIOCs,sha256,830c0161575cf959b001f807ac6aa31b210de0fc076285ab8b880d86d1d17b1d,#Dridex,https://twitter.com/RedBeardIOCs/status/1435502010955182086
2021-09-08 07:15:24,RedBeardIOCs,sha256,e1f79a1d27f1c2527af83fbfc548ea4b489cbbf52029159969c4d8de027b3865,#Dridex,https://twitter.com/RedBeardIOCs/status/1435502010955182086
2021-09-08 07:15:24,RedBeardIOCs,sha256,fd3ad14bfcf79800bf08c8cb3a2f974674dfd07e1c319d95d12137bbf518910b,#Dridex,https://twitter.com/RedBeardIOCs/status/1435502010955182086
2021-09-08 07:15:24,RedBeardIOCs,sha256,93f61516b7fd3ce8f1e97f25b760bdf62ae58cc7714b559fefc2c75ad1130804,#Dridex,https://twitter.com/RedBeardIOCs/status/1435502012565708802
2021-09-08 07:15:24,RedBeardIOCs,sha256,cfce179f875999c6f47e7012d2eb1a3379154de4ee4e2852af1040c12a2f6bdf,#Dridex,https://twitter.com/RedBeardIOCs/status/1435502012565708802
2021-09-08 07:15:24,RedBeardIOCs,sha256,efa36585b8ac6ebd85616833457bbd113300bb69a2730c986fbf5ebbb768d9bc,#Dridex,https://twitter.com/RedBeardIOCs/status/1435502012565708802
2021-09-08 07:15:24,RedBeardIOCs,sha256,d2f9ef0ffd4435c9a1c47614d37e2ed1407998943c598f105f3b25d38ef29451,#Dridex,https://twitter.com/RedBeardIOCs/status/1435502012565708802
2021-09-08 07:15:25,RedBeardIOCs,sha256,85ed8acea34fcbf78bf8f39c19a6c80304c24aaa27b99a67495c4cccceadce31,#Dridex,https://twitter.com/RedBeardIOCs/status/1435502014096678912
2021-09-08 07:15:25,RedBeardIOCs,sha256,4376984c04c4b8674bd835d82f9d03316dc84a4a4ed5756a2db3db1d43151548,#Dridex,https://twitter.com/RedBeardIOCs/status/1435502014096678912
2021-09-08 07:15:25,RedBeardIOCs,sha256,ea144fa05fd12b1fd706f11d306c22faa87ca51c2893b93f43f7e0f7cde08e5a,#Dridex,https://twitter.com/RedBeardIOCs/status/1435502014096678912
2021-09-08 07:15:25,RedBeardIOCs,sha256,c813a71f7cc685509b1db7d691d41a553e6680e83c0c833e4b1fd30bbf14d61a,#Dridex,https://twitter.com/RedBeardIOCs/status/1435502014096678912
2021-09-08 07:15:25,RedBeardIOCs,sha256,5cab779a56e37f0a3810c95782a421bf8dda7b8243b8a35a37a27ee95017ebc8,#Dridex,https://twitter.com/RedBeardIOCs/status/1435502015627530242
2021-09-08 07:15:25,RedBeardIOCs,sha256,92e2f07f1fb6fb75067f5e13b2825fa6ec76545096b81839f619e76fbcc5625a,#Dridex,https://twitter.com/RedBeardIOCs/status/1435502015627530242
2021-09-08 07:15:25,RedBeardIOCs,sha256,924ddf1401036b2c4f70059db9b70e4b6d7fdc57e7462253a438fa527ff81a72,#Dridex,https://twitter.com/RedBeardIOCs/status/1435502015627530242
2021-09-08 07:15:25,RedBeardIOCs,sha256,bbac2ce894b8584f21f7ce1c0a8cb4eec8cbc3715df125e1cadffba80bb1d1b9,#Dridex,https://twitter.com/RedBeardIOCs/status/1435502015627530242
2021-09-08 07:15:25,RedBeardIOCs,sha256,dbcb9687be00816cc1362403e43114a3e5c5c0a2297a9a96c163e0af182ce5cc,#Dridex,https://twitter.com/RedBeardIOCs/status/1435502017192108034
2021-09-08 07:15:25,RedBeardIOCs,sha256,43062544989e7b85e2d419d73b943e1ac9a34ea1807270f0efb43d3bcd94dd07,#Dridex,https://twitter.com/RedBeardIOCs/status/1435502017192108034
2021-09-08 07:15:25,RedBeardIOCs,sha256,38390cd47c59b1fa254a5bc641e73a9e39d304efa91c97f2333e34949a1fcf59,#Dridex,https://twitter.com/RedBeardIOCs/status/1435502017192108034
2021-09-08 07:15:25,RedBeardIOCs,sha256,5b86f6f687c5bf5cfd26c7e0fce0004c8970766801c8d325e79364e803e4ab6a,#Dridex,https://twitter.com/RedBeardIOCs/status/1435502017192108034
2021-09-08 07:15:26,RedBeardIOCs,sha256,fa509838322d669038526bc4055a0addfb566057a72cd0958cf1012d27b98b34,#Dridex,https://twitter.com/RedBeardIOCs/status/1435502018748162055
2021-09-08 07:15:26,RedBeardIOCs,sha256,b463388acba98ebb843abaa54fa411ee5815ed74885869019267791057023bfa,#Dridex,https://twitter.com/RedBeardIOCs/status/1435502018748162055
2021-09-08 07:15:26,RedBeardIOCs,sha256,7542d5946babb20a5686c644bf8525234c11cd94f5d579af060fb538fef326ba,#Dridex,https://twitter.com/RedBeardIOCs/status/1435502018748162055
2021-09-08 07:15:26,RedBeardIOCs,sha256,f49bec0e608c9cf10d3428dbbd03bc9eb3232c790a2b664e7977a17603caaa26,#Dridex,https://twitter.com/RedBeardIOCs/status/1435502018748162055
2021-09-08 07:15:26,RedBeardIOCs,sha256,b0c969f0e4d3eb9559951f1b35213f82b34d4291a8456048771153faec86ef72,#Dridex,https://twitter.com/RedBeardIOCs/status/1435502020291670016
2021-09-08 07:15:26,RedBeardIOCs,sha256,20fc5d933a94b0c57f52505d71488be793eed6264f6a9a0386c30bd235053c61,#Dridex,https://twitter.com/RedBeardIOCs/status/1435502020291670016
2021-09-08 07:15:26,RedBeardIOCs,sha256,250de04b4b66fc74360e7b0ad7f1411d285d1ec0670ed238913fadb5e4c8eeff,#Dridex,https://twitter.com/RedBeardIOCs/status/1435502020291670016
2021-09-08 07:15:26,RedBeardIOCs,sha256,748347d2cf15ef3a0f68ac90bc7955d220c0cf9ec1ec6d0e3508964ff23f682e,#Dridex,https://twitter.com/RedBeardIOCs/status/1435502020291670016
2021-09-08 07:15:27,RedBeardIOCs,sha256,6457719edfe9504ce3b2ae9f426d904552370a6b5ddad71877f0c58e7dbe8e05,#Dridex,https://twitter.com/RedBeardIOCs/status/1435502021856141314
2021-09-08 07:15:27,RedBeardIOCs,sha256,2f41220c24cfdad444474a637459f3fdf29e377948972962ec1c70605f41195d,#Dridex,https://twitter.com/RedBeardIOCs/status/1435502021856141314
2021-09-08 07:15:27,RedBeardIOCs,sha256,7fca6bb3d7591c398c08ef964a811b5695ced279c38c971b29b66c130dd45b64,#Dridex,https://twitter.com/RedBeardIOCs/status/1435502021856141314
2021-09-08 07:15:27,RedBeardIOCs,sha256,42ecd668f242a562056908b44b566c808a1545875e53e97d00852cf76d4cc392,#Dridex,https://twitter.com/RedBeardIOCs/status/1435502021856141314
2021-09-08 07:19:19,BushidoToken,url,https://dealmakerz.co.uk/the-press-secretary-of-alexei-navalny-left-russia/,,https://twitter.com/BushidoToken/status/1435502998038450178
2021-09-08 07:19:19,BushidoToken,domain,dreamsteam.best,,https://twitter.com/BushidoToken/status/1435502998038450178
2021-09-08 07:19:19,BushidoToken,domain,dreamsteam.bar,,https://twitter.com/BushidoToken/status/1435502998038450178
2021-09-08 07:19:19,BushidoToken,domain,6859.loading.wowcontent.site,,https://twitter.com/BushidoToken/status/1435502998038450178
2021-09-08 07:19:39,ecarlesi,url,http://protectaccount.quest/auth/login/?id=z4xa78jx2ikx52oiabt0vtixijbdnnaw4mjx,#phishing,https://twitter.com/ecarlesi/status/1435503081983201281
2021-09-08 07:21:05,ecarlesi,url,http://protectaccount.quest/auth/login/?id=xt4xns0n35ixribhmkbmrc7xpfb8iv6553wx,#phishing,https://twitter.com/ecarlesi/status/1435503443658092544
2021-09-08 07:30:26,RedBeardIOCs,sha256,a0fef21ea606f8719624ad13b7401eda3f287fe6a7ac7a3ccc683ffe9190b39d,#Dridex,https://twitter.com/RedBeardIOCs/status/1435505794045337602
2021-09-08 07:30:26,RedBeardIOCs,sha256,128ceaece5d48fe01228c43714d41866d3dbbb3764d863a74c779051649c40cd,#Dridex,https://twitter.com/RedBeardIOCs/status/1435505794045337602
2021-09-08 07:30:26,RedBeardIOCs,sha256,65b9b8f6a75e2bceb36ac2ad0f43db7fb014ef37870cb2c4b585a2e1211f0ccf,#Dridex,https://twitter.com/RedBeardIOCs/status/1435505794045337602
2021-09-08 07:30:26,RedBeardIOCs,sha256,a941e61376e22e11e9a2d37f95294f0e3fcf6aa757bd882e70008719d8dc637c,#Dridex,https://twitter.com/RedBeardIOCs/status/1435505794045337602
2021-09-08 07:30:26,RedBeardIOCs,sha256,9b91d82138ac89a28975cb1551ed27faa0f7c3236b7a9fc3887393386f9bd58f,#Dridex,https://twitter.com/RedBeardIOCs/status/1435505795614056458
2021-09-08 07:30:26,RedBeardIOCs,sha256,e5534f7b55624803b381fe9f060cdf0cad125f5ca86cfe4572cd8bc991959934,#Dridex,https://twitter.com/RedBeardIOCs/status/1435505795614056458
2021-09-08 07:30:26,RedBeardIOCs,sha256,53c9ef87a2e8b5b08e728ec986724f81f207afb0201b914af9ac64b8898ec1fa,#Dridex,https://twitter.com/RedBeardIOCs/status/1435505795614056458
2021-09-08 07:30:26,RedBeardIOCs,sha256,4c54be41a2faab66ebe1484b30021ad0be949545f93784b349a48cea6f3934f8,#Dridex,https://twitter.com/RedBeardIOCs/status/1435505795614056458
2021-09-08 07:30:27,RedBeardIOCs,sha256,6d7cf7e35a5e00c948e6d66b3dcb0aa75e8660aef0af3150fbfed2f08e33d260,#Dridex,https://twitter.com/RedBeardIOCs/status/1435505797136535555
2021-09-08 07:30:27,RedBeardIOCs,sha256,b986ba061d0b7d239501b40d464cbac179707a715660f8ddd3e10bbef01b4bd1,#Dridex,https://twitter.com/RedBeardIOCs/status/1435505797136535555
2021-09-08 07:30:27,RedBeardIOCs,sha256,c4e2154ab3d9347e3c7957c23e46352593b561be73b01c2e87dd2f9b0f626f64,#Dridex,https://twitter.com/RedBeardIOCs/status/1435505797136535555
2021-09-08 07:30:27,RedBeardIOCs,sha256,2bbc75f345e12dbd393b7e6600dccde30786a2862d4a8e270a78fe42d0ffdb1e,#Dridex,https://twitter.com/RedBeardIOCs/status/1435505797136535555
2021-09-08 07:30:27,RedBeardIOCs,sha256,a4d9d549a46cc002fb91196c916f0ab6d104175a6021146bad37ed180459ac10,#Dridex,https://twitter.com/RedBeardIOCs/status/1435505798743052290
2021-09-08 07:30:27,RedBeardIOCs,sha256,b5e8f075092d1b87df6da795136d1d90db69057e9fb3c875af0a0d2ca92db739,#Dridex,https://twitter.com/RedBeardIOCs/status/1435505798743052290
2021-09-08 07:30:27,RedBeardIOCs,sha256,f81c4d2a0913ea4d8fced9377bcfda26b5ca21ca4334b4b3349f9fd4f2c8ec79,#Dridex,https://twitter.com/RedBeardIOCs/status/1435505798743052290
2021-09-08 07:30:27,RedBeardIOCs,sha256,d689b21656f9849b5b4f77d56ef6e0794f2e8b526c12969fb71e529d39acda64,#Dridex,https://twitter.com/RedBeardIOCs/status/1435505798743052290
2021-09-08 07:30:27,RedBeardIOCs,sha256,29ec2e6f128bdae801154810a1a14a7b7c8ca85ce67dc24abb4628a53abeaebf,#Dridex,https://twitter.com/RedBeardIOCs/status/1435505800278118406
2021-09-08 07:30:27,RedBeardIOCs,sha256,f5d7201a88721c6ec1cdac6e4a590d86061c2eb9db2235feaf8f3d474b14d97a,#Dridex,https://twitter.com/RedBeardIOCs/status/1435505800278118406
2021-09-08 07:30:27,RedBeardIOCs,sha256,4974eb5fee0f76ca84b2c167401df43bbb28d59469b529044c95d765ad991b00,#Dridex,https://twitter.com/RedBeardIOCs/status/1435505800278118406
2021-09-08 07:30:27,RedBeardIOCs,sha256,d03b2e5c98a1c449c92672c304a94f0ee5cf5511fa736b1c0ed2241c2f5ebf47,#Dridex,https://twitter.com/RedBeardIOCs/status/1435505800278118406
2021-09-08 07:30:28,RedBeardIOCs,sha256,f0f7e196e9f2be2d41819af5a2aff53c02dd336308baa5406f867e125c40282c,#Dridex,https://twitter.com/RedBeardIOCs/status/1435505801926426626
2021-09-08 07:30:28,RedBeardIOCs,sha256,3c4af49769844c49926f307d038ead046d8748e4de3d6641a08c8c40f914dc98,#Dridex,https://twitter.com/RedBeardIOCs/status/1435505801926426626
2021-09-08 07:30:28,RedBeardIOCs,sha256,e6757cf79e8893b6bedf81063560cfd57d03a4b353429d5c7ff585e9da7e5f02,#Dridex,https://twitter.com/RedBeardIOCs/status/1435505801926426626
2021-09-08 07:30:28,RedBeardIOCs,sha256,b60fcd3c68b048803582f8ea7631ed66b85f6a2714181d38732ea5c7def574fc,#Dridex,https://twitter.com/RedBeardIOCs/status/1435505801926426626
2021-09-08 07:34:32,drb_ra,ip,144.34.186.152,#CobaltStrike,https://twitter.com/drb_ra/status/1435506826418720771
2021-09-08 07:34:39,drb_ra,ip,5.183.101.103,#CobaltStrike,https://twitter.com/drb_ra/status/1435506857834172419
2021-09-08 07:34:45,drb_ra,ip,104.248.146.7,#CobaltStrike,https://twitter.com/drb_ra/status/1435506882781847553
2021-09-08 07:34:53,drb_ra,ip,49.235.158.131,#CobaltStrike,https://twitter.com/drb_ra/status/1435506912699863043
2021-09-08 07:35:03,drb_ra,ip,103.234.72.215,#CobaltStrike,https://twitter.com/drb_ra/status/1435506957696311302
2021-09-08 07:35:12,drb_ra,ip,212.4.55.125,#CobaltStrike,https://twitter.com/drb_ra/status/1435506994539081731
2021-09-08 07:45:22,RedBeardIOCs,sha256,68cdaef3f0ef5968579845ed4f1b0954ff5b3eb6dffd489fb280b0f7390d04d6,#Dridex,https://twitter.com/RedBeardIOCs/status/1435509553429352451
2021-09-08 07:45:22,RedBeardIOCs,sha256,f69c6be9fbd96c4788cf658721873b975595cc56baa4ecc5dd728b422b2d3d47,#Dridex,https://twitter.com/RedBeardIOCs/status/1435509553429352451
2021-09-08 07:45:22,RedBeardIOCs,sha256,bfdc4d37ff725233f0103afa2e37c70bcb7174ed6531ae8ecc4b78c657465e8c,#Dridex,https://twitter.com/RedBeardIOCs/status/1435509553429352451
2021-09-08 07:45:22,RedBeardIOCs,sha256,5ba1199a5bf5d73fa517c27cfc724354302445f539e6d5ed0834572c1fc3d9c9,#Dridex,https://twitter.com/RedBeardIOCs/status/1435509553429352451
2021-09-08 07:45:23,RedBeardIOCs,sha256,babfd8c648f948c18e81c874acc03a6d5ca47364632c1dc0f4e4733b6725c359,#Dridex,https://twitter.com/RedBeardIOCs/status/1435509555102945291
2021-09-08 07:45:23,RedBeardIOCs,sha256,b111a240f9b2e9b3203e9cc48da7058150475ffe89427b47aa89f999b11215a0,#Dridex,https://twitter.com/RedBeardIOCs/status/1435509555102945291
2021-09-08 07:45:23,RedBeardIOCs,sha256,aac43c6c351843737497ea48156ba2e1c7110deae5ce3bd7ce667860d989539e,#Dridex,https://twitter.com/RedBeardIOCs/status/1435509555102945291
2021-09-08 07:45:23,RedBeardIOCs,sha256,2088f6f4fc678f4e337c74023ec02fab49d49da11501ddcf7f5bf68e8f7da491,#Dridex,https://twitter.com/RedBeardIOCs/status/1435509555102945291
2021-09-08 07:45:23,RedBeardIOCs,sha256,34f260228497719db0d26d4e6db23c3dd849afbf293251641684223bbc1a1024,#Dridex,https://twitter.com/RedBeardIOCs/status/1435509556742742019
2021-09-08 07:45:23,RedBeardIOCs,sha256,eed0b5558704503d64c4becb8b32d98fead215bba746652f3cb33d31ce856613,#Dridex,https://twitter.com/RedBeardIOCs/status/1435509556742742019
2021-09-08 07:45:23,RedBeardIOCs,sha256,e0db9c7cc7e23e66f1a55c047558223f00cc004f06d24c5440e508b061a0202b,#Dridex,https://twitter.com/RedBeardIOCs/status/1435509556742742019
2021-09-08 07:45:23,RedBeardIOCs,sha256,fe23e08b9459610a91fa1258e8ef88e851f542a2ca45682590746ca29f5916a1,#Dridex,https://twitter.com/RedBeardIOCs/status/1435509556742742019
2021-09-08 07:45:23,RedBeardIOCs,sha256,6cdf93f4b31d2f4de09dc44febba294fda264aaef89a4d5450cfd6b1fe4a52a7,#Dridex,https://twitter.com/RedBeardIOCs/status/1435509558349287425
2021-09-08 07:45:23,RedBeardIOCs,sha256,77b4305eab1e87b7198134e6b16191db0fe387241e47f86b43e9337342453ebb,#Dridex,https://twitter.com/RedBeardIOCs/status/1435509558349287425
2021-09-08 07:45:23,RedBeardIOCs,sha256,3168daeb0b0b08b4c1799758513a61302e9df0d20131bafba66bfa3b6acd1c33,#Dridex,https://twitter.com/RedBeardIOCs/status/1435509558349287425
2021-09-08 07:45:23,RedBeardIOCs,sha256,290f47a3b45b828ec11202dc3a9f009ff02642448e57d923644b7b16a507f492,#Dridex,https://twitter.com/RedBeardIOCs/status/1435509558349287425
2021-09-08 07:45:24,RedBeardIOCs,sha256,838f8f15abc666d33af411fe9962772d329f8f737e824ddf2cd2f89c562f5653,#Dridex,https://twitter.com/RedBeardIOCs/status/1435509559909572609
2021-09-08 07:45:24,RedBeardIOCs,sha256,0e6df45b814b70d591a2fb016ddf0c5c7ececb52814143c8f89400d699c33f83,#Dridex,https://twitter.com/RedBeardIOCs/status/1435509559909572609
2021-09-08 07:45:24,RedBeardIOCs,sha256,47baa443b049834c0adec551af0ec4c4d50c5226e5bba18a7f2c50692533eb53,#Dridex,https://twitter.com/RedBeardIOCs/status/1435509559909572609
2021-09-08 07:45:24,RedBeardIOCs,sha256,6ee5d1a0059a68ed4eb54dce2b2007526901a11376a7d038825343a22b22b6e8,#Dridex,https://twitter.com/RedBeardIOCs/status/1435509559909572609
2021-09-08 07:45:24,RedBeardIOCs,sha256,6350e1c1f442ca7c70fb33574fe821afa44e391fdcefbd7005e87b00f29a21aa,#Dridex,https://twitter.com/RedBeardIOCs/status/1435509561356599298
2021-09-08 07:45:24,RedBeardIOCs,sha256,303a740fe02827cd9cd97e89be4c285c8d8fb8382916249b04afccde397fb3a3,#Dridex,https://twitter.com/RedBeardIOCs/status/1435509561356599298
2021-09-08 07:45:24,RedBeardIOCs,sha256,5d7d8adb7c393ec6322d6b43f0c76b3d7b5f852fa9daf9cdacc34e95cd5ef45e,#Dridex,https://twitter.com/RedBeardIOCs/status/1435509561356599298
2021-09-08 07:45:24,RedBeardIOCs,sha256,dc21327a7bdb172b0abd2b48b5482d0941994d88f07aefcec70aace773732c63,#Dridex,https://twitter.com/RedBeardIOCs/status/1435509561356599298
2021-09-08 07:45:24,RedBeardIOCs,sha256,61a0ca3138ff5fde0468b090d54ffd768b982363b9aca33a8997201854fe4a3d,#Dridex,https://twitter.com/RedBeardIOCs/status/1435509562862415875
2021-09-08 07:45:24,RedBeardIOCs,sha256,b48dea497695d8a2d6ce7a3316e16e1ff002e935f0cff3e3de620f8e52b54ba6,#Dridex,https://twitter.com/RedBeardIOCs/status/1435509562862415875
2021-09-08 07:45:24,RedBeardIOCs,sha256,c3e71f6d14c130bf02cddad1141b1ab58010d96c2f91effea1f372b74cc04e27,#Dridex,https://twitter.com/RedBeardIOCs/status/1435509562862415875
2021-09-08 07:45:24,RedBeardIOCs,sha256,fb6acef577b2c507cc817f99bb6e2e75a366156295dcdc2693a571111d595210,#Dridex,https://twitter.com/RedBeardIOCs/status/1435509562862415875
2021-09-08 07:45:25,RedBeardIOCs,sha256,b933271009c4cb55aad9bc401b519031b4c22d44e6102b48c8befb9ad803c242,#Dridex,https://twitter.com/RedBeardIOCs/status/1435509564498137091
2021-09-08 07:45:25,RedBeardIOCs,sha256,e350033bbfadcf1a7d6665d52f08cbc5b8cbac3aabfc505736bb072b999bb16c,#Dridex,https://twitter.com/RedBeardIOCs/status/1435509564498137091
2021-09-08 07:45:25,RedBeardIOCs,sha256,30dbe18aa5701bf6040515788d1af281d6a10a248741216d8e73c67aa3f2e711,#Dridex,https://twitter.com/RedBeardIOCs/status/1435509564498137091
2021-09-08 07:45:25,RedBeardIOCs,sha256,28adaba7a8f34a5b892f9142ee4df95cd1165575ff22ad44212ba2bf90c8609e,#Dridex,https://twitter.com/RedBeardIOCs/status/1435509564498137091
2021-09-08 07:45:25,RedBeardIOCs,sha256,1410a133babc70b1f68ac4339d83224131b6e876ec2249d7bde6b0fe2e6d50b2,#Dridex,https://twitter.com/RedBeardIOCs/status/1435509566058418176
2021-09-08 07:45:25,RedBeardIOCs,sha256,9d970caa30050772383091a7a98c2d51bc3f48882bd68ee7988d2c1e240168a5,#Dridex,https://twitter.com/RedBeardIOCs/status/1435509566058418176
2021-09-08 07:45:25,RedBeardIOCs,sha256,aacffa6df5f6735b38819b32fee9810b438a2cb32fc5a690d7f1f59b4c1bce7b,#Dridex,https://twitter.com/RedBeardIOCs/status/1435509566058418176
2021-09-08 07:45:25,RedBeardIOCs,sha256,41b490a6a2f92866901cf439cb480c7a938a9c4f6ed2fa9099d49baa49cffd33,#Dridex,https://twitter.com/RedBeardIOCs/status/1435509566058418176
2021-09-08 07:45:26,RedBeardIOCs,sha256,e8cd167a9c9f34adb6667ea5f059fbaee659e1b5e486ebd49ef7fb6ac1aae0ab,#Dridex,https://twitter.com/RedBeardIOCs/status/1435509567685812225
2021-09-08 07:45:26,RedBeardIOCs,sha256,79311aa49aa64dee196db13ac27e64b9b8a6381e24df0e8722d3993932ecf9bf,#Dridex,https://twitter.com/RedBeardIOCs/status/1435509567685812225
2021-09-08 07:45:26,RedBeardIOCs,sha256,53fafe8cdcd53fbf5b450a4d3aaa29d8e6d0592d13f152fc3c8057ad2bea6823,#Dridex,https://twitter.com/RedBeardIOCs/status/1435509567685812225
2021-09-08 07:45:26,RedBeardIOCs,sha256,fced0d2aa9179cdba955ed2e124e987be77eab396126371d5d7efe4850d49f75,#Dridex,https://twitter.com/RedBeardIOCs/status/1435509567685812225
