2022-05-22 00:00:27,GootLoaderSites,url,https://www.kinlo.ca/forum.php,#GootLoader,https://twitter.com/GootLoaderSites/status/1528163848041144320
2022-05-22 00:00:36,ecarlesi,url,https://methamaksupdate.com,#phishing,https://twitter.com/ecarlesi/status/1528163883126558720
2022-05-22 00:06:01,ShenJiKim1,sha256,5fa1a65f684e188e8f8aab3e59975277c18670d38dfe2eebd0a16dac4ea78a09,#scam,https://twitter.com/ShenJiKim1/status/1528165245293842432
2022-05-22 00:06:09,ecarlesi,url,http://lesvoyagesdeflo.fr/anydesk.exe,#malware,https://twitter.com/ecarlesi/status/1528165280031158273
2022-05-22 00:09:03,MalwarePatrol,url,https://hereisdatingclub.life/,#phishing,https://twitter.com/MalwarePatrol/status/1528166010368540673
2022-05-22 00:15:11,RdpSnitch,ip,200.6.242.51,,https://twitter.com/RdpSnitch/status/1528167554375684098
2022-05-22 00:15:11,RdpSnitch,ip,94.101.176.229,,https://twitter.com/RdpSnitch/status/1528167554375684098
2022-05-22 00:15:11,RdpSnitch,ip,94.101.177.32,,https://twitter.com/RdpSnitch/status/1528167554375684098
2022-05-22 00:16:28,ecarlesi,url,https://portfolions.store,#phishing,https://twitter.com/ecarlesi/status/1528167876171112448
2022-05-22 00:20:23,phishunt_io,url,https://www.googlegiftcards.tk/,#phishing #scam,https://twitter.com/phishunt_io/status/1528168862402879489
2022-05-22 00:20:23,phishunt_io,ip,142.250.74.211,#phishing #scam,https://twitter.com/phishunt_io/status/1528168862402879489
2022-05-22 00:23:19,KesaGataMe0,url,https://www.amcb-caed.attpdhv.presse.ci,#phishing,https://twitter.com/KesaGataMe0/status/1528169599644336129
2022-05-22 00:23:19,KesaGataMe0,url,https://www.amcb-caed.acfmamk.presse.ci,#phishing,https://twitter.com/KesaGataMe0/status/1528169599644336129
2022-05-22 00:23:19,KesaGataMe0,ip,104.168.33.101,#phishing,https://twitter.com/KesaGataMe0/status/1528169599644336129
2022-05-22 00:23:19,KesaGataMe0,url,https://www.amcb-caed.agzjhyx.presse.ci,#phishing,https://twitter.com/KesaGataMe0/status/1528169599644336129
2022-05-22 00:23:19,KesaGataMe0,url,https://www.amcb-caed.ancpssq.presse.ci,#phishing,https://twitter.com/KesaGataMe0/status/1528169599644336129
2022-05-22 00:35:06,KesaGataMe0,url,https://www.visaeis-vsiaoeod.ancpssq.presse.ci,#phishing,https://twitter.com/KesaGataMe0/status/1528172566707601408
2022-05-22 00:35:06,KesaGataMe0,ip,23.95.85.181,#phishing,https://twitter.com/KesaGataMe0/status/1528172566707601408
2022-05-22 00:35:06,KesaGataMe0,url,https://www.visaeis-vsiaoeod.attpdhv.presse.ci,#phishing,https://twitter.com/KesaGataMe0/status/1528172566707601408
2022-05-22 00:35:06,KesaGataMe0,url,https://www.visaeis-vsiaoeod.agzjhyx.presse.ci,#phishing,https://twitter.com/KesaGataMe0/status/1528172566707601408
2022-05-22 00:35:06,KesaGataMe0,url,https://www.visaeis-vsiaoeod.acfmamk.presse.ci,#phishing,https://twitter.com/KesaGataMe0/status/1528172566707601408
2022-05-22 00:41:03,ecarlesi,url,https://pro-dataa.xyz/,#phishing,https://twitter.com/ecarlesi/status/1528174062547382279
2022-05-22 00:41:16,PhishStats,url,http://harnaa.huanterikolasgarebutanuisa.link/,#phishing,https://twitter.com/PhishStats/status/1528174117744218113
2022-05-22 00:45:25,GootLoaderSites,url,https://www.kipperfamily.co.uk/forum.php,#GootLoader,https://twitter.com/GootLoaderSites/status/1528175164017483776
2022-05-22 00:45:31,KesaGataMe0,ip,194.87.253.76,#phishing,https://twitter.com/KesaGataMe0/status/1528175186083991553
2022-05-22 00:45:31,KesaGataMe0,url,https://www.smbc-card.com.o3u0jyag.com,#phishing,https://twitter.com/KesaGataMe0/status/1528175186083991553
2022-05-22 00:45:31,KesaGataMe0,url,https://www.smbc-card.com.hin9ab82.com,#phishing,https://twitter.com/KesaGataMe0/status/1528175186083991553
2022-05-22 00:45:31,KesaGataMe0,url,https://www.smbc-card.com.i248mpqy.com,#phishing,https://twitter.com/KesaGataMe0/status/1528175186083991553
2022-05-22 00:45:31,KesaGataMe0,url,https://www.smbc-card.com.onzi6sk9.com,#phishing,https://twitter.com/KesaGataMe0/status/1528175186083991553
2022-05-22 00:45:31,KesaGataMe0,url,https://www.smbc-card.com.3on41gjf.com,#phishing,https://twitter.com/KesaGataMe0/status/1528175186083991553
2022-05-22 00:49:30,KesaGataMe0,ip,172.86.126.93,#phishing,https://twitter.com/KesaGataMe0/status/1528176189495738368
2022-05-22 00:49:30,KesaGataMe0,url,https://sign-in-info-cabonsenclopeontgevice.zjfslfhol5450sgsd.shop,#phishing,https://twitter.com/KesaGataMe0/status/1528176189495738368
2022-05-22 00:49:30,KesaGataMe0,url,https://sign-in-info-cabonsenclopeontgevice.wabnczxd7420lmnhoi.shop,#phishing,https://twitter.com/KesaGataMe0/status/1528176189495738368
2022-05-22 00:52:08,KesaGataMe0,url,https://www.myjcb.stjijin.com,#phishing,https://twitter.com/KesaGataMe0/status/1528176854632656898
2022-05-22 00:52:08,KesaGataMe0,url,https://www.myjcb.hxjita.com,#phishing,https://twitter.com/KesaGataMe0/status/1528176854632656898
2022-05-22 00:52:08,KesaGataMe0,url,https://www.myjcb.hgtushu.com,#phishing,https://twitter.com/KesaGataMe0/status/1528176854632656898
2022-05-22 00:52:08,KesaGataMe0,ip,23.94.205.73,#phishing,https://twitter.com/KesaGataMe0/status/1528176854632656898
2022-05-22 00:55:30,KesaGataMe0,ip,155.94.201.189,#phishing,https://twitter.com/KesaGataMe0/status/1528177701785587712
2022-05-22 00:55:30,KesaGataMe0,url,https://dwefb.ux1uytpab.cn,#phishing,https://twitter.com/KesaGataMe0/status/1528177701785587712
2022-05-22 00:55:30,KesaGataMe0,url,https://dsfbvf.hnpm7nycw.cn,#phishing,https://twitter.com/KesaGataMe0/status/1528177701785587712
2022-05-22 00:55:30,KesaGataMe0,url,https://adsfcf.rzy08llhp.cn,#phishing,https://twitter.com/KesaGataMe0/status/1528177701785587712
2022-05-22 00:55:30,KesaGataMe0,url,https://bfgddz.gia2s3qum.cn,#phishing,https://twitter.com/KesaGataMe0/status/1528177701785587712
2022-05-22 00:55:30,KesaGataMe0,url,https://bfgdn.z5si6fv73.cn,#phishing,https://twitter.com/KesaGataMe0/status/1528177701785587712
2022-05-22 00:55:30,KesaGataMe0,url,https://dwsaqv.otj22o752.cn,#phishing,https://twitter.com/KesaGataMe0/status/1528177701785587712
2022-05-22 00:58:57,KesaGataMe0,url,https://jcoajapnoent.linkpc.net,#phishing,https://twitter.com/KesaGataMe0/status/1528178566864969728
2022-05-22 00:58:57,KesaGataMe0,url,https://jaocmoetce.publicvm.com,#phishing,https://twitter.com/KesaGataMe0/status/1528178566864969728
2022-05-22 00:58:57,KesaGataMe0,url,https://jcomjapneat.publicvm.com,#phishing,https://twitter.com/KesaGataMe0/status/1528178566864969728
2022-05-22 00:58:57,KesaGataMe0,url,https://jaocmajpan.linkpc.net,#phishing,https://twitter.com/KesaGataMe0/status/1528178566864969728
2022-05-22 00:58:57,KesaGataMe0,ip,34.84.48.10,#phishing,https://twitter.com/KesaGataMe0/status/1528178566864969728
2022-05-22 00:58:57,KesaGataMe0,url,https://jcomjapneot.publicvm.com,#phishing,https://twitter.com/KesaGataMe0/status/1528178566864969728
2022-05-22 00:58:57,KesaGataMe0,url,https://jcoajapn.linkpc.net,#phishing,https://twitter.com/KesaGataMe0/status/1528178566864969728
2022-05-22 01:01:00,KesaGataMe0,ip,45.11.0.84,#phishing,https://twitter.com/KesaGataMe0/status/1528179082487529472
2022-05-22 01:01:00,KesaGataMe0,url,https://www.jcbmerday.tk/jp,#phishing,https://twitter.com/KesaGataMe0/status/1528179082487529472
2022-05-22 01:03:59,KesaGataMe0,ip,103.41.65.176,#phishing,https://twitter.com/KesaGataMe0/status/1528179836937961472
2022-05-22 01:03:59,KesaGataMe0,url,https://www.jp-mobilesuica.mt5co.top,#phishing,https://twitter.com/KesaGataMe0/status/1528179836937961472
2022-05-22 01:03:59,KesaGataMe0,url,https://www.jp-mobilesuica.mt4co.top,#phishing,https://twitter.com/KesaGataMe0/status/1528179836937961472
2022-05-22 01:07:19,KesaGataMe0,ip,164.92.84.105,#phishing,https://twitter.com/KesaGataMe0/status/1528180675442266112
2022-05-22 01:07:19,KesaGataMe0,url,https://www.aceouu-aosmeonmuunsu.aeqpbrl.presse.ci,#phishing,https://twitter.com/KesaGataMe0/status/1528180675442266112
2022-05-22 01:07:19,KesaGataMe0,url,https://www.aceouu-aosmeonmuunsu.aqzbcfc.presse.ci,#phishing,https://twitter.com/KesaGataMe0/status/1528180675442266112
2022-05-22 01:07:19,KesaGataMe0,url,https://www.aceouu-aosmeonmuunsu.arpwkac.presse.ci,#phishing,https://twitter.com/KesaGataMe0/status/1528180675442266112
2022-05-22 01:07:19,KesaGataMe0,url,https://www.aceouu-aosmeonmuunsu.aljebra.presse.ci,#phishing,https://twitter.com/KesaGataMe0/status/1528180675442266112
2022-05-22 01:26:45,drb_ra,ip,114.116.34.171,#CobaltStrike,https://twitter.com/drb_ra/status/1528185564532465664
2022-05-22 01:26:55,drb_ra,ip,114.117.242.142,#CobaltStrike,https://twitter.com/drb_ra/status/1528185604697206784
2022-05-22 01:27:29,drb_ra,ip,8.214.130.57,#CobaltStrike,https://twitter.com/drb_ra/status/1528185749404848128
2022-05-22 01:28:05,drb_ra,ip,103.255.178.99,#CobaltStrike,https://twitter.com/drb_ra/status/1528185900873789441
2022-05-22 01:28:05,drb_ra,ip,103.29.69.155,#CobaltStrike,https://twitter.com/drb_ra/status/1528185900873789441
2022-05-22 01:28:19,drb_ra,ip,124.221.247.8,#CobaltStrike,https://twitter.com/drb_ra/status/1528185957119320064
2022-05-22 01:28:54,drb_ra,ip,8.218.65.101,#CobaltStrike,https://twitter.com/drb_ra/status/1528186105568411649
2022-05-22 01:29:00,drb_ra,ip,101.43.226.209,#CobaltStrike,https://twitter.com/drb_ra/status/1528186129983455233
2022-05-22 01:29:52,drb_ra,ip,110.40.137.193,#CobaltStrike,https://twitter.com/drb_ra/status/1528186349886623747
2022-05-22 01:30:00,drb_ra,ip,47.99.40.98,#CobaltStrike,https://twitter.com/drb_ra/status/1528186383977926656
2022-05-22 01:30:31,drb_ra,ip,101.43.255.223,#CobaltStrike,https://twitter.com/drb_ra/status/1528186511027494912
2022-05-22 01:30:31,drb_ra,ip,101.43.152.223,#CobaltStrike,https://twitter.com/drb_ra/status/1528186511027494912
2022-05-22 01:30:59,drb_ra,ip,42.194.251.175,#CobaltStrike,https://twitter.com/drb_ra/status/1528186629470535680
2022-05-22 01:31:18,drb_ra,ip,122.114.172.19,#CobaltStrike,https://twitter.com/drb_ra/status/1528186711062286336
2022-05-22 01:36:52,micham,ip,117.50.163.118,#phishing,https://twitter.com/micham/status/1528188110785630208
2022-05-22 01:53:13,ecarlesi,url,https://idahoauth.xyz/,#phishing,https://twitter.com/ecarlesi/status/1528192224122621952
2022-05-22 01:57:47,GootLoaderSites,url,https://www.kethea-exodos.gr/forum.php,#GootLoader,https://twitter.com/GootLoaderSites/status/1528193372577464321
2022-05-22 01:58:40,ecarlesi,url,http://postoro-alferes.monster/,#phishing,https://twitter.com/ecarlesi/status/1528193595882323969
2022-05-22 01:59:01,ecarlesi,url,https://ouyia.info,#phishing,https://twitter.com/ecarlesi/status/1528193682788306944
2022-05-22 02:05:06,AP_Zenmashi,ip,96.62.102.131,#phishing,https://twitter.com/AP_Zenmashi/status/1528195214841909248
2022-05-22 02:05:06,AP_Zenmashi,url,https://api.saisoncard.co.jp.auth.yulinnl.com,#phishing,https://twitter.com/AP_Zenmashi/status/1528195214841909248
2022-05-22 02:06:14,ecarlesi,url,https://postoro-alferes.monster/,#phishing,https://twitter.com/ecarlesi/status/1528195501174267904
2022-05-22 02:07:03,AP_Zenmashi,url,https://www.amcb-caed.ymljlwg.presse.ci,#phishing,https://twitter.com/AP_Zenmashi/status/1528195706024239110
2022-05-22 02:07:48,AP_Zenmashi,url,https://www.amcb-caed.gnwzgdf.presse.ci,#phishing,https://twitter.com/AP_Zenmashi/status/1528195894566215683
2022-05-22 02:08:37,AP_Zenmashi,url,https://www.amcb-caed.oxsgser.presse.ci,#phishing,https://twitter.com/AP_Zenmashi/status/1528196100574019584
2022-05-22 02:08:57,ecarlesi,url,https://rtimpot.net/click(2).zip,#phishing,https://twitter.com/ecarlesi/status/1528196186041114624
2022-05-22 02:09:28,AP_Zenmashi,url,https://www.amcb-caed.ysxzrxf.presse.ci,#phishing,https://twitter.com/AP_Zenmashi/status/1528196313946333184
2022-05-22 02:10:16,AP_Zenmashi,url,https://www.amcb-caed.jgsafza.presse.ci,#phishing,https://twitter.com/AP_Zenmashi/status/1528196514979659777
2022-05-22 02:10:57,AP_Zenmashi,url,https://www.amcb-caed.khouxdy.presse.ci,#phishing,https://twitter.com/AP_Zenmashi/status/1528196687789191168
2022-05-22 02:11:37,AP_Zenmashi,url,https://www.amcb-caed.dsvwysr.presse.ci,#phishing,https://twitter.com/AP_Zenmashi/status/1528196857276829696
2022-05-22 02:12:26,AP_Zenmashi,url,https://www.amcb-caed.swdlbad.presse.ci,#phishing,https://twitter.com/AP_Zenmashi/status/1528197062634147840
2022-05-22 02:12:58,harugasumi,url,https://winter-truth-4c9f.evettezramoss72.workers.dev/,#phishing,https://twitter.com/harugasumi/status/1528197197111914497
2022-05-22 02:13:08,AP_Zenmashi,url,https://www.amcb-caed.kzmcpzr.presse.ci,#phishing,https://twitter.com/AP_Zenmashi/status/1528197236353429504
2022-05-22 02:13:55,AP_Zenmashi,url,https://www.amcb-caed.yagummi.presse.ci,#phishing,https://twitter.com/AP_Zenmashi/status/1528197434035216384
2022-05-22 02:19:48,ecarlesi,url,https://netflixaccountfrance.info,#phishing,https://twitter.com/ecarlesi/status/1528198916415492096
2022-05-22 02:20:15,harugasumi,url,https://www.ekri-info.top,#phishing,https://twitter.com/harugasumi/status/1528199028223385600
2022-05-22 02:25:02,HeliosCert,sha256,a4b97fd561d49eb3a43fcb259c5352840254a188e73d5d75768ad3bafa9fa58f,#malware,https://twitter.com/HeliosCert/status/1528200230713303040
2022-05-22 02:25:02,HeliosCert,ip,181.23.145.116,#malware,https://twitter.com/HeliosCert/status/1528200230713303040
2022-05-22 02:26:22,ecarlesi,url,http://vn663.xyz,#phishing,https://twitter.com/ecarlesi/status/1528200566823915522
2022-05-22 02:26:22,ecarlesi,url,http://parsteam.app/shop.zip,#phishing,https://twitter.com/ecarlesi/status/1528200566123405313
2022-05-22 02:27:26,ecarlesi,url,https://myk-paldy.info/,#phishing,https://twitter.com/ecarlesi/status/1528200837167648768
2022-05-22 02:27:29,ecarlesi,url,http://oeiltaifa.info/wordpress-5.9.3.zip,#phishing,https://twitter.com/ecarlesi/status/1528200846328180738
2022-05-22 02:28:00,ecarlesi,url,http://vn665.xyz,#phishing,https://twitter.com/ecarlesi/status/1528200976280260608
2022-05-22 02:33:07,GootLoaderSites,url,https://www.korensic.com/forum.php,#GootLoader,https://twitter.com/GootLoaderSites/status/1528202267706372096
2022-05-22 02:34:56,ecarlesi,url,https://dliio.sbs/my.ny.gov-loginv4-login.xhtml/id.login/php/newyork.zip,#phishing,https://twitter.com/ecarlesi/status/1528202722297913344
2022-05-22 02:35:02,HeliosCert,sha256,362ecf6627234418c784e898b5f6f74dcce68008ff152fb20302cefd66c11786,#malware,https://twitter.com/HeliosCert/status/1528202748574957568
2022-05-22 02:35:02,HeliosCert,ip,83.121.54.160,#malware,https://twitter.com/HeliosCert/status/1528202748574957568
2022-05-22 02:39:53,ecarlesi,url,http://aviwa.host/ajax.zip,#phishing,https://twitter.com/ecarlesi/status/1528203970770001922
2022-05-22 02:40:01,ecarlesi,url,http://bitpansupport.autos,#phishing,https://twitter.com/ecarlesi/status/1528204002537705473
2022-05-22 02:42:30,ecarlesi,url,http://xqsdmiky.store/login/,#phishing,https://twitter.com/ecarlesi/status/1528204629498302464
2022-05-22 02:42:32,ecarlesi,url,http://xuytrmiky.tech/login/,#phishing,https://twitter.com/ecarlesi/status/1528204636326625280
2022-05-22 02:46:33,ecarlesi,url,http://loadingpagecitinowx05tok3nv3rifi.live,#phishing,https://twitter.com/ecarlesi/status/1528205646046408705
2022-05-22 02:48:25,ecarlesi,url,http://vcb.today,#phishing,https://twitter.com/ecarlesi/status/1528206115196096512
2022-05-22 02:50:09,ecarlesi,url,http://keybank.live/live/keybank-rd990-user-quest-detail(em)-card.zip,#phishing,https://twitter.com/ecarlesi/status/1528206551554605057
2022-05-22 02:50:17,ecarlesi,url,http://financialnewstoday.click,#phishing,https://twitter.com/ecarlesi/status/1528206588049502208
2022-05-22 03:05:02,HeliosCert,ip,190.204.121.76,#malware,https://twitter.com/HeliosCert/status/1528210296329871360
2022-05-22 03:05:02,HeliosCert,sha256,0f124af552cf80d692cf10bea71c85ddf9906c6a4ac0eab5b1964bb7eb9a1500,#malware,https://twitter.com/HeliosCert/status/1528210296329871360
2022-05-22 03:15:52,AP_Zenmashi,url,https://sign-in-info-cabonsenclopeontgevice.shnjkklmjio3264khda.shop,#phishing,https://twitter.com/AP_Zenmashi/status/1528213025378865152
2022-05-22 03:17:40,AP_Zenmashi,url,https://sign-in-info-cabonsenclopeontgevice.hxidnfk1563fska.shop,#phishing,https://twitter.com/AP_Zenmashi/status/1528213477592281088
2022-05-22 03:19:23,AP_Zenmashi,url,https://sign-in-info-cabonsenclopeontgevice.vhuyfhka5243sdfsg.shop,#phishing,https://twitter.com/AP_Zenmashi/status/1528213910599307265
2022-05-22 03:20:17,AP_Zenmashi,url,https://www.meseoscrd-mscercard.lcvlnpl.presse.ci,#phishing,https://twitter.com/AP_Zenmashi/status/1528214136144171008
2022-05-22 03:20:58,AP_Zenmashi,url,https://www.meseoscrd-mscercard.jkgusop.presse.ci,#phishing,https://twitter.com/AP_Zenmashi/status/1528214309792514049
2022-05-22 03:21:44,AP_Zenmashi,url,https://www.meseoscrd-mscercard.yagummi.presse.ci,#phishing,https://twitter.com/AP_Zenmashi/status/1528214499760566272
2022-05-22 03:22:33,AP_Zenmashi,url,https://www.meseoscrd-mscercard.zdphnyk.presse.ci,#phishing,https://twitter.com/AP_Zenmashi/status/1528214704501686272
2022-05-22 03:23:14,AP_Zenmashi,url,https://www.meseoscrd-mscercard.agzjhyx.presse.ci,#phishing,https://twitter.com/AP_Zenmashi/status/1528214879790067712
2022-05-22 03:23:54,AP_Zenmashi,url,https://www.meseoscrd-mscercard.qfsoqba.presse.ci,#phishing,https://twitter.com/AP_Zenmashi/status/1528215043984064512
2022-05-22 03:24:46,AP_Zenmashi,url,https://www.meseoscrd-mscercard.ildopru.presse.ci,#phishing,https://twitter.com/AP_Zenmashi/status/1528215266173538304
2022-05-22 03:25:56,AP_Zenmashi,url,https://www.meseoscrd-mscercard.vnwyeog.presse.ci,#phishing,https://twitter.com/AP_Zenmashi/status/1528215558629765120
2022-05-22 03:26:44,AP_Zenmashi,url,https://www.meseoscrd-mscercard.jokuvmg.presse.ci,#phishing,https://twitter.com/AP_Zenmashi/status/1528215760698347520
2022-05-22 03:27:58,AP_Zenmashi,url,https://www.meseoscrd-mscercard.bazageq.presse.ci,#phishing,https://twitter.com/AP_Zenmashi/status/1528216071018192897
2022-05-22 03:30:47,PhishStats,url,http://kasihtaksam.co.vu/,#phishing,https://twitter.com/PhishStats/status/1528216777318141953
2022-05-22 03:30:47,PhishStats,ip,54.169.181.98,#phishing,https://twitter.com/PhishStats/status/1528216777318141953
2022-05-22 03:36:13,GootLoaderSites,url,https://www.kiyindo-shiatsu.com/forum.php,#GootLoader,https://twitter.com/GootLoaderSites/status/1528218143788785665
2022-05-22 03:40:19,AP_Zenmashi,url,https://www.amcb-caed.oyuiosk.presse.ci,#phishing,https://twitter.com/AP_Zenmashi/status/1528219179375284229
2022-05-22 03:45:39,drb_ra,ip,46.166.161.124,#CobaltStrike,https://twitter.com/drb_ra/status/1528220521497866240
2022-05-22 03:51:33,drb_ra,ip,46.166.161.123,#CobaltStrike,https://twitter.com/drb_ra/status/1528222003139944448
2022-05-22 03:57:23,harugasumi,url,https://thrill.jonbesh-iran.com/resolute,#phishing,https://twitter.com/harugasumi/status/1528223472690003969
2022-05-22 03:57:23,harugasumi,url,https://spring.cnbingchu.com/,#phishing,https://twitter.com/harugasumi/status/1528223472690003969
2022-05-22 04:05:37,AP_Zenmashi,url,https://www.meseoscrd-mscercard.lqahxof.presse.ci,#phishing,https://twitter.com/AP_Zenmashi/status/1528225546320384000
2022-05-22 04:08:37,AP_Zenmashi,url,https://www.meseoscrd-mscercard.fewruou.presse.ci,#phishing,https://twitter.com/AP_Zenmashi/status/1528226297486315520
2022-05-22 04:15:47,KesaGataMe0,url,https://cc.eki-net.com.svgjzy.shop,#phishing,https://twitter.com/KesaGataMe0/status/1528228103692382210
2022-05-22 04:15:47,KesaGataMe0,url,https://cc.eki-net.com.gannqv.shop,#phishing,https://twitter.com/KesaGataMe0/status/1528228103692382210
2022-05-22 04:15:47,KesaGataMe0,ip,34.97.22.160,#phishing,https://twitter.com/KesaGataMe0/status/1528228103692382210
2022-05-22 04:15:47,KesaGataMe0,url,https://cc.eki-net.com.hjpgmi.shop,#phishing,https://twitter.com/KesaGataMe0/status/1528228103692382210
2022-05-22 04:15:47,KesaGataMe0,url,https://cc.eki-net.com.nmexjn.shop,#phishing,https://twitter.com/KesaGataMe0/status/1528228103692382210
2022-05-22 04:18:29,KesaGataMe0,url,https://umk-eki.3utilities.com,#phishing,https://twitter.com/KesaGataMe0/status/1528228780451708929
2022-05-22 04:18:29,KesaGataMe0,ip,34.87.87.172,#phishing,https://twitter.com/KesaGataMe0/status/1528228780451708929
2022-05-22 04:18:29,KesaGataMe0,url,https://kiy-eki.3utilities.com,#phishing,https://twitter.com/KesaGataMe0/status/1528228780451708929
2022-05-22 04:18:29,KesaGataMe0,url,https://pol-eki.3utilities.com,#phishing,https://twitter.com/KesaGataMe0/status/1528228780451708929
2022-05-22 04:19:00,GootLoaderSites,url,https://www.kubia.fr/forum.php,#GootLoader,https://twitter.com/GootLoaderSites/status/1528228910651084800
2022-05-22 04:20:03,HeliosCert,sha256,a0ddd0d6596fdca886ac2892224dc2905a594e96663fa551c3193f420217dcb8,#malware,https://twitter.com/HeliosCert/status/1528229176045621248
2022-05-22 04:20:03,HeliosCert,ip,43.227.22.133,#malware,https://twitter.com/HeliosCert/status/1528229176045621248
2022-05-22 04:21:10,KesaGataMe0,ip,23.95.130.173,#phishing,https://twitter.com/KesaGataMe0/status/1528229457571762176
2022-05-22 04:22:57,phishunt_io,url,https://img-instagram-file.my.id/,#phishing #scam,https://twitter.com/phishunt_io/status/1528229904474591232
2022-05-22 04:22:57,phishunt_io,ip,188.114.97.10,#phishing #scam,https://twitter.com/phishunt_io/status/1528229904474591232
2022-05-22 04:24:52,KesaGataMe0,url,https://connect-au-login.update21.club,#phishing,https://twitter.com/KesaGataMe0/status/1528230388178767872
2022-05-22 04:24:52,KesaGataMe0,ip,204.44.70.97,#phishing,https://twitter.com/KesaGataMe0/status/1528230388178767872
2022-05-22 04:27:52,romonlyht,ip,106.12.162.242,#phishing,https://twitter.com/romonlyht/status/1528231143920676864
2022-05-22 04:27:52,romonlyht,url,https://www.amcb-caed.fcotssm.presse.ci/,#phishing,https://twitter.com/romonlyht/status/1528231143920676864
2022-05-22 04:28:54,KesaGataMe0,ip,173.82.26.32,#phishing,https://twitter.com/KesaGataMe0/status/1528231403208736768
2022-05-22 04:30:02,HeliosCert,ip,102.41.59.220,#malware,https://twitter.com/HeliosCert/status/1528231687137665025
2022-05-22 04:30:02,HeliosCert,sha256,6eeab1c7ca288556dc5d98ac4eb7dc16a493c5558085675ff95ab1d66802cfd7,#malware,https://twitter.com/HeliosCert/status/1528231687137665025
2022-05-22 04:31:14,ecarlesi,url,http://duthianhgroup.online/codeday.zip,#phishing,https://twitter.com/ecarlesi/status/1528231991543582721
2022-05-22 04:34:39,KesaGataMe0,ip,155.94.144.10,#phishing,https://twitter.com/KesaGataMe0/status/1528232851740971008
2022-05-22 04:34:39,KesaGataMe0,url,https://eki-net.asanpo.com/,#phishing,https://twitter.com/KesaGataMe0/status/1528232851740971008
2022-05-22 04:36:58,KesaGataMe0,ip,107.175.59.157,#phishing,https://twitter.com/KesaGataMe0/status/1528233435625852928
2022-05-22 04:36:58,KesaGataMe0,url,https://www.eki-net-takeun.info,#phishing,https://twitter.com/KesaGataMe0/status/1528233435625852928
2022-05-22 04:36:58,KesaGataMe0,url,https://www.eki-net-takefo.info,#phishing,https://twitter.com/KesaGataMe0/status/1528233435625852928
2022-05-22 04:40:02,HeliosCert,ip,197.54.150.242,#malware,https://twitter.com/HeliosCert/status/1528234205691404288
2022-05-22 04:40:02,HeliosCert,sha256,2f383c28b6429b54ff34ae6aea90ea064ca5d78ceb93d7ed027271960d6d9d47,#malware,https://twitter.com/HeliosCert/status/1528234205691404288
2022-05-22 04:48:44,AP_Zenmashi,url,https://fdvdac.wpkz7l9ai.cn,#phishing,https://twitter.com/AP_Zenmashi/status/1528236393503551489
2022-05-22 04:49:30,AP_Zenmashi,url,https://pyfgb.qrhk0nc2t.cn,#phishing,https://twitter.com/AP_Zenmashi/status/1528236589947957248
2022-05-22 04:50:02,HeliosCert,ip,36.95.39.58,#malware,https://twitter.com/HeliosCert/status/1528236723943227393
2022-05-22 04:50:02,HeliosCert,sha256,be8dddd609e698899c7889810639af43afa1ceee4bfa2579f290f07b943b2341,#malware,https://twitter.com/HeliosCert/status/1528236723943227393
2022-05-22 04:50:59,AP_Zenmashi,url,https://kufvf.gqfl8qb5b.cn,#phishing,https://twitter.com/AP_Zenmashi/status/1528236962242768896
2022-05-22 04:51:43,AP_Zenmashi,url,https://gvfds.xf9x041h1.cn,#phishing,https://twitter.com/AP_Zenmashi/status/1528237146267873281
2022-05-22 04:52:23,AP_Zenmashi,url,https://khjfb.vxvcpand7.cn,#phishing,https://twitter.com/AP_Zenmashi/status/1528237313494355968
2022-05-22 04:53:03,AP_Zenmashi,url,https://fdsfb.ykxr9vsbx.cn,#phishing,https://twitter.com/AP_Zenmashi/status/1528237482382196736
2022-05-22 04:53:43,AP_Zenmashi,url,https://jfgsvf.xmd5ea0l8.cn,#phishing,https://twitter.com/AP_Zenmashi/status/1528237650494488576
2022-05-22 04:54:26,AP_Zenmashi,url,https://lkuybv.pd2s8shr8.cn,#phishing,https://twitter.com/AP_Zenmashi/status/1528237827594801152
2022-05-22 04:55:07,AP_Zenmashi,url,https://jgfgd.k56zrp2gs.cn,#phishing,https://twitter.com/AP_Zenmashi/status/1528238001637117952
2022-05-22 04:56:29,AP_Zenmashi,url,https://lopuifg.w3rlwzy09.cn,#phishing,https://twitter.com/AP_Zenmashi/status/1528238344395579393
2022-05-22 04:58:36,AP_Zenmashi,url,https://fdsaxv.xpm60dhxq.cn,#phishing,https://twitter.com/AP_Zenmashi/status/1528238876896022528
2022-05-22 05:00:33,harugasumi,url,https://www.visaeis-vsiaoeod.diubsbp.presse.ci/,#phishing,https://twitter.com/harugasumi/status/1528239369358045186
2022-05-22 05:04:07,AP_Zenmashi,url,https://www.meseoscrd-mscercard.fcotssm.presse.ci,#phishing,https://twitter.com/AP_Zenmashi/status/1528240267081396224
2022-05-22 05:09:03,MalwarePatrol,url,http://flipflop-laptop-lifestyle.mlmediaconsultants.com/jhkj/fedex/tk7i4t41cbrqikx8gjoavttx.php,#phishing,https://twitter.com/MalwarePatrol/status/1528241507421110272
2022-05-22 05:09:46,AP_Zenmashi,url,https://jfgfgh.x5jr7e6df.cn,#phishing,https://twitter.com/AP_Zenmashi/status/1528241687654412288
2022-05-22 05:10:25,AP_Zenmashi,url,https://jghds.yjgctzye1.cn,#phishing,https://twitter.com/AP_Zenmashi/status/1528241851433885697
2022-05-22 05:12:30,AP_Zenmashi,url,https://www.myjcb.npjijin.com,#phishing,https://twitter.com/AP_Zenmashi/status/1528242377236037632
2022-05-22 05:15:02,HeliosCert,sha256,1708bf36cb4624324bca48b1e8bc9e07c920321300300b54c8b84712197ba59a,#malware,https://twitter.com/HeliosCert/status/1528243012559589376
2022-05-22 05:15:02,HeliosCert,ip,117.214.131.211,#malware,https://twitter.com/HeliosCert/status/1528243012559589376
2022-05-22 05:15:06,AP_Zenmashi,url,https://www.smbc-card.com.oirj170z.com,#phishing,https://twitter.com/AP_Zenmashi/status/1528243030951489536
2022-05-22 05:16:03,AP_Zenmashi,url,https://o3u0jyag.com,#phishing,https://twitter.com/AP_Zenmashi/status/1528243269934538753
2022-05-22 05:16:51,AP_Zenmashi,url,https://onzi6sk9.com,#phishing,https://twitter.com/AP_Zenmashi/status/1528243469827084289
2022-05-22 05:17:46,AP_Zenmashi,url,https://i248mpqy.com,#phishing,https://twitter.com/AP_Zenmashi/status/1528243702392496128
2022-05-22 05:19:34,AP_Zenmashi,url,https://hin9ab82.com,#phishing,https://twitter.com/AP_Zenmashi/status/1528244155050209280
2022-05-22 05:20:43,GootLoaderSites,url,https://www.kimuratec.jp/forum.php,#GootLoader,https://twitter.com/GootLoaderSites/status/1528244445128273920
2022-05-22 05:21:18,AP_Zenmashi,url,https://oirj170z.com,#phishing,https://twitter.com/AP_Zenmashi/status/1528244591232950272
2022-05-22 05:22:06,AP_Zenmashi,url,https://3on41gjf.com,#phishing,https://twitter.com/AP_Zenmashi/status/1528244793968840705
2022-05-22 05:24:35,AP_Zenmashi,url,https://amreon.oauaen.ga,#phishing,https://twitter.com/AP_Zenmashi/status/1528245415472033792
2022-05-22 05:24:35,AP_Zenmashi,ip,155.94.151.206,#phishing,https://twitter.com/AP_Zenmashi/status/1528245415472033792
2022-05-22 05:26:30,AP_Zenmashi,url,https://www.ekicernok.tk,#phishing,https://twitter.com/AP_Zenmashi/status/1528245897858928640
2022-05-22 05:27:07,AP_Zenmashi,url,https://www.aoeuuo-oomsoameusnuu.jkvbrbk.presse.ci,#phishing,https://twitter.com/AP_Zenmashi/status/1528246052603973633
2022-05-22 05:27:50,AP_Zenmashi,url,https://www.aceouu-aosmeonmuunsu.jhirhet.presse.ci,#phishing,https://twitter.com/AP_Zenmashi/status/1528246233302986752
2022-05-22 05:28:33,AP_Zenmashi,url,https://www.aoeuuo-oomsoameusnuu.mlnwyfs.presse.ci,#phishing,https://twitter.com/AP_Zenmashi/status/1528246416040431616
2022-05-22 05:29:31,ecarlesi,url,https://supervieleonline.xyz/,#phishing,https://twitter.com/ecarlesi/status/1528246659699904512
2022-05-22 05:35:02,HeliosCert,ip,202.137.229.164,#malware,https://twitter.com/HeliosCert/status/1528248046764625921
2022-05-22 05:35:02,HeliosCert,sha256,ede6464addf1620c5123faba7a64142f70331b33c6bcc2723b8a4f0b3ee5126a,#malware,https://twitter.com/HeliosCert/status/1528248046764625921
2022-05-22 05:37:52,AP_Zenmashi,url,https://www.aceouu-aosmeonmuunsu.mlnwyfs.presse.ci,#phishing,https://twitter.com/AP_Zenmashi/status/1528248759142207489
2022-05-22 05:37:55,harugasumi,ip,164.92.84.86,#phishing,https://twitter.com/harugasumi/status/1528248772350066688
2022-05-22 05:37:55,harugasumi,url,https://www.accuue-asoeomsomenuu.upluidy.presse.ci/,#phishing,https://twitter.com/harugasumi/status/1528248772350066688
2022-05-22 05:38:40,AP_Zenmashi,url,https://www.aceouu-aosmeonmuunsu.vsqhfrn.presse.ci,#phishing,https://twitter.com/AP_Zenmashi/status/1528248962473689088
2022-05-22 05:39:17,AP_Zenmashi,url,https://www.aoeuuo-oomsoameusnuu.ytxhesm.presse.ci,#phishing,https://twitter.com/AP_Zenmashi/status/1528249115544432641
2022-05-22 05:39:59,AP_Zenmashi,url,https://www.aoeuuo-oomsoameusnuu.mmmovtb.presse.ci,#phishing,https://twitter.com/AP_Zenmashi/status/1528249290606669824
2022-05-22 05:40:41,AP_Zenmashi,url,https://www.aceouu-aosmeonmuunsu.mmmovtb.presse.ci,#phishing,https://twitter.com/AP_Zenmashi/status/1528249469514354689
2022-05-22 05:41:20,AP_Zenmashi,url,https://www.aceouu-aosmeonmuunsu.wcrxhlt.presse.ci,#phishing,https://twitter.com/AP_Zenmashi/status/1528249633973055490
2022-05-22 05:41:57,AP_Zenmashi,url,https://www.aceouu-aosmeonmuunsu.oulggdi.presse.ci,#phishing,https://twitter.com/AP_Zenmashi/status/1528249786922860544
2022-05-22 05:50:03,HeliosCert,sha256,6a80565077ec7f363a1aba4d07ba19747ad1bf1c094df2f8ca48ddf5e957ee77,#malware,https://twitter.com/HeliosCert/status/1528251824922365953
2022-05-22 05:50:03,HeliosCert,ip,45.230.43.90,#malware,https://twitter.com/HeliosCert/status/1528251824922365953
2022-05-22 05:58:26,AP_Zenmashi,url,https://www.aoeuuo-oomsoameusnuu.fztpymv.presse.ci,#phishing,https://twitter.com/AP_Zenmashi/status/1528253936888446977
2022-05-22 06:13:05,ecarlesi,url,https://yarolas-tremoles.monster/,#phishing,https://twitter.com/ecarlesi/status/1528257624302551046
2022-05-22 06:15:41,AP_Zenmashi,url,https://www.aoeuuo-oomsoameusnuu.hldikri.presse.ci,#phishing,https://twitter.com/AP_Zenmashi/status/1528258275724398592
2022-05-22 06:19:01,GootLoaderSites,url,https://www.kuttentag.de/forum.php,#GootLoader,https://twitter.com/GootLoaderSites/status/1528259113913819136
2022-05-22 06:20:02,HeliosCert,ip,118.161.39.98,#malware,https://twitter.com/HeliosCert/status/1528259372014616577
2022-05-22 06:20:02,HeliosCert,sha256,e8aaa8bb667a77f8859a583e51ba9b36882292cf1fba24b44543607c9d56c06c,#malware,https://twitter.com/HeliosCert/status/1528259372014616577
2022-05-22 06:22:57,PhishStats,ip,158.69.116.156,#phishing,https://twitter.com/PhishStats/status/1528260103673102339
2022-05-22 06:22:57,PhishStats,url,http://phantomwaliet.com/,#phishing,https://twitter.com/PhishStats/status/1528260103673102339
2022-05-22 06:34:00,PeckShieldAlert,domain,solananftrare.com,#phishing,https://twitter.com/PeckShieldAlert/status/1528262885083856902
2022-05-22 06:34:16,ecarlesi,url,https://metamask-pro.online,#phishing,https://twitter.com/ecarlesi/status/1528262953149120512
2022-05-22 06:43:59,AP_Zenmashi,url,https://www.aoeuuo-oomsoameusnuu.sjgmits.presse.ci,#phishing,https://twitter.com/AP_Zenmashi/status/1528265398134915072
2022-05-22 07:07:20,GootLoaderSites,url,https://www.la-coquillonnerie.com/forum.php,#GootLoader,https://twitter.com/GootLoaderSites/status/1528271274216022016
2022-05-22 07:12:05,ecarlesi,url,http://ouyia.info,#phishing,https://twitter.com/ecarlesi/status/1528272472218419200
2022-05-22 07:13:38,bad_packets,ip,58.62.36.13,,https://twitter.com/bad_packets/status/1528272861118418944
2022-05-22 07:13:38,bad_packets,ip,58.62.36.17,,https://twitter.com/bad_packets/status/1528272861118418944
2022-05-22 07:19:56,ecarlesi,url,http://beihaijituan.com,#phishing,https://twitter.com/ecarlesi/status/1528274446976528384
2022-05-22 07:34:56,ecarlesi,url,https://bisabtv.online/megapainelsnaptv.zip,#phishing,https://twitter.com/ecarlesi/status/1528278221179043840
2022-05-22 07:35:02,HeliosCert,sha256,b05dc9b387ae32d96ccc1615898ef3cf4b623eb224f264565d1f09115007756e,#malware,https://twitter.com/HeliosCert/status/1528278247766728704
2022-05-22 07:35:02,HeliosCert,ip,186.226.156.174,#malware,https://twitter.com/HeliosCert/status/1528278247766728704
2022-05-22 07:39:03,AP_Zenmashi,url,https://www.aoeuuo-oomsoameusnuu.bbtocsu.presse.ci,#phishing,https://twitter.com/AP_Zenmashi/status/1528279256312078337
2022-05-22 07:46:52,ecarlesi,url,http://wanbns.com,#phishing,https://twitter.com/ecarlesi/status/1528281222044176389
2022-05-22 07:55:14,0xDanielLopez,url,https://metaverse-adidas.io,#scam,https://twitter.com/0xDanielLopez/status/1528283327664427008
2022-05-22 07:55:14,0xDanielLopez,url,https://metaverse-adidas.net,#scam,https://twitter.com/0xDanielLopez/status/1528283327664427008
2022-05-22 08:11:13,AP_Zenmashi,url,https://www.smdc-aeod.xoijwjs.presse.ci,#phishing,https://twitter.com/AP_Zenmashi/status/1528287351168172032
2022-05-22 08:11:53,GootLoaderSites,url,https://www.jiojankari.com/forum.php,#GootLoader,https://twitter.com/GootLoaderSites/status/1528287521364357121
2022-05-22 08:11:57,AP_Zenmashi,url,https://www.smdc-aeod.znjmlut.presse.ci,#phishing,https://twitter.com/AP_Zenmashi/status/1528287537625968640
2022-05-22 08:12:38,AP_Zenmashi,url,https://www.smdc-aeod.attpdhv.presse.ci,#phishing,https://twitter.com/AP_Zenmashi/status/1528287709865070592
2022-05-22 08:13:26,AP_Zenmashi,url,https://www.smdc-aeod.ancpssq.presse.ci,#phishing,https://twitter.com/AP_Zenmashi/status/1528287911510425600
2022-05-22 08:14:07,AP_Zenmashi,url,https://www.smdc-aeod.ildopru.presse.ci,#phishing,https://twitter.com/AP_Zenmashi/status/1528288081144860672
2022-05-22 08:14:48,AP_Zenmashi,url,https://www.smdc-aeod.nwyamon.presse.ci,#phishing,https://twitter.com/AP_Zenmashi/status/1528288253098741762
2022-05-22 08:15:30,AP_Zenmashi,url,https://www.smdc-aeod.pmgwpja.presse.ci,#phishing,https://twitter.com/AP_Zenmashi/status/1528288431381819392
2022-05-22 08:16:19,AP_Zenmashi,url,https://www.smdc-aeod.boqklsw.presse.ci,#phishing,https://twitter.com/AP_Zenmashi/status/1528288633333362688
2022-05-22 08:17:00,AP_Zenmashi,url,https://www.smdc-aeod.azsomhi.presse.ci,#phishing,https://twitter.com/AP_Zenmashi/status/1528288807589933056
2022-05-22 08:17:44,AP_Zenmashi,url,https://www.smdc-aeod.xlcvrwt.presse.ci,#phishing,https://twitter.com/AP_Zenmashi/status/1528288993409781762
2022-05-22 08:20:02,HeliosCert,ip,95.219.108.148,#malware,https://twitter.com/HeliosCert/status/1528289568734302209
2022-05-22 08:20:02,HeliosCert,sha256,b190b08b52f0028c34e28758bc2de866d223e206207279c7324fb695b2323048,#malware,https://twitter.com/HeliosCert/status/1528289568734302209
2022-05-22 08:23:57,ecarlesi,url,https://herese-loperes.monster/,#phishing,https://twitter.com/ecarlesi/status/1528290557092679681
2022-05-22 08:24:35,phishunt_io,url,https://mtb-online.netfl1x.duckdns.org/,#phishing #scam,https://twitter.com/phishunt_io/status/1528290715951841283
2022-05-22 08:24:35,phishunt_io,ip,34.201.145.26,#phishing #scam,https://twitter.com/phishunt_io/status/1528290715951841283
2022-05-22 08:25:02,HeliosCert,sha256,9c954911f360b38eba00754c98b57bc99b9cc8869dba0de8fb492115490bed2a,#malware,https://twitter.com/HeliosCert/status/1528290828736675841
2022-05-22 08:25:02,HeliosCert,ip,125.231.238.27,#malware,https://twitter.com/HeliosCert/status/1528290828736675841
2022-05-22 08:35:02,HeliosCert,sha256,989ed5b9434bcf536121430528ab94e1d2385485e0c3d951b2f23000143614cc,#malware,https://twitter.com/HeliosCert/status/1528293344014639105
2022-05-22 08:35:02,HeliosCert,ip,31.166.220.143,#malware,https://twitter.com/HeliosCert/status/1528293344014639105
2022-05-22 08:41:03,0xDanielLopez,url,https://adidasofficials.com,,https://twitter.com/0xDanielLopez/status/1528294857701310467
2022-05-22 08:41:03,0xDanielLopez,url,https://adidas-airdrop.net,,https://twitter.com/0xDanielLopez/status/1528294857701310467
2022-05-22 08:41:03,0xDanielLopez,url,https://drops-adidas.com,,https://twitter.com/0xDanielLopez/status/1528294857701310467
2022-05-22 08:55:16,ecarlesi,url,http://bigtankamazon.com,#phishing,https://twitter.com/ecarlesi/status/1528298437275529219
2022-05-22 08:58:26,ecarlesi,url,https://strange-kowalevski.107-175-154-51.plesk.page/new-sincesx/%23/,#phishing,https://twitter.com/ecarlesi/status/1528299234574876672
2022-05-22 09:00:57,ecarlesi,url,http://ma-carte-vitale-infos.com,#phishing,https://twitter.com/ecarlesi/status/1528299869340835840
2022-05-22 09:04:34,ecarlesi,url,https://mintaktolongamazon.com,#phishing,https://twitter.com/ecarlesi/status/1528300779039244288
2022-05-22 09:05:02,HeliosCert,sha256,a92cdcbb47664e6d8ffda73a865b2c9b5c1932de0c291ceef4a89707bd267b0b,#malware,https://twitter.com/HeliosCert/status/1528300895544430592
2022-05-22 09:05:02,HeliosCert,ip,109.73.33.126,#malware,https://twitter.com/HeliosCert/status/1528300895544430592
2022-05-22 09:10:02,HeliosCert,sha256,bb003235ea4eddd693df2d3582a82df1ac965b77a544b22b0a69470adc4032e5,#malware,https://twitter.com/HeliosCert/status/1528302154603167744
2022-05-22 09:10:02,HeliosCert,ip,90.188.116.232,#malware,https://twitter.com/HeliosCert/status/1528302154603167744
2022-05-22 09:10:05,ecarlesi,url,https://backtoragna.site/_public_html_2.zip,#phishing,https://twitter.com/ecarlesi/status/1528302165508382721
2022-05-22 09:11:20,ecarlesi,url,https://amelis-frances.fr,#phishing,https://twitter.com/ecarlesi/status/1528302480097849345
2022-05-22 09:13:44,ecarlesi,url,https://meta-main.com,#phishing,https://twitter.com/ecarlesi/status/1528303082878140417
2022-05-22 09:15:25,GootLoaderSites,url,https://www.lacosarosa.com/forum.php,#GootLoader,https://twitter.com/GootLoaderSites/status/1528303508046217216
2022-05-22 09:28:26,ecarlesi,url,https://4o85.com,#phishing,https://twitter.com/ecarlesi/status/1528306784070508544
2022-05-22 09:30:51,ecarlesi,url,http://curcuminamax.com/20220521_curcuminmax_69fb3ddd7ce114754828_20220521042139_archive.zip,#phishing,https://twitter.com/ecarlesi/status/1528307392018108418
2022-05-22 09:33:17,ecarlesi,url,http://bafghshahab.com/wp-admin%20%283%29.zip,#phishing,https://twitter.com/ecarlesi/status/1528308005334392833
2022-05-22 09:34:16,ecarlesi,url,http://signlerr01.com/,#phishing,https://twitter.com/ecarlesi/status/1528308251380662272
2022-05-22 09:35:11,ecarlesi,url,http://pp-ref7373.com,#phishing,https://twitter.com/ecarlesi/status/1528308481098452993
2022-05-22 09:37:40,ecarlesi,url,http://3mtbk.com,#phishing,https://twitter.com/ecarlesi/status/1528309109388345344
2022-05-22 09:38:41,ecarlesi,url,http://jamkara.com/woodmart_e9431809167dce905567_20220415083046_archive.zip,#phishing,https://twitter.com/ecarlesi/status/1528309363869458432
2022-05-22 09:38:57,AP_Zenmashi,ip,45.142.159.48,#phishing,https://twitter.com/AP_Zenmashi/status/1528309429334339584
2022-05-22 09:38:57,AP_Zenmashi,url,https://update-info.muvqkv.shop,#phishing,https://twitter.com/AP_Zenmashi/status/1528309429334339584
2022-05-22 09:38:59,ecarlesi,url,http://ameli-service-publique.com,#phishing,https://twitter.com/ecarlesi/status/1528309436833464322
2022-05-22 09:39:23,ecarlesi,url,http://didimod.com/surebet/aaa.zip,#phishing,https://twitter.com/ecarlesi/status/1528309538423701505
2022-05-22 09:39:29,AP_Zenmashi,ip,198.55.103.245,#phishing,https://twitter.com/AP_Zenmashi/status/1528309563837288448
2022-05-22 09:41:22,ecarlesi,url,https://amazonsheolor.com/mex/don/,#phishing,https://twitter.com/ecarlesi/status/1528310037466296320
2022-05-22 09:44:40,ecarlesi,url,http://eeupdate-billing.com,#phishing,https://twitter.com/ecarlesi/status/1528310869926592513
2022-05-22 09:45:27,ecarlesi,url,http://access-payment-decline-help.com/,#phishing,https://twitter.com/ecarlesi/status/1528311064496156674
2022-05-22 09:50:27,Iamdeadlyz,url,https://beeple-vuitton.com,,https://twitter.com/Iamdeadlyz/status/1528312322812350465
2022-05-22 09:50:27,Iamdeadlyz,ip,64.190.113.10,,https://twitter.com/Iamdeadlyz/status/1528312322812350465
2022-05-22 09:50:50,ecarlesi,url,https://anytimeservices-ulsteronline.com/,#phishing,https://twitter.com/ecarlesi/status/1528312421860970496
2022-05-22 09:53:13,ecarlesi,url,https://ltautilitles.com/,#phishing,https://twitter.com/ecarlesi/status/1528313022434922500
2022-05-22 09:56:28,AP_Zenmashi,url,https://www.visaeis-vsiaoeod.oxsgser.presse.ci,#phishing,https://twitter.com/AP_Zenmashi/status/1528313838881603585
2022-05-22 09:57:00,ecarlesi,url,https://trackitem-local.com/,#phishing,https://twitter.com/ecarlesi/status/1528313971614400513
2022-05-22 09:57:08,AP_Zenmashi,url,https://www.visaeis-vsiaoeod.qlzehid.presse.ci,#phishing,https://twitter.com/AP_Zenmashi/status/1528314006120767488
2022-05-22 09:57:13,ecarlesi,url,https://netflixserviceduweb.com,#phishing,https://twitter.com/ecarlesi/status/1528314029332123650
2022-05-22 09:57:35,ecarlesi,url,https://securesite01b.com,#phishing,https://twitter.com/ecarlesi/status/1528314121497849856
2022-05-22 09:57:48,AP_Zenmashi,url,https://www.visaeis-vsiaoeod.swdlbad.presse.ci,#phishing,https://twitter.com/AP_Zenmashi/status/1528314174518210560
2022-05-22 09:58:28,AP_Zenmashi,url,https://www.visaeis-vsiaoeod.swvjlov.presse.ci,#phishing,https://twitter.com/AP_Zenmashi/status/1528314341262389248
2022-05-22 09:58:54,ecarlesi,url,http://usbcustodian.com/,#phishing,https://twitter.com/ecarlesi/status/1528314453057581056
2022-05-22 10:00:38,ecarlesi,url,https://userid-23.com/santan-auth/,#phishing,https://twitter.com/ecarlesi/status/1528314887474118657
2022-05-22 10:01:47,ecarlesi,url,https://userid-23.com/santan-auth/login.php,#phishing,https://twitter.com/ecarlesi/status/1528315175736049665
2022-05-22 10:02:34,ecarlesi,url,https://www.itautilities.com/,#phishing,https://twitter.com/ecarlesi/status/1528315375716384769
2022-05-22 10:03:37,ecarlesi,url,https://carte-vitaie.fr,#phishing,https://twitter.com/ecarlesi/status/1528315639366139905
2022-05-22 10:04:00,AP_Zenmashi,url,https://www.visaeis-vsiaoeod.uzmugxw.presse.ci,#phishing,https://twitter.com/AP_Zenmashi/status/1528315733746196480
2022-05-22 10:04:39,AP_Zenmashi,url,https://www.visaeis-vsiaoeod.txshmgz.presse.ci,#phishing,https://twitter.com/AP_Zenmashi/status/1528315897139834880
2022-05-22 10:05:15,AP_Zenmashi,url,https://www.visaeis-vsiaoeod.olnxhvg.presse.ci,#phishing,https://twitter.com/AP_Zenmashi/status/1528316048755523584
2022-05-22 10:05:57,AP_Zenmashi,url,https://www.visaeis-vsiaoeod.azsomhi.presse.ci,#phishing,https://twitter.com/AP_Zenmashi/status/1528316227256750080
2022-05-22 10:06:33,AP_Zenmashi,url,https://www.visaeis-vsiaoeod.tqlvvha.presse.ci,#phishing,https://twitter.com/AP_Zenmashi/status/1528316375089172480
2022-05-22 10:07:12,AP_Zenmashi,url,https://www.visaeis-vsiaoeod.oyuiosk.presse.ci,#phishing,https://twitter.com/AP_Zenmashi/status/1528316539984019456
2022-05-22 10:09:03,MalwarePatrol,url,https://minato-council-communicator.web.app/,#phishing,https://twitter.com/MalwarePatrol/status/1528317004859449344
2022-05-22 10:12:33,GootLoaderSites,url,https://www.laebigs-lerchenfeld.ch/forum.php,#GootLoader,https://twitter.com/GootLoaderSites/status/1528317887538253830
2022-05-22 10:14:49,AP_Zenmashi,url,https://www.visaeis-vsiaoeod.lqahxof.presse.ci,#phishing,https://twitter.com/AP_Zenmashi/status/1528318454847410176
2022-05-22 10:15:03,HeliosCert,sha256,091246b43567dd358bd784afa1854c6553fa1e661e66c077bc5de68a45f50dd4,#malware,https://twitter.com/HeliosCert/status/1528318513361854464
2022-05-22 10:15:03,HeliosCert,ip,122.180.252.223,#malware,https://twitter.com/HeliosCert/status/1528318513361854464
2022-05-22 10:15:09,ecarlesi,url,https://3qw1.com,#phishing,https://twitter.com/ecarlesi/status/1528318542021533697
2022-05-22 10:17:34,ecarlesi,url,http://trustkiea.com/ru/,#phishing,https://twitter.com/ecarlesi/status/1528319147796463618
2022-05-22 10:22:44,ecarlesi,url,http://trustkiea.com/trustwallet/,#phishing,https://twitter.com/ecarlesi/status/1528320450358657026
2022-05-22 10:23:47,ecarlesi,url,http://userid-23.com/santan-auth/,#phishing,https://twitter.com/ecarlesi/status/1528320715111514113
2022-05-22 10:24:30,ecarlesi,url,http://userid-23.com/santan-auth/login.php,#phishing,https://twitter.com/ecarlesi/status/1528320895550468099
2022-05-22 10:38:00,PeckShieldAlert,domain,appaaave.com,#phishing,https://twitter.com/PeckShieldAlert/status/1528324289732165632
2022-05-22 10:42:04,ecarlesi,url,http://saimecarbonettocharles.com,#phishing,https://twitter.com/ecarlesi/status/1528325315948421122
2022-05-22 10:45:02,HeliosCert,ip,92.100.222.88,#malware,https://twitter.com/HeliosCert/status/1528326062370848768
2022-05-22 10:45:02,HeliosCert,sha256,f54fbfcb038af9a12d446f0150b97fef7a71ca02eec07c517f0ed00fdbea8185,#malware,https://twitter.com/HeliosCert/status/1528326062370848768
2022-05-22 10:58:14,Iamdeadlyz,url,https://api.metaverse-adidas.io/claim,,https://twitter.com/Iamdeadlyz/status/1528329384343416832
2022-05-22 10:59:10,ecarlesi,url,http://metamask-verify-process.com/mm/,#phishing,https://twitter.com/ecarlesi/status/1528329618473746433
2022-05-22 11:04:33,AP_Zenmashi,url,https://www.visaeis-vsiaoeod.owsphrq.presse.ci,#phishing,https://twitter.com/AP_Zenmashi/status/1528330971304853504
2022-05-22 11:06:40,AP_Zenmashi,url,https://www.visaeis-vsiaoeod.xvfnmxf.presse.ci,#phishing,https://twitter.com/AP_Zenmashi/status/1528331503251656704
2022-05-22 11:10:32,AP_Zenmashi,url,https://www.visaeis-vsiaoeod.mkxlfzs.presse.ci,#phishing,https://twitter.com/AP_Zenmashi/status/1528332478846382080
2022-05-22 11:11:42,ecarlesi,url,http://moncompte-secure-ameli.com,#phishing,https://twitter.com/ecarlesi/status/1528332770405240834
2022-05-22 11:13:25,AP_Zenmashi,ip,205.185.120.7,#phishing,https://twitter.com/AP_Zenmashi/status/1528333202334490629
2022-05-22 11:13:25,AP_Zenmashi,url,https://amazun-supervip.xyz,#phishing,https://twitter.com/AP_Zenmashi/status/1528333202334490629
2022-05-22 11:14:00,AP_Zenmashi,url,https://rakuten-secvre.com,#phishing,https://twitter.com/AP_Zenmashi/status/1528333350548582400
2022-05-22 11:14:00,AP_Zenmashi,ip,198.55.96.141,#phishing,https://twitter.com/AP_Zenmashi/status/1528333350548582400
2022-05-22 11:14:33,AP_Zenmashi,url,https://jreasctiaty.com,#phishing,https://twitter.com/AP_Zenmashi/status/1528333488315047936
2022-05-22 11:14:33,AP_Zenmashi,ip,204.44.70.187,#phishing,https://twitter.com/AP_Zenmashi/status/1528333488315047936
2022-05-22 11:14:40,ecarlesi,url,https://mon-suivi-colis.com,#phishing,https://twitter.com/ecarlesi/status/1528333520296361986
2022-05-22 11:15:40,ecarlesi,url,https://demande-santevitale-secu.info,#phishing,https://twitter.com/ecarlesi/status/1528333770981576704
2022-05-22 11:15:43,AP_Zenmashi,url,https://oauaen.ga,#phishing,https://twitter.com/AP_Zenmashi/status/1528333781614010368
2022-05-22 11:17:59,GootLoaderSites,url,https://www.laegerle.de/forum.php,#GootLoader,https://twitter.com/GootLoaderSites/status/1528334353830252544
2022-05-22 11:22:03,ecarlesi,url,https://5th3rdb8nk.com/,#phishing,https://twitter.com/ecarlesi/status/1528335376900837377
2022-05-22 11:27:44,ecarlesi,url,https://ameli-faq.com,#phishing,https://twitter.com/ecarlesi/status/1528336807397625856
2022-05-22 11:31:28,ecarlesi,url,https://wideline.app/phpmyadmin-5.2.0-english.zip,#phishing,https://twitter.com/ecarlesi/status/1528337746670276609
2022-05-22 11:36:30,AP_Zenmashi,url,https://ngcaf.com,#phishing,https://twitter.com/AP_Zenmashi/status/1528339011277705216
2022-05-22 11:36:30,AP_Zenmashi,ip,155.94.143.18,#phishing,https://twitter.com/AP_Zenmashi/status/1528339011277705216
2022-05-22 11:37:06,ian_kenefick,url,https://cltrixworkspace2.com:443/ba.css,#CobaltStrike,https://twitter.com/ian_kenefick/status/1528339163870900224
2022-05-22 11:37:06,ian_kenefick,url,https://cltrixworkspace1.com:443/tab_home,#CobaltStrike,https://twitter.com/ian_kenefick/status/1528339163870900224
2022-05-22 11:37:06,ian_kenefick,url,https://cltrixworkspace3.com:443/temp,#CobaltStrike,https://twitter.com/ian_kenefick/status/1528339163870900224
2022-05-22 11:37:06,ian_kenefick,ip,46.166.161.68,#CobaltStrike,https://twitter.com/ian_kenefick/status/1528339163870900224
2022-05-22 11:38:31,AP_Zenmashi,url,https://amazon.in-gm.com,#phishing,https://twitter.com/AP_Zenmashi/status/1528339521032814594
2022-05-22 11:38:31,AP_Zenmashi,ip,104.223.15.141,#phishing,https://twitter.com/AP_Zenmashi/status/1528339521032814594
2022-05-22 11:41:24,sniko_,ip,44.227.238.106,,https://twitter.com/sniko_/status/1528340247830007811
2022-05-22 11:53:34,sniko_,md5,2b03ed0cdd9c4d5598a4fbbcae11f66e,,https://twitter.com/sniko_/status/1528343307864219655
2022-05-22 11:55:02,HeliosCert,ip,85.172.25.130,#malware,https://twitter.com/HeliosCert/status/1528343677290037250
2022-05-22 11:55:02,HeliosCert,sha256,e717a381bf0642560482c1c8a4a3908ff4b6e0bf3300dcddd78f0f81065bd602,#malware,https://twitter.com/HeliosCert/status/1528343677290037250
2022-05-22 11:56:53,ecarlesi,url,https://soportelas24super.com/,#phishing,https://twitter.com/ecarlesi/status/1528344144623575040
2022-05-22 11:57:01,ecarlesi,url,http://emiratesecdev.com,#phishing,https://twitter.com/ecarlesi/status/1528344176605143040
2022-05-22 11:57:54,0xDanielLopez,url,https://beeple-mint.com,,https://twitter.com/0xDanielLopez/status/1528344397825335296
2022-05-22 12:03:47,ecarlesi,url,http://topredirectss.com,#phishing,https://twitter.com/ecarlesi/status/1528345879505256449
2022-05-22 12:04:33,AP_Zenmashi,url,https://smbc-card.com.3on41gjf.com,#phishing,https://twitter.com/AP_Zenmashi/status/1528346070903713797
2022-05-22 12:07:53,BumbledBubble,url,https://discord-auction.com,#phishing,https://twitter.com/BumbledBubble/status/1528346909345054720
2022-05-22 12:08:37,ecarlesi,url,http://noilehtnoil.com/wallet/,#phishing,https://twitter.com/ecarlesi/status/1528347097061285890
2022-05-22 12:14:56,TeamDreier,url,https://ease.ed.ac.unisr.me/cosign.cgi/?cosign-eucs,#phishing,https://twitter.com/TeamDreier/status/1528348685708447745
2022-05-22 12:14:56,TeamDreier,url,https://unisr.me,#phishing,https://twitter.com/TeamDreier/status/1528348685708447745
2022-05-22 12:14:56,TeamDreier,url,https://uion.me,#phishing,https://twitter.com/TeamDreier/status/1528348685708447745
2022-05-22 12:16:18,ecarlesi,url,http://monespace-vitale.com,#phishing,https://twitter.com/ecarlesi/status/1528349029469388800
2022-05-22 12:19:54,GootLoaderSites,url,https://www.l-i-z-a.de/forum.php,#GootLoader,https://twitter.com/GootLoaderSites/status/1528349933098749952
2022-05-22 12:25:54,phishunt_io,url,https://santander.co.uk.app-review.guide/3/login.php,#phishing #scam,https://twitter.com/phishunt_io/status/1528351445971521536
2022-05-22 12:25:54,phishunt_io,ip,185.254.198.135,#phishing #scam,https://twitter.com/phishunt_io/status/1528351445971521536
2022-05-22 12:28:38,BushidoToken,domain,rebate-ofgem.com,,https://twitter.com/BushidoToken/status/1528352132260417536
2022-05-22 12:28:38,BushidoToken,domain,ofgem-energy-rebate.com,,https://twitter.com/BushidoToken/status/1528352132260417536
2022-05-22 12:28:38,BushidoToken,domain,ofgem-rebate.com,,https://twitter.com/BushidoToken/status/1528352132260417536
2022-05-22 12:28:38,BushidoToken,domain,ofgem-register-rebate.com,,https://twitter.com/BushidoToken/status/1528352132260417536
2022-05-22 12:36:15,KesaGataMe0,url,https://frgdb.designer360.cn,#phishing,https://twitter.com/KesaGataMe0/status/1528354050127073282
2022-05-22 12:36:15,KesaGataMe0,url,https://bfdfd.bgxgspy.cn,#phishing,https://twitter.com/KesaGataMe0/status/1528354050127073282
2022-05-22 12:36:15,KesaGataMe0,url,https://fadsh.hkgqzhl.cn,#phishing,https://twitter.com/KesaGataMe0/status/1528354050127073282
2022-05-22 12:36:15,KesaGataMe0,url,https://fdsbvf.a6s3byuyp.cn,#phishing,https://twitter.com/KesaGataMe0/status/1528354050127073282
2022-05-22 12:36:15,KesaGataMe0,url,https://fsdgbf.kfhrmpt.cn,#phishing,https://twitter.com/KesaGataMe0/status/1528354050127073282
2022-05-22 12:36:15,KesaGataMe0,url,https://gfdrrn.fbqpqrz.cn,#phishing,https://twitter.com/KesaGataMe0/status/1528354050127073282
2022-05-22 12:36:15,KesaGataMe0,ip,172.86.124.243,#phishing,https://twitter.com/KesaGataMe0/status/1528354050127073282
2022-05-22 12:39:09,KesaGataMe0,url,https://inof-auoneo-jp.t6m0zz.cn,#phishing,https://twitter.com/KesaGataMe0/status/1528354777545199617
2022-05-22 12:39:09,KesaGataMe0,url,https://inof-auoneo-jp.x42zssemt.cn,#phishing,https://twitter.com/KesaGataMe0/status/1528354777545199617
2022-05-22 12:39:09,KesaGataMe0,url,https://inof-auoneo-jp.wwlzy8iu5.cn,#phishing,https://twitter.com/KesaGataMe0/status/1528354777545199617
2022-05-22 12:39:09,KesaGataMe0,url,https://inof-auoneo-jp.waojle.cn,#phishing,https://twitter.com/KesaGataMe0/status/1528354777545199617
2022-05-22 12:39:09,KesaGataMe0,ip,198.98.62.229,#phishing,https://twitter.com/KesaGataMe0/status/1528354777545199617
2022-05-22 12:39:09,KesaGataMe0,url,https://inof-auoneo-jp.xm1ock.cn,#phishing,https://twitter.com/KesaGataMe0/status/1528354777545199617
2022-05-22 12:39:09,KesaGataMe0,url,https://inof-auoneo-jp.x6uoknruw.cn,#phishing,https://twitter.com/KesaGataMe0/status/1528354777545199617
2022-05-22 12:43:39,KesaGataMe0,url,https://aupay-update-jp.xkobmtjuh.cn,#phishing,https://twitter.com/KesaGataMe0/status/1528355913555652608
2022-05-22 12:43:39,KesaGataMe0,ip,209.141.33.47,#phishing,https://twitter.com/KesaGataMe0/status/1528355913555652608
2022-05-22 12:43:39,KesaGataMe0,url,https://aupay-update-jp.xyt7aazfa.cn,#phishing,https://twitter.com/KesaGataMe0/status/1528355913555652608
2022-05-22 12:43:39,KesaGataMe0,url,https://aupay-update-jp.t6wjaw8bl.cn,#phishing,https://twitter.com/KesaGataMe0/status/1528355913555652608
2022-05-22 12:43:39,KesaGataMe0,url,https://aupay-update-jp.lliqrgi0i.cn,#phishing,https://twitter.com/KesaGataMe0/status/1528355913555652608
2022-05-22 12:43:39,KesaGataMe0,url,https://aupay-update-jp.rlziu5jfw.cn,#phishing,https://twitter.com/KesaGataMe0/status/1528355913555652608
2022-05-22 12:43:45,drb_ra,ip,209.141.53.178,#CobaltStrike,https://twitter.com/drb_ra/status/1528355935076360198
2022-05-22 12:44:02,drb_ra,ip,114.132.60.92,#CobaltStrike,https://twitter.com/drb_ra/status/1528356009714061312
2022-05-22 12:44:25,drb_ra,ip,114.132.56.160,#CobaltStrike,https://twitter.com/drb_ra/status/1528356105402961920
2022-05-22 12:44:52,drb_ra,ip,114.132.69.80,#CobaltStrike,https://twitter.com/drb_ra/status/1528356219076988934
2022-05-22 12:45:07,drb_ra,ip,81.68.190.139,#CobaltStrike,https://twitter.com/drb_ra/status/1528356280687022080
2022-05-22 12:46:04,drb_ra,ip,49.235.122.125,#CobaltStrike,https://twitter.com/drb_ra/status/1528356520206995458
2022-05-22 12:47:32,drb_ra,ip,23.108.57.18,#CobaltStrike,https://twitter.com/drb_ra/status/1528356888160657408
2022-05-22 12:48:17,KesaGataMe0,url,https://smbccard.net/mem/index,#phishing,https://twitter.com/KesaGataMe0/status/1528357075700830209
2022-05-22 12:49:01,drb_ra,ip,188.116.36.119,#CobaltStrike,https://twitter.com/drb_ra/status/1528357263072808961
2022-05-22 12:50:02,HeliosCert,sha256,b30a9457d46bbfb8ab98c3108fd804049fd8612cb0e92d2ad6108f3ea5f2ed2d,#malware,https://twitter.com/HeliosCert/status/1528357516236705792
2022-05-22 12:50:02,HeliosCert,ip,156.213.172.141,#malware,https://twitter.com/HeliosCert/status/1528357516236705792
2022-05-22 12:52:33,Necio_news,md5,1cd8a018b6af07d08c22bd6429014b0e,#ransomware,https://twitter.com/Necio_news/status/1528358153515048961
2022-05-22 13:03:31,ecarlesi,url,https://cartevitale-renouv.com,#phishing,https://twitter.com/ecarlesi/status/1528360910389223424
2022-05-22 13:09:08,ecarlesi,url,http://validatingdappsonline.live/,#phishing,https://twitter.com/ecarlesi/status/1528362326117781505
2022-05-22 13:09:23,GootLoaderSites,url,https://www.kulturtafel-bonn.de/forum.php,#GootLoader,https://twitter.com/GootLoaderSites/status/1528362385848795137
2022-05-22 13:13:47,ecarlesi,url,https://noilehtnoil.com/wallet/,#phishing,https://twitter.com/ecarlesi/status/1528363496752173057
2022-05-22 13:16:28,ecarlesi,url,http://academiaamarogoncalves.com/amarogonsalves.zip,#phishing,https://twitter.com/ecarlesi/status/1528364168285499393
2022-05-22 13:21:16,ecarlesi,url,http://blackywb.xyz/aaa.zip,#phishing,https://twitter.com/ecarlesi/status/1528365379080396800
2022-05-22 13:31:03,Slvlombardo,md5,b0f12393c87dea24c9aae052c8a49302,#phishing,https://twitter.com/Slvlombardo/status/1528367839786242055
2022-05-22 13:38:28,ecarlesi,url,http://mpsienaprotezioneonline.com/,#phishing,https://twitter.com/ecarlesi/status/1528369705186217985
2022-05-22 13:52:54,drb_ra,ip,104.21.0.124,#CobaltStrike,https://twitter.com/drb_ra/status/1528373337826656256
2022-05-22 13:52:54,drb_ra,ip,172.67.150.244,#CobaltStrike,https://twitter.com/drb_ra/status/1528373337826656256
2022-05-22 13:52:54,drb_ra,ip,20.239.69.211,#CobaltStrike,https://twitter.com/drb_ra/status/1528373337826656256
2022-05-22 13:57:39,ecarlesi,url,http://kivastudio1.com,#phishing,https://twitter.com/ecarlesi/status/1528374532460797953
2022-05-22 14:04:48,ecarlesi,url,https://payafrghyrvfh.com/,#phishing,https://twitter.com/ecarlesi/status/1528376334912724993
2022-05-22 14:12:16,ecarlesi,url,http://carlbonds.com/carlcapital.zip,#phishing,https://twitter.com/ecarlesi/status/1528378212992135169
2022-05-22 14:13:19,ecarlesi,url,http://easydating-ir.com/file.zip,#phishing,https://twitter.com/ecarlesi/status/1528378478202343424
2022-05-22 14:27:03,ecarlesi,url,http://mon-suivi-colis.com,#phishing,https://twitter.com/ecarlesi/status/1528381931158642693
2022-05-22 14:35:07,AP_Zenmashi,url,https://www.acou-aoenmn.oosggns.cn,#phishing,https://twitter.com/AP_Zenmashi/status/1528383961864765443
2022-05-22 14:35:07,AP_Zenmashi,ip,204.44.70.29,#phishing,https://twitter.com/AP_Zenmashi/status/1528383961864765443
2022-05-22 14:36:02,AP_Zenmashi,url,https://www.eki-net.com.mosscoo.com,#phishing,https://twitter.com/AP_Zenmashi/status/1528384195080650752
2022-05-22 14:36:02,AP_Zenmashi,ip,104.129.60.4,#phishing,https://twitter.com/AP_Zenmashi/status/1528384195080650752
2022-05-22 14:44:09,ecarlesi,url,http://demande-carre-vitale.com,#phishing,https://twitter.com/ecarlesi/status/1528386234543919108
2022-05-22 14:57:44,KesaGataMe0,url,https://fdsfb.xjxrhlq.cn,#phishing,https://twitter.com/KesaGataMe0/status/1528389653401051139
2022-05-22 14:57:44,KesaGataMe0,ip,107.150.4.6,#phishing,https://twitter.com/KesaGataMe0/status/1528389653401051139
2022-05-22 14:57:44,KesaGataMe0,url,https://fdsgvc.mseczftn.cn,#phishing,https://twitter.com/KesaGataMe0/status/1528389653401051139
2022-05-22 14:57:44,KesaGataMe0,url,https://fdghf.yxcyqpx.cn,#phishing,https://twitter.com/KesaGataMe0/status/1528389653401051139
2022-05-22 14:57:44,KesaGataMe0,url,https://dcvfdb.dwnphdb.cn,#phishing,https://twitter.com/KesaGataMe0/status/1528389653401051139
2022-05-22 14:57:44,KesaGataMe0,url,https://dasfgb.kdtjyms.cn,#phishing,https://twitter.com/KesaGataMe0/status/1528389653401051139
2022-05-22 14:57:44,KesaGataMe0,url,https://cadsfg.dytjwkm.cn,#phishing,https://twitter.com/KesaGataMe0/status/1528389653401051139
2022-05-22 14:57:44,KesaGataMe0,url,https://dsagvf.vkcwysri.cn,#phishing,https://twitter.com/KesaGataMe0/status/1528389653401051139
2022-05-22 15:01:19,KesaGataMe0,url,https://asdff.mbj58jyp5.cn,#phishing,https://twitter.com/KesaGataMe0/status/1528390555818139654
2022-05-22 15:01:19,KesaGataMe0,url,https://dfsbvf.kriwd73bf.cn,#phishing,https://twitter.com/KesaGataMe0/status/1528390555818139654
2022-05-22 15:01:19,KesaGataMe0,url,https://fdsbf.ljfd7mv03.cn,#phishing,https://twitter.com/KesaGataMe0/status/1528390555818139654
2022-05-22 15:01:19,KesaGataMe0,url,https://fdsedv.ux8amj6yh.cn,#phishing,https://twitter.com/KesaGataMe0/status/1528390555818139654
2022-05-22 15:01:19,KesaGataMe0,url,https://fdsffs.thng2akzc.cn,#phishing,https://twitter.com/KesaGataMe0/status/1528390555818139654
2022-05-22 15:01:19,KesaGataMe0,url,https://fdsgf.2233de.cn,#phishing,https://twitter.com/KesaGataMe0/status/1528390555818139654
2022-05-22 15:01:19,KesaGataMe0,ip,172.86.124.50,#phishing,https://twitter.com/KesaGataMe0/status/1528390555818139654
2022-05-22 15:08:12,KesaGataMe0,url,https://www.aernaacojp.com/,#phishing,https://twitter.com/KesaGataMe0/status/1528392287163916290
2022-05-22 15:08:12,KesaGataMe0,ip,172.86.126.152,#phishing,https://twitter.com/KesaGataMe0/status/1528392287163916290
2022-05-22 15:09:03,MalwarePatrol,url,http://customer.scure-login.asida.ga///cgi-sys/defaultwebpage.cgi,#phishing,https://twitter.com/MalwarePatrol/status/1528392503002599427
2022-05-22 15:17:50,GootLoaderSites,url,https://www.kypit-komputer.icu/forum.php,#GootLoader,https://twitter.com/GootLoaderSites/status/1528394712448737281
2022-05-22 15:22:19,harugasumi,ip,15.152.42.224,#phishing,https://twitter.com/harugasumi/status/1528395842465710080
2022-05-22 15:22:19,harugasumi,ip,13.238.253.65,#phishing,https://twitter.com/harugasumi/status/1528395842465710080
2022-05-22 15:22:19,harugasumi,url,http://13.238.253.65/,#phishing,https://twitter.com/harugasumi/status/1528395842465710080
2022-05-22 15:22:19,harugasumi,url,http://15.152.42.224/,#phishing,https://twitter.com/harugasumi/status/1528395842465710080
2022-05-22 15:26:26,PhishStats,url,http://accident.plateformes-authentiques.com/,#phishing,https://twitter.com/PhishStats/status/1528396876298571777
2022-05-22 15:26:26,PhishStats,ip,5.182.210.101,#phishing,https://twitter.com/PhishStats/status/1528396876298571777
2022-05-22 15:43:02,ecarlesi,url,http://quesosmatthei.com/digitizationapp%20(1).zip,#phishing,https://twitter.com/ecarlesi/status/1528401053376471041
2022-05-22 15:48:33,ecarlesi,url,https://verifyaccountonline.com/,#phishing,https://twitter.com/ecarlesi/status/1528402444606222341
2022-05-22 15:50:02,HeliosCert,ip,197.245.28.222,#malware,https://twitter.com/HeliosCert/status/1528402816984928256
2022-05-22 15:50:02,HeliosCert,sha256,7034df11ba018724cb8e824ad2ac7fdfe3cbab8e289f716cca5b150fd4fedfcf,#malware,https://twitter.com/HeliosCert/status/1528402816984928256
2022-05-22 15:54:39,ecarlesi,url,https://verifyaccountonline.com/login/,#phishing,https://twitter.com/ecarlesi/status/1528403976928088064
2022-05-22 16:18:37,GootLoaderSites,url,https://www.labodeguitademunoz.cl/forum.php,#GootLoader,https://twitter.com/GootLoaderSites/status/1528410008517476352
2022-05-22 16:20:07,ecarlesi,url,https://minevil.com/register/connected-accounts/thspotify/?setup=1,#phishing,https://twitter.com/ecarlesi/status/1528410389301575681
2022-05-22 16:20:45,ecarlesi,url,http://itautllities.com/,#phishing,https://twitter.com/ecarlesi/status/1528410547019993096
2022-05-22 16:22:40,ecarlesi,url,https://sicbfunding.com/about%202.zip,#phishing,https://twitter.com/ecarlesi/status/1528411029713084417
2022-05-22 16:25:42,ecarlesi,url,https://wellsidconfirm.com/,#phishing,https://twitter.com/ecarlesi/status/1528411792036478976
2022-05-22 16:28:56,ecarlesi,url,https://amaz-security.com,#phishing,https://twitter.com/ecarlesi/status/1528412605421096960
2022-05-22 16:29:36,phishunt_io,url,https://instagram-copyright.eu/,#phishing #scam,https://twitter.com/phishunt_io/status/1528412775583735808
2022-05-22 16:29:36,phishunt_io,ip,92.204.220.55,#phishing #scam,https://twitter.com/phishunt_io/status/1528412775583735808
2022-05-22 16:47:34,ecarlesi,url,https://well-fargo-connect.com/signin/,#phishing,https://twitter.com/ecarlesi/status/1528417296707878918
2022-05-22 17:00:02,HeliosCert,ip,109.198.193.139,#malware,https://twitter.com/HeliosCert/status/1528420433791528961
2022-05-22 17:00:02,HeliosCert,sha256,eea04bce30058338f29d97b4d55ae56b75c7025c41816523df318a8d33b8e0c3,#malware,https://twitter.com/HeliosCert/status/1528420433791528961
2022-05-22 17:10:02,dnstwist,domain,steamcommunityb.com,#phishing,https://twitter.com/dnstwist/status/1528422949501521921
2022-05-22 17:20:02,HeliosCert,ip,176.43.126.37,#malware,https://twitter.com/HeliosCert/status/1528425467254128640
2022-05-22 17:20:02,HeliosCert,sha256,9ab2ef4ef2faa28aec4a13aa15d921136d0d37e583ce1b0e0c199edb5048f608,#malware,https://twitter.com/HeliosCert/status/1528425467254128640
2022-05-22 17:30:03,HeliosCert,ip,5.141.9.150,#malware,https://twitter.com/HeliosCert/status/1528427985937874945
2022-05-22 17:30:03,HeliosCert,sha256,74b4855f9b22972274260b357b291dc4244d5714caaaa591824d5780d4ba37a8,#malware,https://twitter.com/HeliosCert/status/1528427985937874945
2022-05-22 17:45:02,HeliosCert,ip,186.154.36.118,#malware,https://twitter.com/HeliosCert/status/1528431757883752449
2022-05-22 17:45:02,HeliosCert,sha256,ddc591d1659bcabea19e4a3ff85acedef7ebcd728ee20c9a010da25db10a22ab,#malware,https://twitter.com/HeliosCert/status/1528431757883752449
2022-05-22 17:45:22,Iamdeadlyz,url,https://gvahim.com/login1/i/flow/login.php,#phishing,https://twitter.com/Iamdeadlyz/status/1528431840838569984
2022-05-22 17:45:22,Iamdeadlyz,ip,23.249.218.14,#phishing,https://twitter.com/Iamdeadlyz/status/1528431840838569984
2022-05-22 17:47:28,GootLoaderSites,url,https://www.latoutnumerique.com/forum.php,#GootLoader,https://twitter.com/GootLoaderSites/status/1528432371061731337
2022-05-22 18:01:31,ecarlesi,url,https://express-home-cost.info/xbalti/,#phishing,https://twitter.com/ecarlesi/status/1528435904754368514
2022-05-22 18:04:47,Iamdeadlyz,url,https://crypto-now.info,,https://twitter.com/Iamdeadlyz/status/1528436726644887553
2022-05-22 18:04:47,Iamdeadlyz,url,https://crypto-now.info/main,,https://twitter.com/Iamdeadlyz/status/1528436726644887553
2022-05-22 18:04:47,Iamdeadlyz,ip,198.54.114.242,,https://twitter.com/Iamdeadlyz/status/1528436726644887553
2022-05-22 18:05:02,HeliosCert,ip,14.102.17.133,#malware,https://twitter.com/HeliosCert/status/1528436791799332870
2022-05-22 18:05:02,HeliosCert,sha256,8c659ca9d737013ffa282c81ea199ad38b03b6c9d88a1f22becd8c801dee7465,#malware,https://twitter.com/HeliosCert/status/1528436791799332870
2022-05-22 18:05:03,HeliosCert,ip,176.192.125.74,#malware,https://twitter.com/HeliosCert/status/1528436794492174340
2022-05-22 18:05:03,HeliosCert,sha256,bb596c843347ed7c7a7a4b085698412c82ffbbc192bd1fab3dca5ae75285c54b,#malware,https://twitter.com/HeliosCert/status/1528436794492174340
2022-05-22 18:08:58,ecarlesi,url,https://nibpol.com,#phishing,https://twitter.com/ecarlesi/status/1528437781411909632
2022-05-22 18:11:31,Iamdeadlyz,url,https://kidztokyo.net/mint/,,https://twitter.com/Iamdeadlyz/status/1528438420678160384
2022-05-22 18:11:31,Iamdeadlyz,ip,68.65.123.156,,https://twitter.com/Iamdeadlyz/status/1528438420678160384
2022-05-22 18:19:15,GootLoaderSites,url,https://www.leasingdequeretaro.mx/forum.php,#GootLoader,https://twitter.com/GootLoaderSites/status/1528440366344585216
2022-05-22 18:20:02,HeliosCert,sha256,f9981a6198009606540f61b26a759c519cee78be724bfe377b6be1b6d45a72fb,#malware,https://twitter.com/HeliosCert/status/1528440567448862726
2022-05-22 18:26:03,ecarlesi,url,http://datisupvc.com,#phishing,https://twitter.com/ecarlesi/status/1528442080007270409
2022-05-22 18:29:00,ecarlesi,url,http://beredene-aseleres.monster/,#phishing,https://twitter.com/ecarlesi/status/1528442821555920896
2022-05-22 18:42:17,ecarlesi,url,https://beredene-aseleres.monster/,#phishing,https://twitter.com/ecarlesi/status/1528446165229895682
2022-05-22 19:24:14,ecarlesi,url,https://usaaservice.online/,#phishing,https://twitter.com/ecarlesi/status/1528456723517911041
2022-05-22 19:25:02,HeliosCert,ip,51.36.33.22,#malware,https://twitter.com/HeliosCert/status/1528456925079384064
2022-05-22 19:25:02,HeliosCert,sha256,f3c35a5af515e2c2880e19333af5a6b9d856abfb0eada86c073ddf71def94c6b,#malware,https://twitter.com/HeliosCert/status/1528456925079384064
2022-05-22 19:37:52,drb_ra,ip,5.34.204.207,#CobaltStrike,https://twitter.com/drb_ra/status/1528460154324271104
2022-05-22 19:38:16,drb_ra,ip,144.202.115.21,#CobaltStrike,https://twitter.com/drb_ra/status/1528460254140420096
2022-05-22 19:38:32,drb_ra,ip,67.207.70.92,#CobaltStrike,https://twitter.com/drb_ra/status/1528460319584137218
2022-05-22 19:39:22,drb_ra,ip,67.205.179.139,#CobaltStrike,https://twitter.com/drb_ra/status/1528460528443609092
2022-05-22 19:39:30,drb_ra,ip,20.205.33.179,#CobaltStrike,https://twitter.com/drb_ra/status/1528460562992181250
2022-05-22 19:39:57,drb_ra,ip,178.62.79.71,#CobaltStrike,https://twitter.com/drb_ra/status/1528460677748346881
2022-05-22 19:40:14,drb_ra,ip,47.242.21.24,#CobaltStrike,https://twitter.com/drb_ra/status/1528460747373785089
2022-05-22 19:40:25,drb_ra,ip,159.89.248.98,#CobaltStrike,https://twitter.com/drb_ra/status/1528460793972412417
2022-05-22 19:40:31,drb_ra,ip,198.55.102.254,#CobaltStrike,https://twitter.com/drb_ra/status/1528460820790886404
2022-05-22 19:40:34,drb_ra,ip,62.113.110.153,#CobaltStrike,https://twitter.com/drb_ra/status/1528460832958566403
2022-05-22 19:41:25,drb_ra,ip,146.185.22.138,#CobaltStrike,https://twitter.com/drb_ra/status/1528461045584601095
2022-05-22 19:41:27,drb_ra,ip,47.57.8.168,#CobaltStrike,https://twitter.com/drb_ra/status/1528461052765261826
2022-05-22 19:42:04,drb_ra,ip,101.33.75.59,#CobaltStrike,https://twitter.com/drb_ra/status/1528461209149784065
2022-05-22 19:42:18,drb_ra,ip,45.207.58.57,#CobaltStrike,https://twitter.com/drb_ra/status/1528461267505127424
2022-05-22 19:43:18,drb_ra,ip,184.72.149.60,#CobaltStrike,https://twitter.com/drb_ra/status/1528461518907621389
2022-05-22 19:43:31,drb_ra,ip,175.178.108.215,#CobaltStrike,https://twitter.com/drb_ra/status/1528461575824318465
2022-05-22 19:43:43,drb_ra,ip,185.53.46.85,#CobaltStrike,https://twitter.com/drb_ra/status/1528461623148560393
2022-05-22 19:44:08,drb_ra,ip,43.138.29.85,#CobaltStrike,https://twitter.com/drb_ra/status/1528461728215965697
2022-05-22 19:44:18,drb_ra,ip,81.68.82.24,#CobaltStrike,https://twitter.com/drb_ra/status/1528461771048202249
2022-05-22 19:45:19,drb_ra,ip,154.31.30.97,#CobaltStrike,https://twitter.com/drb_ra/status/1528462028381249538
2022-05-22 19:45:31,drb_ra,ip,45.64.186.39,#CobaltStrike,https://twitter.com/drb_ra/status/1528462077580431360
2022-05-22 19:50:58,drb_ra,ip,139.60.161.43,#CobaltStrike,https://twitter.com/drb_ra/status/1528463448740401153
2022-05-22 19:52:16,drb_ra,ip,98.142.139.207,#CobaltStrike,https://twitter.com/drb_ra/status/1528463777531838466
2022-05-22 20:09:03,MalwarePatrol,url,https://best-partners.life/,#phishing,https://twitter.com/MalwarePatrol/status/1528467998734000130
2022-05-22 20:17:15,ecarlesi,url,http://clientes-supervielles.com/,#phishing,https://twitter.com/ecarlesi/status/1528470063140982785
2022-05-22 20:28:23,ecarlesi,url,https://assistance-login.com,#phishing,https://twitter.com/ecarlesi/status/1528472865078710273
2022-05-22 20:30:58,phishunt_io,url,https://iclloud.ml/,#phishing #scam,https://twitter.com/phishunt_io/status/1528473516982558721
2022-05-22 20:30:58,phishunt_io,ip,167.172.88.66,#phishing #scam,https://twitter.com/phishunt_io/status/1528473516982558721
2022-05-22 20:33:46,ecarlesi,url,https://france-netflix.com,#phishing,https://twitter.com/ecarlesi/status/1528474222141575169
2022-05-22 20:35:28,ecarlesi,url,http://rocang.xyz,#phishing,https://twitter.com/ecarlesi/status/1528474648320655361
2022-05-22 20:36:57,GootLoaderSites,url,https://www.lettretage.de/forum.php,#GootLoader,https://twitter.com/GootLoaderSites/status/1528475022502813699
2022-05-22 20:45:02,HeliosCert,ip,36.67.209.195,#malware,https://twitter.com/HeliosCert/status/1528477055385575428
2022-05-22 20:45:02,HeliosCert,sha256,4a1d913773271ed874f9d92dca1ea38d33fe0186c02401fc53f21c3c080e8147,#malware,https://twitter.com/HeliosCert/status/1528477055385575428
2022-05-22 20:56:20,ecarlesi,url,https://mon-espace-netflix.com,#phishing,https://twitter.com/ecarlesi/status/1528479897772969984
2022-05-22 21:15:02,HeliosCert,ip,188.50.179.221,#malware,https://twitter.com/HeliosCert/status/1528484606252564481
2022-05-22 21:15:02,HeliosCert,sha256,248ab286f66c8623a3b3a787159daf6dc232cfcfec0592a3fd0eb23a30785bb4,#malware,https://twitter.com/HeliosCert/status/1528484606252564481
2022-05-22 21:22:48,GootLoaderSites,url,https://www.leuketrouwfotos.nl/forum.php,#GootLoader,https://twitter.com/GootLoaderSites/status/1528486558210334723
2022-05-22 21:38:08,ecarlesi,url,http://hatless.shop,#phishing,https://twitter.com/ecarlesi/status/1528490417142042624
2022-05-22 21:49:48,ecarlesi,url,http://securewithcoinbase.com/bots.txt,#phishing,https://twitter.com/ecarlesi/status/1528493353557495813
2022-05-22 22:02:37,ecarlesi,url,https://eddprepaid.info/,#phishing,https://twitter.com/ecarlesi/status/1528496582236286977
2022-05-22 22:04:51,ecarlesi,url,http://srv3www.club/scriptv2%20(1).zip,#phishing,https://twitter.com/ecarlesi/status/1528497140582043656
2022-05-22 22:05:03,HeliosCert,ip,42.200.175.44,#malware,https://twitter.com/HeliosCert/status/1528497191576281093
2022-05-22 22:05:03,HeliosCert,sha256,9a88b86053e0b1701c991e35718ff71478ec0ba66f2a03a8a86516829f088f60,#malware,https://twitter.com/HeliosCert/status/1528497191576281093
2022-05-22 22:21:15,toraneko1016,url,https://www.aocuu-aaosoemsomeusmuu.ghuqirm.ne.pw/,#phishing,https://twitter.com/toraneko1016/status/1528501270939439105
2022-05-22 22:21:15,toraneko1016,ip,137.184.234.235,#phishing,https://twitter.com/toraneko1016/status/1528501270939439105
2022-05-22 22:23:07,GootLoaderSites,url,https://www.kupit-computer.icu/forum.php,#GootLoader,https://twitter.com/GootLoaderSites/status/1528501740345077761
2022-05-22 22:52:17,ecarlesi,url,https://53-login.digital/,#phishing,https://twitter.com/ecarlesi/status/1528509080427446278
2022-05-22 22:58:12,v4ensics,url,https://olgaperezporro.com/js/6vnomgxqdjedbh/,#Emotet,https://twitter.com/v4ensics/status/1528510568889450496
2022-05-22 22:58:12,v4ensics,url,http://olasconsulting.com/images/s4b5qmuvqbjl2xp/,#Emotet,https://twitter.com/v4ensics/status/1528510568889450496
2022-05-22 22:58:12,v4ensics,url,https://paualbert.com/blogs/p5zgnwqgemoakbju/,#Emotet,https://twitter.com/v4ensics/status/1528510568889450496
2022-05-22 22:59:27,drb_ra,ip,84.32.188.104,#CobaltStrike,https://twitter.com/drb_ra/status/1528510881264455681
2022-05-22 23:20:03,HeliosCert,ip,50.60.144.25,#malware,https://twitter.com/HeliosCert/status/1528516065042518017
2022-05-22 23:20:03,HeliosCert,sha256,0a8452e253e31ad8de52743b6e3527ddbab4c7091239b95a53302d1c5b92f606,#malware,https://twitter.com/HeliosCert/status/1528516065042518017
2022-05-22 23:37:25,ecarlesi,url,https://srv3www.club/scriptv2%20(1).zip,#phishing,https://twitter.com/ecarlesi/status/1528520436862132225
2022-05-22 23:40:02,HeliosCert,sha256,83008ffaf6690ab4ec9fb16650b3e0c7c7f2e958c85f9335cc99a1be05d1b5c9,#malware,https://twitter.com/HeliosCert/status/1528521097720782849
2022-05-22 23:40:43,ecarlesi,url,http://ckrsf.com,#phishing,https://twitter.com/ecarlesi/status/1528521270014332928
2022-05-22 23:45:27,ecarlesi,url,https://securewithcoinbase.com/bots.txt,#phishing,https://twitter.com/ecarlesi/status/1528522458881474562
2022-05-22 23:45:30,v4ensics,url,http://learnviaonline.com/wp-admin/qgb/.,#Emotet,https://twitter.com/v4ensics/status/1528522473779695617
2022-05-22 23:48:50,GootLoaderSites,url,https://www.kupit-komputer.icu/forum.php,#GootLoader,https://twitter.com/GootLoaderSites/status/1528523311625515008
2022-05-22 23:56:49,KesaGataMe0,url,https://www.aeouu-aoesmsomeosuuu.adqxeha.ne.pw,#phishing,https://twitter.com/KesaGataMe0/status/1528525319132839941
2022-05-22 23:56:49,KesaGataMe0,url,https://www.aeouu-aoesmsomeosuuu.aetbwsc.ne.pw,#phishing,https://twitter.com/KesaGataMe0/status/1528525319132839941
2022-05-22 23:56:49,KesaGataMe0,url,https://www.aeouu-aoesmsomeosuuu.aetjfre.ne.pw,#phishing,https://twitter.com/KesaGataMe0/status/1528525319132839941
