2021-04-16 01:02:51,58_158_177_102,domain,revercecaptcha.com,,https://twitter.com/58_158_177_102/status/1382862013546696705
2021-08-31 00:51:29,58_158_177_102,md5,7c55de56eda6f892528d8db8f35e3aba,#Lokibot,https://twitter.com/58_158_177_102/status/1432506291860094979
2021-09-02 17:25:25,James_inthe_box,sha256,2e50eb85f6e271001e69c5733af95c34728893145766066c5ff8708dcc0e43b2,#ransomware,https://twitter.com/James_inthe_box/status/1433481199939297308
2021-09-03 15:30:44,hexlax,domain,bot.statusupdate.one,#AgentTesla,https://twitter.com/hexlax/status/1433814727625527298
2021-09-06 00:00:41,pingineer_jp,url,https://anazno.co.ip.fcjbpp.shop/,#phishing #scam,https://twitter.com/pingineer_jp/status/1434667835234549766
2021-09-06 00:00:41,pingineer_jp,url,https://arnzon.co.ip.pc1br0a.cn/,#phishing #scam,https://twitter.com/pingineer_jp/status/1434667835234549766
2021-09-06 00:00:41,pingineer_jp,url,https://amazom.dcezta.shop/,#phishing #scam,https://twitter.com/pingineer_jp/status/1434667835234549766
2021-09-06 00:00:50,KesaGataMe0,url,https://myjcb895rdp.hostpoor.buzz,#phishing,https://twitter.com/KesaGataMe0/status/1434667873876647936
2021-09-06 00:00:50,KesaGataMe0,url,https://myjcb18pt.optuzn.top,#phishing,https://twitter.com/KesaGataMe0/status/1434667873876647936
2021-09-06 00:00:50,KesaGataMe0,url,https://myjcb27op.goolukp.buzz,#phishing,https://twitter.com/KesaGataMe0/status/1434667873876647936
2021-09-06 00:00:50,KesaGataMe0,url,https://myjcb609oh.consone.buzz,#phishing,https://twitter.com/KesaGataMe0/status/1434667873876647936
2021-09-06 00:00:50,KesaGataMe0,url,https://myjcb606ir.outlcok.buzz,#phishing,https://twitter.com/KesaGataMe0/status/1434667873876647936
2021-09-06 00:00:50,KesaGataMe0,url,https://myjcb78.qakame.top,#phishing,https://twitter.com/KesaGataMe0/status/1434667873876647936
2021-09-06 00:00:50,KesaGataMe0,ip,209.141.57.142,#phishing,https://twitter.com/KesaGataMe0/status/1434667873876647936
2021-09-06 00:03:22,pingineer_jp,url,https://direct.gbk-mufg.com/,#phishing #scam,https://twitter.com/pingineer_jp/status/1434668511041753088
2021-09-06 00:05:29,pingineer_jp,url,https://www.paypay-lolng.com/,#phishing #scam,https://twitter.com/pingineer_jp/status/1434669043865112579
2021-09-06 00:06:27,pingineer_jp,url,https://amavoz.grtjioasj4.club/,#phishing #scam,https://twitter.com/pingineer_jp/status/1434669287050932225
2021-09-06 00:06:27,pingineer_jp,url,https://aemanm.itnhjtr4.top,#phishing #scam,https://twitter.com/pingineer_jp/status/1434669287050932225
2021-09-06 00:07:41,pingineer_jp,url,https://www.ycs.cyocksacc.com/,#phishing #scam,https://twitter.com/pingineer_jp/status/1434669595881730048
2021-09-06 00:07:41,pingineer_jp,url,https://www.ys.cyocksaco.com/,#phishing #scam,https://twitter.com/pingineer_jp/status/1434669595881730048
2021-09-06 00:09:02,MalwarePatrol,url,http://www.jasonmaiolo.com/okay/cmd-login=bc955836ebda3b915ae2cc804f4046ba/,#phishing,https://twitter.com/MalwarePatrol/status/1434669938514538497
2021-09-06 00:09:02,MalwarePatrol,md5,bc955836ebda3b915ae2cc804f4046ba,#phishing,https://twitter.com/MalwarePatrol/status/1434669938514538497
2021-09-06 00:11:52,ecarlesi,url,https://assoprat.com/wp-content/uploads/2020/05/glojacaf-2013-2.pdf,#malware,https://twitter.com/ecarlesi/status/1434670651277824001
2021-09-06 00:14:30,KesaGataMe0,url,https://service.etc-co-jp.fit,#phishing,https://twitter.com/KesaGataMe0/status/1434671311595339780
2021-09-06 00:14:30,KesaGataMe0,url,https://info.etc-jp.radio.fm,#phishing,https://twitter.com/KesaGataMe0/status/1434671311595339780
2021-09-06 00:14:30,KesaGataMe0,url,https://etc.co.jp-site.monster,#phishing,https://twitter.com/KesaGataMe0/status/1434671311595339780
2021-09-06 00:14:30,KesaGataMe0,ip,35.193.72.173,#phishing,https://twitter.com/KesaGataMe0/status/1434671311595339780
2021-09-06 00:16:23,pingineer_jp,url,https://www.ye.cyocksaco.com/,#phishing #scam,https://twitter.com/pingineer_jp/status/1434671787770449925
2021-09-06 00:16:23,pingineer_jp,url,https://www.yo.cyocksaco.com/,#phishing #scam,https://twitter.com/pingineer_jp/status/1434671787770449925
2021-09-06 00:17:37,secbird1,url,https://smdc-caed.com-inobesx.sets189cq.top/,#phishing,https://twitter.com/secbird1/status/1434672097683394564
2021-09-06 00:17:37,secbird1,ip,43.226.26.93,#phishing,https://twitter.com/secbird1/status/1434672097683394564
2021-09-06 00:19:04,ecarlesi,url,https://deepcasino.xyz/apps/redstar.exe,#malware,https://twitter.com/ecarlesi/status/1434672461795168257
2021-09-06 00:21:48,pingineer_jp,domain,www.ycs.cyocksacc.com,#phishing #scam,https://twitter.com/pingineer_jp/status/1434673149551919104
2021-09-06 00:21:48,pingineer_jp,domain,www.yz.cyocksacc.com,#phishing #scam,https://twitter.com/pingineer_jp/status/1434673149551919104
2021-09-06 00:21:48,pingineer_jp,domain,www.yv.cyocksacc.com,#phishing #scam,https://twitter.com/pingineer_jp/status/1434673149551919104
2021-09-06 00:23:00,pingineer_jp,domain,www.ye.cyocksaco.com,#phishing #scam,https://twitter.com/pingineer_jp/status/1434673451864715265
2021-09-06 00:23:00,pingineer_jp,domain,www.yo.cyocksaco.com,#phishing #scam,https://twitter.com/pingineer_jp/status/1434673451864715265
2021-09-06 00:23:00,pingineer_jp,domain,www.ys.cyocksaco.com,#phishing #scam,https://twitter.com/pingineer_jp/status/1434673451864715265
2021-09-06 00:23:44,PhishStats,url,http://pagesidentityaccount.co.vu/,#phishing,https://twitter.com/PhishStats/status/1434673638150742017
2021-09-06 00:23:44,PhishStats,ip,205.144.171.59,#phishing,https://twitter.com/PhishStats/status/1434673638150742017
2021-09-06 00:26:27,pingineer_jp,url,http://ntzwnnnnkgpcrzamufhkpavumuysdrwsfjwzskyn.xmqnzz.shop,#phishing #scam,https://twitter.com/pingineer_jp/status/1434674318013652992
2021-09-06 00:26:35,xiatianguo,url,http://zrlpq5.gq/m1-0052/chromium/,#scam,https://twitter.com/xiatianguo/status/1434674353438789632
2021-09-06 00:26:58,pingineer_jp,url,https://amadata.phab.online/,#phishing #scam,https://twitter.com/pingineer_jp/status/1434674450390126594
2021-09-06 00:26:58,pingineer_jp,url,https://amadata.alpha1121.de/,#phishing #scam,https://twitter.com/pingineer_jp/status/1434674450390126594
2021-09-06 00:27:23,pingineer_jp,url,https://arnzon.co.ip.4j7mn7m.cn/,#phishing #scam,https://twitter.com/pingineer_jp/status/1434674555189035011
2021-09-06 00:29:52,pingineer_jp,url,https://swufi.s3.che01.cloud-object-storage.appdomain.cloud/bracing-philippistic-tilefish/index.html,#phishing #scam,https://twitter.com/pingineer_jp/status/1434675181306318848
2021-09-06 00:31:38,pingineer_jp,url,https://amazom.edhsdl.shop/,#phishing #scam,https://twitter.com/pingineer_jp/status/1434675625927737344
2021-09-06 00:31:38,pingineer_jp,url,https://anazno.co.ip.rmnjzm.shop/,#phishing #scam,https://twitter.com/pingineer_jp/status/1434675625927737344
2021-09-06 00:33:08,pingineer_jp,url,https://www.paypay-lo1ng.com/,#phishing #scam,https://twitter.com/pingineer_jp/status/1434676003654098944
2021-09-06 00:33:37,pingineer_jp,url,https://amadata.nabeya.info,#phishing #scam,https://twitter.com/pingineer_jp/status/1434676122927517698
2021-09-06 00:33:37,pingineer_jp,url,https://amadata.zymor.info,#phishing #scam,https://twitter.com/pingineer_jp/status/1434676122927517698
2021-09-06 00:34:08,pingineer_jp,url,https://server.pnnzrb.cn/,#phishing #scam,https://twitter.com/pingineer_jp/status/1434676253785657345
2021-09-06 00:34:42,drb_ra,ip,82.156.199.36,#CobaltStrike,https://twitter.com/drb_ra/status/1434676396849250315
2021-09-06 00:35:08,drb_ra,ip,5.188.33.200,#CobaltStrike,https://twitter.com/drb_ra/status/1434676503644676099
2021-09-06 00:35:27,pingineer_jp,url,https://www.aozoam.aocmzaon.com/,#phishing #scam,https://twitter.com/pingineer_jp/status/1434676583621545985
2021-09-06 00:35:27,pingineer_jp,url,https://amadata.harbourpoets.info,#phishing #scam,https://twitter.com/pingineer_jp/status/1434676583621545985
2021-09-06 00:36:01,pingineer_jp,url,https://www.asceom.aocmzson.com/,#phishing #scam,https://twitter.com/pingineer_jp/status/1434676728744480772
2021-09-06 00:36:01,pingineer_jp,url,https://www.acaozm.aocmzaon.com/,#phishing #scam,https://twitter.com/pingineer_jp/status/1434676728744480772
2021-09-06 00:36:01,pingineer_jp,url,https://www.aoem.aocmzson.com/,#phishing #scam,https://twitter.com/pingineer_jp/status/1434676728744480772
2021-09-06 00:38:35,pingineer_jp,url,https://rekuten.irnuaiekr.net,#phishing #scam,https://twitter.com/pingineer_jp/status/1434677371911618564
2021-09-06 00:39:16,pingineer_jp,url,http://www.rakoten-co-jp.siwyb.shop,#phishing #scam,https://twitter.com/pingineer_jp/status/1434677544951816195
2021-09-06 00:40:28,pingineer_jp,url,https://www.aoeuan.aocmzaon.com/,#phishing #scam,https://twitter.com/pingineer_jp/status/1434677845410738179
2021-09-06 00:40:28,pingineer_jp,url,https://arnzon.co.ip.dnt1scc.cn/,#phishing #scam,https://twitter.com/pingineer_jp/status/1434677845410738179
2021-09-06 00:40:28,pingineer_jp,url,https://anazno.co.ip.mqctxt.shop/,#phishing #scam,https://twitter.com/pingineer_jp/status/1434677845410738179
2021-09-06 00:40:28,pingineer_jp,url,https://amazom.cvmdoy.shop/,#phishing #scam,https://twitter.com/pingineer_jp/status/1434677845410738179
2021-09-06 00:40:58,pingineer_jp,url,https://server.wnhwrb.cn/,#phishing #scam,https://twitter.com/pingineer_jp/status/1434677973840322563
2021-09-06 00:41:14,secbird1,ip,211.253.129.254,#phishing,https://twitter.com/secbird1/status/1434678042362716160
2021-09-06 00:42:16,pingineer_jp,url,https://v1.mk/j66qgkp,#phishing #scam,https://twitter.com/pingineer_jp/status/1434678298903072768
2021-09-06 00:43:37,pingineer_jp,url,https://v1.mk/vvn4zz4,#phishing #scam,https://twitter.com/pingineer_jp/status/1434678639673573376
2021-09-06 00:44:52,pingineer_jp,url,http://jteypemyuxmzywncxfvdptzptxqddadyuxtajgax.kmfxzz.shop,#phishing #scam,https://twitter.com/pingineer_jp/status/1434678954426728452
2021-09-06 00:45:48,pingineer_jp,url,https://server.qhjnkj.cn/,#phishing #scam,https://twitter.com/pingineer_jp/status/1434679191019028483
2021-09-06 00:45:48,pingineer_jp,url,https://server.bnwxrc.cn/,#phishing #scam,https://twitter.com/pingineer_jp/status/1434679191019028483
2021-09-06 00:47:37,pingineer_jp,url,https://amazom.ktaoml.shop/,#phishing #scam,https://twitter.com/pingineer_jp/status/1434679648504332289
2021-09-06 00:47:37,pingineer_jp,url,https://anazno.co.ip.bzlkzm.shop/,#phishing #scam,https://twitter.com/pingineer_jp/status/1434679648504332289
2021-09-06 00:47:37,pingineer_jp,url,https://anazno.co.ip.ctbnky.shop/,#phishing #scam,https://twitter.com/pingineer_jp/status/1434679648504332289
2021-09-06 00:47:37,pingineer_jp,url,https://anazno.co.ip.nklily.shop/,#phishing #scam,https://twitter.com/pingineer_jp/status/1434679648504332289
2021-09-06 00:47:37,pingineer_jp,url,https://anazom.co.ip.smdqzg.shop/,#phishing #scam,https://twitter.com/pingineer_jp/status/1434679648504332289
2021-09-06 00:49:41,pingineer_jp,url,https://anazom.co.ip.wxxwzl.shop/,#phishing #scam,https://twitter.com/pingineer_jp/status/1434680168849707009
2021-09-06 00:49:41,pingineer_jp,url,https://amzanon.co.jp.amzoccountmy.com/,#phishing #scam,https://twitter.com/pingineer_jp/status/1434680168849707009
2021-09-06 00:49:41,pingineer_jp,url,https://anazno.co.ip.lmjqzb.shop/,#phishing #scam,https://twitter.com/pingineer_jp/status/1434680168849707009
2021-09-06 00:49:41,pingineer_jp,url,http://anazno.co.ip.wilrsx.shop/,#phishing #scam,https://twitter.com/pingineer_jp/status/1434680168849707009
2021-09-06 00:50:23,pingineer_jp,url,https://anazno.co.ip.ymxov8.shop/,#phishing #scam,https://twitter.com/pingineer_jp/status/1434680343555043328
2021-09-06 00:50:23,pingineer_jp,url,https://anazom.co.ip.rzapdv.shop/,#phishing #scam,https://twitter.com/pingineer_jp/status/1434680343555043328
2021-09-06 00:50:23,pingineer_jp,url,https://anazom.co.ip.enndau.shop/,#phishing #scam,https://twitter.com/pingineer_jp/status/1434680343555043328
2021-09-06 00:50:41,pingineer_jp,url,https://www.aoenme.aomaocson.com/,#phishing #scam,https://twitter.com/pingineer_jp/status/1434680419346104320
2021-09-06 00:50:41,pingineer_jp,url,https://www.aomac.aomaocson.com/,#phishing #scam,https://twitter.com/pingineer_jp/status/1434680419346104320
2021-09-06 00:55:02,HeliosCert,ip,88.205.172.18,#malware,https://twitter.com/HeliosCert/status/1434681511421386753
2021-09-06 00:55:02,HeliosCert,sha256,b77665487dd354f83ab68f978f8cc82afa45c8e5083224aa9fbb4d81c4b69f97,#malware,https://twitter.com/HeliosCert/status/1434681511421386753
2021-09-06 00:56:22,pingineer_jp,url,https://ccd4c9kjbj6.typeform.com/to/a3gajqoa,#phishing #scam,https://twitter.com/pingineer_jp/status/1434681847879852033
2021-09-06 01:03:47,secbird1,url,https://login.japamatbamk.co.jp.tokyo-co.top/,#phishing,https://twitter.com/secbird1/status/1434683716568174593
2021-09-06 01:03:47,secbird1,ip,216.24.253.47,#phishing,https://twitter.com/secbird1/status/1434683716568174593
2021-09-06 01:17:30,pingineer_jp,url,http://www.fortcoin.net,#phishing #scam,https://twitter.com/pingineer_jp/status/1434687169180811264
2021-09-06 01:19:37,secbird1,url,http://nttdocomo.jp.dpkjw.com,#phishing,https://twitter.com/secbird1/status/1434687699567267840
2021-09-06 01:19:37,secbird1,ip,155.94.182.218,#phishing,https://twitter.com/secbird1/status/1434687699567267840
2021-09-06 01:20:04,secbird1,url,https://aou.afdew.com,#phishing,https://twitter.com/secbird1/status/1434687815065890820
2021-09-06 01:20:04,secbird1,ip,204.44.95.89,#phishing,https://twitter.com/secbird1/status/1434687815065890820
2021-09-06 01:31:42,ecarlesi,url,https://marisqueriadonchalo.com/wp-content/uploads/2021/09/don_chalo_app.zip,#malware,https://twitter.com/ecarlesi/status/1434690739892588552
2021-09-06 01:31:42,ecarlesi,url,https://swed-05-09-2021.info/,#phishing,https://twitter.com/ecarlesi/status/1434690739909312512
2021-09-06 01:45:02,HeliosCert,ip,190.38.173.121,#malware,https://twitter.com/HeliosCert/status/1434694095834910721
2021-09-06 01:45:02,HeliosCert,sha256,9ec301cccf9d374821a75beaa91d698b23531e6d024d550261c53cd0838465fb,#malware,https://twitter.com/HeliosCert/status/1434694095834910721
2021-09-06 01:58:00,KesaGataMe0,url,https://nttdocomo.jp.dpkjw.com,#phishing,https://twitter.com/KesaGataMe0/status/1434697358038556673
2021-09-06 01:58:00,KesaGataMe0,url,https://nttdocomo.jp.java211.com,#phishing,https://twitter.com/KesaGataMe0/status/1434697358038556673
2021-09-06 01:58:00,KesaGataMe0,url,https://nttdocomo.jp.qjf183.com,#phishing,https://twitter.com/KesaGataMe0/status/1434697358038556673
2021-09-06 01:58:00,KesaGataMe0,url,https://nttdocomo.jp.pyc596.com,#phishing,https://twitter.com/KesaGataMe0/status/1434697358038556673
2021-09-06 02:11:43,secbird1,url,http://docomoctxi.duckdns.org/,#phishing,https://twitter.com/secbird1/status/1434700809510391809
2021-09-06 02:11:43,secbird1,ip,45.148.120.141,#phishing,https://twitter.com/secbird1/status/1434700809510391809
2021-09-06 02:21:46,secbird1,url,http://nttdocomo.jp.htfvip9.com,#phishing,https://twitter.com/secbird1/status/1434703342115033090
2021-09-06 02:21:46,secbird1,ip,204.44.92.98,#phishing,https://twitter.com/secbird1/status/1434703342115033090
2021-09-06 02:27:11,secbird1,url,http://docomomjdo.duckdns.org,#phishing,https://twitter.com/secbird1/status/1434704702785011712
2021-09-06 02:27:11,secbird1,ip,165.3.88.195,#phishing,https://twitter.com/secbird1/status/1434704702785011712
2021-09-06 02:32:57,KesaGataMe0,ip,103.200.97.87,#phishing,https://twitter.com/KesaGataMe0/status/1434706156195180545
2021-09-06 02:34:14,KesaGataMe0,url,https://smt-dmkte.shop,#phishing,https://twitter.com/KesaGataMe0/status/1434706478019989507
2021-09-06 02:41:00,CardanoPhishing,domain,adaprize.live,#phishing #scam,https://twitter.com/CardanoPhishing/status/1434708181167611908
2021-09-06 02:41:00,CardanoPhishing,ip,172.67.161.17,#phishing #scam,https://twitter.com/CardanoPhishing/status/1434708181167611908
2021-09-06 02:41:31,CardanoPhishing,domain,givecardanoada.com,#phishing #scam,https://twitter.com/CardanoPhishing/status/1434708310968700928
2021-09-06 02:41:31,CardanoPhishing,ip,185.178.208.180,#phishing #scam,https://twitter.com/CardanoPhishing/status/1434708310968700928
2021-09-06 02:42:00,KesaGataMe0,url,https://smt-dmt.com,#phishing,https://twitter.com/KesaGataMe0/status/1434708431131185154
2021-09-06 02:42:00,KesaGataMe0,ip,155.94.178.68,#phishing,https://twitter.com/KesaGataMe0/status/1434708431131185154
2021-09-06 02:47:38,secbird1,url,https://ao.xcagd.com/,#phishing,https://twitter.com/secbird1/status/1434709851653902343
2021-09-06 02:47:38,secbird1,ip,155.94.128.204,#phishing,https://twitter.com/secbird1/status/1434709851653902343
2021-09-06 02:48:01,secbird1,url,https://aou.xcagd.com/,#phishing,https://twitter.com/secbird1/status/1434709948101840899
2021-09-06 03:03:50,pingineer_jp,url,https://www.annem.aomaocson.com/,#phishing #scam,https://twitter.com/pingineer_jp/status/1434713925136760836
2021-09-06 03:03:50,pingineer_jp,url,https://www.amzoen.aomaozscon.com/,#phishing #scam,https://twitter.com/pingineer_jp/status/1434713925136760836
2021-09-06 03:03:50,pingineer_jp,url,https://www.aomaoz.aomaozscon.com/,#phishing #scam,https://twitter.com/pingineer_jp/status/1434713925136760836
2021-09-06 03:04:03,secbird1,url,http://docomotjtv.duckdns.org/,#phishing,https://twitter.com/secbird1/status/1434713980237324290
2021-09-06 03:04:37,ecarlesi,url,http://fwefwefwe3.xyz/,#phishing,https://twitter.com/ecarlesi/status/1434714122776678404
2021-09-06 03:05:03,HeliosCert,ip,82.200.80.46,#malware,https://twitter.com/HeliosCert/status/1434714231371407363
2021-09-06 03:05:03,HeliosCert,sha256,70970f1be5baf2e8990c27e8be6e50f65f82cb914892df541246dd0ab998802e,#malware,https://twitter.com/HeliosCert/status/1434714231371407363
2021-09-06 03:12:06,KesaGataMe0,ip,216.127.187.113,#phishing,https://twitter.com/KesaGataMe0/status/1434716005956087814
2021-09-06 03:13:10,secbird1,url,http://docomoyuge.duckdns.org,#phishing,https://twitter.com/secbird1/status/1434716277189140482
2021-09-06 03:16:10,bomccss,domain,mail.privateemail.com,#AgentTesla,https://twitter.com/bomccss/status/1434717030721069065
2021-09-06 03:18:16,secbird1,url,https://ao.sadqg.com,#phishing,https://twitter.com/secbird1/status/1434717558918168579
2021-09-06 03:18:16,secbird1,ip,155.94.178.245,#phishing,https://twitter.com/secbird1/status/1434717558918168579
2021-09-06 03:18:31,PhishStats,url,http://185.158.248.159/,#phishing,https://twitter.com/PhishStats/status/1434717621711253509
2021-09-06 03:18:31,PhishStats,ip,185.158.248.159,#phishing,https://twitter.com/PhishStats/status/1434717621711253509
2021-09-06 03:19:19,bakabanker2,url,https://login.japamatbank.co.jp.tokyo-co.monster,#phishing,https://twitter.com/bakabanker2/status/1434717821963960323
2021-09-06 03:21:54,bad_packets,ip,45.155.205.249,,https://twitter.com/bad_packets/status/1434718473679093763
2021-09-06 03:21:54,bad_packets,ip,62.76.41.46,,https://twitter.com/bad_packets/status/1434718473679093763
2021-09-06 03:21:54,bad_packets,ip,89.223.91.225,,https://twitter.com/bad_packets/status/1434718473679093763
2021-09-06 03:21:54,bad_packets,ip,109.237.96.124,,https://twitter.com/bad_packets/status/1434718473679093763
2021-09-06 03:21:54,bad_packets,ip,195.19.192.26,,https://twitter.com/bad_packets/status/1434718473679093763
2021-09-06 03:27:14,souiten,url,http://hidusi.com/e8c76295a5f9acb7/side.html,#CobaltStrike,https://twitter.com/souiten/status/1434719815499849728
2021-09-06 03:27:14,souiten,url,http://hidusi.com/e8c76295a5f9acb7/ministry.cab,#CobaltStrike,https://twitter.com/souiten/status/1434719815499849728
2021-09-06 03:27:14,souiten,url,https://dodefoh.com/ml.html,#CobaltStrike,https://twitter.com/souiten/status/1434719815499849728
2021-09-06 03:27:14,souiten,url,https://joxinu.com/hr.html,#CobaltStrike,https://twitter.com/souiten/status/1434719815499849728
2021-09-06 03:27:14,souiten,md5,63202164da3829f9f20e18bbb031adc6,#CobaltStrike,https://twitter.com/souiten/status/1434719815499849728
2021-09-06 03:27:14,souiten,md5,e770385f9a743ad4098f510166699305,#CobaltStrike,https://twitter.com/souiten/status/1434719815499849728
2021-09-06 03:37:23,phishunt_io,url,https://help-twittersecurity.com/,#phishing #scam,https://twitter.com/phishunt_io/status/1434722371336876034
2021-09-06 03:37:23,phishunt_io,ip,13.77.218.83,#phishing #scam,https://twitter.com/phishunt_io/status/1434722371336876034
2021-09-06 03:42:14,secbird1,url,http://docomofriz.duckdns.org/,#phishing,https://twitter.com/secbird1/status/1434723590310535179
2021-09-06 03:44:33,secbird1,url,https://login.japamatbank.co.jp.tokyo-co.monster/,#phishing,https://twitter.com/secbird1/status/1434724175042678788
2021-09-06 03:46:13,GossiTheDog,ip,107.155.104.162,,https://twitter.com/GossiTheDog/status/1434724594439630848
2021-09-06 03:59:32,ecarlesi,url,http://webppspayment5notifs5.net/,#phishing,https://twitter.com/ecarlesi/status/1434727944186961920
2021-09-06 04:01:36,secbird1,url,https://smt-dmt.com/,#phishing,https://twitter.com/secbird1/status/1434728464485994500
2021-09-06 04:05:07,ecarlesi,url,http://salamat-gov.xyz/lr/app/app.apk,#malware,https://twitter.com/ecarlesi/status/1434729349387857920
2021-09-06 04:13:16,secbird1,url,http://docomoqari.duckdns.org,#phishing,https://twitter.com/secbird1/status/1434731401077673986
2021-09-06 04:14:29,secbird1,url,http://www.paypay-ooo.xyz/,#phishing,https://twitter.com/secbird1/status/1434731708096548865
2021-09-06 04:14:29,secbird1,ip,115.144.69.41,#phishing,https://twitter.com/secbird1/status/1434731708096548865
2021-09-06 04:15:40,KesaGataMe0,url,https://smt-dimkt.info,#phishing,https://twitter.com/KesaGataMe0/status/1434732005866938371
2021-09-06 04:15:40,KesaGataMe0,url,https://smt-dimkt.top,#phishing,https://twitter.com/KesaGataMe0/status/1434732005866938371
2021-09-06 04:15:40,KesaGataMe0,url,https://smt-dmkst.info,#phishing,https://twitter.com/KesaGataMe0/status/1434732005866938371
2021-09-06 04:15:40,KesaGataMe0,url,https://smt-dmkvt.info,#phishing,https://twitter.com/KesaGataMe0/status/1434732005866938371
2021-09-06 04:15:40,KesaGataMe0,ip,204.44.70.186,#phishing,https://twitter.com/KesaGataMe0/status/1434732005866938371
2021-09-06 04:18:41,KesaGataMe0,url,https://smto-domarket.cc,#phishing,https://twitter.com/KesaGataMe0/status/1434732762699730945
2021-09-06 04:18:41,KesaGataMe0,url,https://smtn-dmarkt.cc,#phishing,https://twitter.com/KesaGataMe0/status/1434732762699730945
2021-09-06 04:18:41,KesaGataMe0,url,https://smtz-domark.cc,#phishing,https://twitter.com/KesaGataMe0/status/1434732762699730945
2021-09-06 04:18:41,KesaGataMe0,url,https://smto-dmarkt.cc,#phishing,https://twitter.com/KesaGataMe0/status/1434732762699730945
2021-09-06 04:18:41,KesaGataMe0,ip,104.223.93.66,#phishing,https://twitter.com/KesaGataMe0/status/1434732762699730945
2021-09-06 04:25:02,HeliosCert,ip,23.95.191.132,#malware,https://twitter.com/HeliosCert/status/1434734360163459072
2021-09-06 04:25:02,HeliosCert,sha256,c6f9d6552593fbae05ba071a876e850d3510df2bb91054bc38a1b58aa5556d27,#malware,https://twitter.com/HeliosCert/status/1434734360163459072
2021-09-06 04:25:02,HeliosCert,ip,219.146.196.202,#malware,https://twitter.com/HeliosCert/status/1434734362826792960
2021-09-06 04:25:02,HeliosCert,sha256,55347ce96540efe756d9ebe83845813e6e6df558f78df5ece6dcbaddb8f6268c,#malware,https://twitter.com/HeliosCert/status/1434734362826792960
2021-09-06 04:32:45,secbird1,url,http://docomovast.duckdns.org/,#phishing,https://twitter.com/secbird1/status/1434736301513707520
2021-09-06 04:34:01,secbird1,url,https://ergeb.com/,#phishing,https://twitter.com/secbird1/status/1434736622994477061
2021-09-06 04:34:01,secbird1,ip,155.94.184.58,#phishing,https://twitter.com/secbird1/status/1434736622994477061
2021-09-06 04:42:43,RedBeardIOCs,sha256,c235a28838bf5c785c930f1e976b83c2a1dcf9c046c52b5b927bc1587eea314f,#AgentTesla,https://twitter.com/RedBeardIOCs/status/1434738812119363586
2021-09-06 04:42:43,RedBeardIOCs,sha256,5c3cc2d5e5803ac1082beb7426026da4378daf87092e6052ccfb87d38cefb730,#AgentTesla,https://twitter.com/RedBeardIOCs/status/1434738812119363586
2021-09-06 04:42:43,RedBeardIOCs,sha256,a73d604248662a0e4c9f4042432a533945bf7e63b77cd5a1ffbb10e75e507f74,#AgentTesla,https://twitter.com/RedBeardIOCs/status/1434738812119363586
2021-09-06 04:42:43,RedBeardIOCs,sha256,27105e1ebcfc3fa49db5d24afb0cc683c3ef2c2429af9ee147660dc748e92e9a,#AgentTesla,https://twitter.com/RedBeardIOCs/status/1434738812119363586
2021-09-06 04:50:02,HeliosCert,ip,110.167.201.30,#malware,https://twitter.com/HeliosCert/status/1434740651116146688
2021-09-06 04:50:02,HeliosCert,sha256,ef01342e74887dcf3793ccdcef182454bc1d6c292ef91b2c4c56228a0a098b09,#malware,https://twitter.com/HeliosCert/status/1434740651116146688
2021-09-06 05:02:41,RedBeardIOCs,sha256,9f96fa8b66d1dc7bc1caaaf5e0fb241266e2242013d8335c5e2921446c96dd0a,#AgentTesla,https://twitter.com/RedBeardIOCs/status/1434743835138138112
2021-09-06 05:02:41,RedBeardIOCs,sha256,22baac911ec81999bd7ef4585e1df9de01c72f93ba748770e43decfefb6cd697,#AgentTesla,https://twitter.com/RedBeardIOCs/status/1434743835138138112
2021-09-06 05:02:41,RedBeardIOCs,sha256,636b4ade67519450ecb0afcf1abb80f996964a48a45ec9f86992e13985c76b0f,#AgentTesla,https://twitter.com/RedBeardIOCs/status/1434743835138138112
2021-09-06 05:02:41,RedBeardIOCs,sha256,1a2b6238f4f28727686d60ab5dc696ba8b88672b123b8f18a8b05e7b6a4de4b0,#AgentTesla,https://twitter.com/RedBeardIOCs/status/1434743835138138112
2021-09-06 05:05:54,secbird1,url,http://paypay-ooo.xyz,#phishing,https://twitter.com/secbird1/status/1434744645158772737
2021-09-06 05:09:04,MalwarePatrol,url,https://atlcom.ru/m/redrafts,#phishing,https://twitter.com/MalwarePatrol/status/1434745440713551877
2021-09-06 05:20:02,HeliosCert,ip,45.186.201.166,#malware,https://twitter.com/HeliosCert/status/1434748201865781248
2021-09-06 05:20:02,HeliosCert,sha256,8924042ad145014c423d4c207beefec39d411444bbcd5b8e51c2d9250bb86505,#malware,https://twitter.com/HeliosCert/status/1434748201865781248
2021-09-06 05:21:04,secbird1,url,http://smto-domarket.cc,#phishing,https://twitter.com/secbird1/status/1434748462474563584
2021-09-06 05:38:22,ecarlesi,url,https://olisb.online/wordpress-5.8-zh_cn.zip,#phishing,https://twitter.com/ecarlesi/status/1434752816699092993
2021-09-06 05:38:25,ecarlesi,url,http://acctionrequired.quest/,#phishing,https://twitter.com/ecarlesi/status/1434752830552821768
2021-09-06 05:39:33,ecarlesi,url,http://checkwellscompany.quest/,#phishing,https://twitter.com/ecarlesi/status/1434753115706777604
2021-09-06 05:39:34,ecarlesi,url,http://checkwellsdepartament.quest/,#phishing,https://twitter.com/ecarlesi/status/1434753117799735297
2021-09-06 05:40:27,ecarlesi,url,http://checkonlineproblem.quest/,#phishing,https://twitter.com/ecarlesi/status/1434753342455132163
2021-09-06 05:40:40,ecarlesi,url,http://acctionrequired.quest/auth/login/?id=87f4qzgxwprxsy5nw5qv3vbx8hc7hm0bmstx,#phishing,https://twitter.com/ecarlesi/status/1434753393302593536
2021-09-06 05:41:32,ecarlesi,url,http://failedconnectonline.quest/,#phishing,https://twitter.com/ecarlesi/status/1434753612392112130
2021-09-06 05:41:47,BaoshengbinCumt,domain,cdn2-state-upd.com,#malware,https://twitter.com/BaoshengbinCumt/status/1434753674803232770
2021-09-06 05:41:47,BaoshengbinCumt,md5,822af856d7dddc07dcf1c7249eafbe68,#malware,https://twitter.com/BaoshengbinCumt/status/1434753674803232770
2021-09-06 05:41:47,BaoshengbinCumt,md5,ec09dfc9ca8ab161f2f7b95acad6e7d1,#malware,https://twitter.com/BaoshengbinCumt/status/1434753674803232770
2021-09-06 05:41:47,BaoshengbinCumt,md5,800a79e21d206762ebf9aee7e4c7ead8,#malware,https://twitter.com/BaoshengbinCumt/status/1434753674803232770
2021-09-06 05:42:39,ecarlesi,url,http://checkwellsdepartament.quest/auth/login/?id=2a2ndsumucux3eing7e0dotxo3kekzx4ewnx,#phishing,https://twitter.com/ecarlesi/status/1434753895155355648
2021-09-06 05:43:09,ecarlesi,url,https://www.poweriso.net/poweriso7.exe,#malware,https://twitter.com/ecarlesi/status/1434754019763818498
2021-09-06 05:43:12,ecarlesi,url,http://checkwellscompany.quest/auth/login/?id=z00bubf8ogox4ing33ttannxsh82jwmeevkx,#phishing,https://twitter.com/ecarlesi/status/1434754034783727620
2021-09-06 05:43:19,ecarlesi,url,http://failedconnectonline.quest/auth/login/?id=62gkek7nb22xqwngxjj87kmxpyu6mgpw8g6x,#phishing,https://twitter.com/ecarlesi/status/1434754061874642944
2021-09-06 05:43:31,secbird1,url,http://docomolbwr.duckdns.org/,#phishing,https://twitter.com/secbird1/status/1434754113414131718
2021-09-06 05:45:45,ecarlesi,url,http://checkonlineproblem.quest/auth/login/?id=ognvmq3pwn8xk5z7mddykmdxjhc0kgvxjpfx,#phishing,https://twitter.com/ecarlesi/status/1434754674998091777
2021-09-06 05:46:12,ecarlesi,url,http://helpmobilelogin.quest/,#phishing,https://twitter.com/ecarlesi/status/1434754789632532481
2021-09-06 05:46:16,ecarlesi,url,http://authonlineerror.quest/,#phishing,https://twitter.com/ecarlesi/status/1434754802731429889
2021-09-06 05:46:23,ecarlesi,url,http://help-customer-support.quest/,#phishing,https://twitter.com/ecarlesi/status/1434754832422907913
2021-09-06 05:48:24,pingineer_jp,url,https://www.amaozsn.aomaozscon.com/,#phishing #scam,https://twitter.com/pingineer_jp/status/1434755340415893506
2021-09-06 05:48:26,ecarlesi,url,http://authonlinefailed.quest/,#phishing,https://twitter.com/ecarlesi/status/1434755348066406402
2021-09-06 05:48:53,pingineer_jp,url,https://amazom.ewbkhr.shop/,#phishing #scam,https://twitter.com/pingineer_jp/status/1434755461052461058
2021-09-06 05:49:06,ecarlesi,url,http://authonlineerror.quest/auth/login/?id=fzp76ois3z5x7kf4i50wc73xfeot0z0ezi6x,#phishing,https://twitter.com/ecarlesi/status/1434755516195016710
2021-09-06 05:50:24,ecarlesi,url,http://helo-wf.quest/,#phishing,https://twitter.com/ecarlesi/status/1434755844202237954
2021-09-06 05:50:47,ecarlesi,url,http://helpmobilelogin.quest/auth/login/?id=ozv747hmssjxrykcnbf47hsx4ripb4iufrgx,#phishing,https://twitter.com/ecarlesi/status/1434755939106689025
2021-09-06 05:54:33,ecarlesi,url,http://authonlinefailed.quest/auth/login/?id=8685pjobad4xxzuf5vjr37ox2kma7yyvz2ix,#phishing,https://twitter.com/ecarlesi/status/1434756887938011137
2021-09-06 05:59:49,secbird1,url,http://nttdocomo.jp.1688ws.com,#phishing,https://twitter.com/secbird1/status/1434758215149916165
2021-09-06 05:59:49,secbird1,ip,204.44.82.34,#phishing,https://twitter.com/secbird1/status/1434758215149916165
2021-09-06 06:14:02,ecarlesi,url,http://notice-info-wf.quest/,#phishing,https://twitter.com/ecarlesi/status/1434761792761303040
2021-09-06 06:14:02,ecarlesi,url,http://onlinecustomersupport.quest/,#phishing,https://twitter.com/ecarlesi/status/1434761792765452295
2021-09-06 06:14:10,ecarlesi,url,http://notice-info-wf.quest/auth/login/?id=phapzsp3zx0xa7odgwtni2zxsfiyoup8c7sx,#phishing,https://twitter.com/ecarlesi/status/1434761826630307843
2021-09-06 06:14:10,ecarlesi,url,http://onlinecustomersupport.quest/auth/login/?id=ytkwas26zvaxapxco6oux00xdqzpfgmxf83x,#phishing,https://twitter.com/ecarlesi/status/1434761827175616514
2021-09-06 06:14:38,ecarlesi,url,http://infowfcenter.quest/,#phishing,https://twitter.com/ecarlesi/status/1434761943315881986
2021-09-06 06:14:38,ecarlesi,url,http://mob-wf-acc.quest/,#phishing,https://twitter.com/ecarlesi/status/1434761944951660545
2021-09-06 06:14:45,ecarlesi,url,http://mob-wf-acc.quest/auth/login/?id=wardpf4sacuxxkg6tnvu537xkure84dbpy8x,#phishing,https://twitter.com/ecarlesi/status/1434761970910105602
2021-09-06 06:14:45,ecarlesi,url,http://infowfcenter.quest/auth/login/?id=pzcajt67cs4xef0vpcz8dgpxxkx7o8jzuq8x,#phishing,https://twitter.com/ecarlesi/status/1434761971103145988
2021-09-06 06:15:30,PhishStats,url,http://nbdtrade.com/,#phishing,https://twitter.com/PhishStats/status/1434762161075728384
2021-09-06 06:15:30,PhishStats,ip,148.72.79.8,#phishing,https://twitter.com/PhishStats/status/1434762161075728384
2021-09-06 06:15:45,ecarlesi,url,http://wfconnecterror.quest/,#phishing,https://twitter.com/ecarlesi/status/1434762222887186440
2021-09-06 06:15:45,ecarlesi,url,http://wf-support-info-login.quest/,#phishing,https://twitter.com/ecarlesi/status/1434762222971019271
2021-09-06 06:15:49,ecarlesi,url,http://wfconnectfailed.quest/,#phishing,https://twitter.com/ecarlesi/status/1434762242604605442
2021-09-06 06:17:43,ecarlesi,url,http://wfconnecterror.quest/auth/login/?id=3icwsfy33upxxyvymv0gg40xwsvsjbtedr4x,#phishing,https://twitter.com/ecarlesi/status/1434762721103421441
2021-09-06 06:17:46,ecarlesi,url,http://wf-support-info-login.quest/auth/login/?id=im036zfghzfxocmongmuh8wxuq8rx3vi37ox,#phishing,https://twitter.com/ecarlesi/status/1434762729894686720
2021-09-06 06:17:47,ecarlesi,url,http://wfconnectfailed.quest/auth/login/?id=ka44rjcbczfxfq82mcknrcfxbr8n00gtjsix,#phishing,https://twitter.com/ecarlesi/status/1434762736433606662
2021-09-06 06:22:49,RedBeardIOCs,sha256,699534a988a6aa7c8c5ff4eb01ac28292be257b0312e6d7351fb4cacaa4124d5,#AgentTesla,https://twitter.com/RedBeardIOCs/status/1434764001892835329
2021-09-06 06:22:49,RedBeardIOCs,sha256,d80c0676f83ea9a711ca5efd61542f369072f2c071fd7efd68605dcf40bbd9c6,#AgentTesla,https://twitter.com/RedBeardIOCs/status/1434764001892835329
2021-09-06 06:22:49,RedBeardIOCs,sha256,f4a5d3e985189409a270ea49588b644f71d6069b01ae0b7b99199f0edf637a49,#AgentTesla,https://twitter.com/RedBeardIOCs/status/1434764001892835329
2021-09-06 06:22:49,RedBeardIOCs,sha256,598775c6a3b374a389d0150f3e2d9e0b5062aa9d7326409a1fa018abb7e66831,#AgentTesla,https://twitter.com/RedBeardIOCs/status/1434764001892835329
2021-09-06 06:22:51,JAMESWT_MHT,url,https://hagesher.co/wp-includes/download/login.php?,#phishing,https://twitter.com/JAMESWT_MHT/status/1434764011439001600
2021-09-06 06:22:55,secbird1,url,https://kadl.au.lkiex.com/,#phishing,https://twitter.com/secbird1/status/1434764028929208322
2021-09-06 06:22:55,secbird1,ip,155.94.163.158,#phishing,https://twitter.com/secbird1/status/1434764028929208322
2021-09-06 06:23:21,secbird1,url,https://kadl.au.lkieq.com/,#phishing,https://twitter.com/secbird1/status/1434764134860558338
2021-09-06 06:24:30,pingineer_jp,url,https://nottoorandom.com/2021/update/index.php?userid=,#phishing #scam,https://twitter.com/pingineer_jp/status/1434764427018919942
2021-09-06 06:24:47,ecarlesi,url,http://support-wf-card.quest/,#phishing,https://twitter.com/ecarlesi/status/1434764499387666433
2021-09-06 06:26:49,ecarlesi,url,http://supportonlinesecurity.quest/,#phishing,https://twitter.com/ecarlesi/status/1434765010006380550
2021-09-06 06:29:27,ecarlesi,url,http://xwos.org,#phishing,https://twitter.com/ecarlesi/status/1434765672891011075
2021-09-06 06:30:02,HeliosCert,ip,183.182.114.133,#malware,https://twitter.com/HeliosCert/status/1434765819301535746
2021-09-06 06:30:02,HeliosCert,sha256,67d260da5304f7c7d51cc08c328343e84430c95c9d471889672a95aecc1fe6d0,#malware,https://twitter.com/HeliosCert/status/1434765819301535746
2021-09-06 06:30:19,ecarlesi,url,https://post-nl-sorteercentrum.xyz/,#phishing,https://twitter.com/ecarlesi/status/1434765892064321536
2021-09-06 06:31:19,ecarlesi,url,http://support-wf-card.quest/auth/login/?id=60g0e5zw5bxx82kj0d7d5kex6gzpjgu4jxvx,#phishing,https://twitter.com/ecarlesi/status/1434766139746361347
2021-09-06 06:31:20,ecarlesi,url,https://post-nl-sorteercentrum.xyz/asn/,#phishing,https://twitter.com/ecarlesi/status/1434766147757424641
2021-09-06 06:31:21,StopMalvertisin,ip,161.35.7.43,#scam,https://twitter.com/StopMalvertisin/status/1434766149456039937
2021-09-06 06:31:44,ecarlesi,url,http://supportonlinesecurity.quest/auth/login/?id=ug7sn0c7mgexzgh8snzk47cxv5jxvfaaitbx,#phishing,https://twitter.com/ecarlesi/status/1434766248433360897
2021-09-06 06:32:18,ecarlesi,url,https://post-nl-sorteercentrum.xyz/abn/,#phishing,https://twitter.com/ecarlesi/status/1434766390536413186
2021-09-06 06:33:26,ecarlesi,url,https://post-nl-sorteercentrum.xyz/digid.php,#phishing,https://twitter.com/ecarlesi/status/1434766673748320257
2021-09-06 06:33:34,ecarlesi,url,http://post-nl-sorteercentrum.xyz/,#phishing,https://twitter.com/ecarlesi/status/1434766709446037505
2021-09-06 06:33:52,ecarlesi,url,http://polkafantasy.club/instruction.exe,#malware,https://twitter.com/ecarlesi/status/1434766781353103369
2021-09-06 06:34:25,ecarlesi,url,https://post-nl-sorteercentrum.xyz/ing/,#phishing,https://twitter.com/ecarlesi/status/1434766923502342146
2021-09-06 06:34:39,ecarlesi,url,http://post-nl-sorteercentrum.xyz/asn/,#phishing,https://twitter.com/ecarlesi/status/1434766979756343298
2021-09-06 06:35:44,ecarlesi,url,http://post-nl-sorteercentrum.xyz/abn/,#phishing,https://twitter.com/ecarlesi/status/1434767251627024391
2021-09-06 06:35:47,ecarlesi,url,https://post-nl-sorteercentrum.xyz/postnl.html,#phishing,https://twitter.com/ecarlesi/status/1434767267447853060
2021-09-06 06:35:59,ecarlesi,url,http://raginifriendship.online,#phishing,https://twitter.com/ecarlesi/status/1434767317993328641
2021-09-06 06:36:39,ecarlesi,url,https://adapad.tech/instruction.exe,#malware,https://twitter.com/ecarlesi/status/1434767483806830594
2021-09-06 06:36:48,ecarlesi,url,http://post-nl-sorteercentrum.xyz/digid.php,#phishing,https://twitter.com/ecarlesi/status/1434767523023630336
2021-09-06 06:37:05,ecarlesi,url,https://post-nl-sorteercentrum.xyz/rabo/,#phishing,https://twitter.com/ecarlesi/status/1434767593055920134
2021-09-06 06:37:43,ecarlesi,url,http://post-nl-sorteercentrum.xyz/ing/,#phishing,https://twitter.com/ecarlesi/status/1434767750514319363
2021-09-06 06:38:09,ecarlesi,url,https://post-nl-sorteercentrum.xyz/regio/,#phishing,https://twitter.com/ecarlesi/status/1434767863408177155
2021-09-06 06:38:39,ecarlesi,url,http://post-nl-sorteercentrum.xyz/postnl.html,#phishing,https://twitter.com/ecarlesi/status/1434767985642704898
2021-09-06 06:39:16,ecarlesi,url,https://post-nl-sorteercentrum.xyz/sns/,#phishing,https://twitter.com/ecarlesi/status/1434768143335972866
2021-09-06 06:39:37,ecarlesi,url,http://post-nl-sorteercentrum.xyz/rabo/,#phishing,https://twitter.com/ecarlesi/status/1434768228484538369
2021-09-06 06:40:37,ecarlesi,url,https://post-nl-sorteercentrum.xyz/triodos/,#phishing,https://twitter.com/ecarlesi/status/1434768483762462722
2021-09-06 06:41:38,yvesago,url,https://westrivervalleychorus.com/new1/web-client-upgrade/,#phishing,https://twitter.com/yvesago/status/1434768737463382021
2021-09-06 06:44:36,ecarlesi,url,http://support-wf-card.quest/auth/login/?id=2d2ut7uaipnxbcp3h8qya8px6d7r60kyb8xx,#phishing,https://twitter.com/ecarlesi/status/1434769483525144581
2021-09-06 06:44:42,ecarlesi,url,http://post-nl-sorteercentrum.xyz/regio/,#phishing,https://twitter.com/ecarlesi/status/1434769509445947396
2021-09-06 06:47:06,ecarlesi,url,http://post-nl-sorteercentrum.xyz/sns/,#phishing,https://twitter.com/ecarlesi/status/1434770114881200130
2021-09-06 06:48:35,ecarlesi,url,https://sgsyun.fun/time/time.apk,#malware,https://twitter.com/ecarlesi/status/1434770486450290690
2021-09-06 06:49:26,ecarlesi,url,http://post-nl-sorteercentrum.xyz/triodos/,#phishing,https://twitter.com/ecarlesi/status/1434770701420990466
2021-09-06 06:50:14,yvesago,url,https://sproutstoblooms.com/resume/passage/enlisted/yeruisjjkasj98.html?id=sdjhdsjds#,#phishing,https://twitter.com/yvesago/status/1434770901044711429
2021-09-06 06:50:14,yvesago,url,https://hersheystyles.com/enable/#,#phishing,https://twitter.com/yvesago/status/1434770901044711429
2021-09-06 06:50:14,yvesago,url,https://api.telegram.org/bot1923570488:aah5eeqcfl0cgpwkojago8-accpmt7dka1o/sendmessage,#phishing,https://twitter.com/yvesago/status/1434770901044711429
2021-09-06 06:51:17,ReBensk,url,http://v2.someideaapk.com/sdk-v2-release/sdk-v2-release-1.txt,#malware,https://twitter.com/ReBensk/status/1434771164841144323
2021-09-06 06:51:17,ReBensk,md5,15b620fea15252f8fa4f55fdee3b4e4c,#malware,https://twitter.com/ReBensk/status/1434771164841144323
2021-09-06 06:56:59,illegalFawn,url,https://chivo.id,#phishing,https://twitter.com/illegalFawn/status/1434772599289036800
2021-09-06 06:58:19,ecarlesi,url,https://sgsyun.fun/time/timepro+.apk,#malware,https://twitter.com/ecarlesi/status/1434772935374368776
2021-09-06 07:02:54,RedBeardIOCs,sha256,52ae1cf215eb67122454c2c7bd04a373a93863f55fc2ab59396ee1d028445065,#AgentTesla,https://twitter.com/RedBeardIOCs/status/1434774091232387077
2021-09-06 07:02:54,RedBeardIOCs,sha256,7b07c3650fe05fb65fe224875194c70741078ee216e74583017fb224d9827cc6,#AgentTesla,https://twitter.com/RedBeardIOCs/status/1434774091232387077
2021-09-06 07:02:54,RedBeardIOCs,sha256,e8f5ea7c4dcf1c2edfeedf30ff464f009acb9737d4844f1b845dfb9cc5fab99b,#AgentTesla,https://twitter.com/RedBeardIOCs/status/1434774091232387077
2021-09-06 07:02:54,RedBeardIOCs,sha256,428f57b808d193f6cc30b8e2fe737afc5d53e67780ef776a6d3111de07053924,#AgentTesla,https://twitter.com/RedBeardIOCs/status/1434774091232387077
2021-09-06 07:04:02,secbird1,ip,155.94.128.218,#phishing,https://twitter.com/secbird1/status/1434774375736119302
2021-09-06 07:04:18,harugasumi,url,https://amavnz.yretnb4.top,#phishing,https://twitter.com/harugasumi/status/1434774443205672964
2021-09-06 07:05:02,HeliosCert,ip,180.211.183.30,#malware,https://twitter.com/HeliosCert/status/1434774627889336327
2021-09-06 07:05:02,HeliosCert,sha256,bcc5b913b669d87eb47ff6284499ebb7ab4cb21238bd3b2088c8163e16d82723,#malware,https://twitter.com/HeliosCert/status/1434774627889336327
2021-09-06 07:05:51,secbird1,ip,107.150.5.235,#phishing,https://twitter.com/secbird1/status/1434774832961388545
2021-09-06 07:08:50,secbird1,url,http://nttdocomo.buzz,#phishing,https://twitter.com/secbird1/status/1434775584215764992
2021-09-06 07:08:50,secbird1,ip,162.241.65.212,#phishing,https://twitter.com/secbird1/status/1434775584215764992
2021-09-06 07:14:52,eudyzerpa,url,http://discord-promox.com/,#phishing,https://twitter.com/eudyzerpa/status/1434777100796448768
2021-09-06 07:14:52,eudyzerpa,ip,190.115.18.178,#phishing,https://twitter.com/eudyzerpa/status/1434777100796448768
2021-09-06 07:18:27,JAMESWT_MHT,url,https://index.php/campaigns/kb9071zjbab79/track-url/,#scam,https://twitter.com/JAMESWT_MHT/status/1434778005142966272
2021-09-06 07:18:27,JAMESWT_MHT,url,https://investinbtc2day.com/it/bitcoinworldie/?dom=track.theinvestingteams.com,#scam,https://twitter.com/JAMESWT_MHT/status/1434778005142966272
2021-09-06 07:18:27,JAMESWT_MHT,domain,mydedismtp.com,#scam,https://twitter.com/JAMESWT_MHT/status/1434778005142966272
2021-09-06 07:20:02,HeliosCert,ip,187.140.199.222,#malware,https://twitter.com/HeliosCert/status/1434778400082862082
2021-09-06 07:20:02,HeliosCert,sha256,43318b7eabed46bda373b4ee4d936e715c8d3e942d1acc30c9004fa7ef9bc341,#malware,https://twitter.com/HeliosCert/status/1434778400082862082
2021-09-06 07:25:02,HeliosCert,ip,45.115.89.203,#malware,https://twitter.com/HeliosCert/status/1434779659179282433
2021-09-06 07:25:02,HeliosCert,sha256,9e22184de3f6c9e01f23792c23dcb3505500017e82c9eb5c7d00e59a0a9540dd,#malware,https://twitter.com/HeliosCert/status/1434779659179282433
2021-09-06 07:26:59,KesaGataMe0,url,https://mercari.mecar.icu,#phishing,https://twitter.com/KesaGataMe0/status/1434780149845684226
2021-09-06 07:26:59,KesaGataMe0,url,https://meracri.meacu.pw,#phishing,https://twitter.com/KesaGataMe0/status/1434780149845684226
2021-09-06 07:26:59,KesaGataMe0,url,https://mercari.mecai.icu,#phishing,https://twitter.com/KesaGataMe0/status/1434780149845684226
2021-09-06 07:26:59,KesaGataMe0,url,https://mercari.com.mecai.icu,#phishing,https://twitter.com/KesaGataMe0/status/1434780149845684226
2021-09-06 07:26:59,KesaGataMe0,ip,204.44.92.102,#phishing,https://twitter.com/KesaGataMe0/status/1434780149845684226
2021-09-06 07:34:51,drb_ra,ip,45.112.206.13,#CobaltStrike,https://twitter.com/drb_ra/status/1434782128529625088
2021-09-06 07:35:03,drb_ra,ip,45.76.199.148,#CobaltStrike,https://twitter.com/drb_ra/status/1434782181486993411
2021-09-06 07:35:12,drb_ra,ip,23.160.193.55,#CobaltStrike,https://twitter.com/drb_ra/status/1434782218648494083
2021-09-06 07:35:12,drb_ra,ip,162.244.83.95,#CobaltStrike,https://twitter.com/drb_ra/status/1434782218648494083
2021-09-06 07:35:22,drb_ra,ip,8.210.236.92,#CobaltStrike,https://twitter.com/drb_ra/status/1434782259563966467
2021-09-06 07:35:29,drb_ra,ip,172.105.228.71,#CobaltStrike,https://twitter.com/drb_ra/status/1434782290119430145
2021-09-06 07:35:38,drb_ra,ip,45.77.33.35,#CobaltStrike,https://twitter.com/drb_ra/status/1434782325548765188
2021-09-06 07:40:02,HeliosCert,ip,220.133.14.20,#malware,https://twitter.com/HeliosCert/status/1434783435890085889
2021-09-06 07:40:02,HeliosCert,sha256,e95ce63b7979b8daf590342a4fe3aae553b93bccd0ac2f3abe1e5e2df553e93e,#malware,https://twitter.com/HeliosCert/status/1434783435890085889
2021-09-06 07:40:36,phishunt_io,url,https://online-netflixupdateinfo.dyndns-web.com/,#phishing #scam,https://twitter.com/phishunt_io/status/1434783578047631366
2021-09-06 07:40:36,phishunt_io,ip,35.247.48.231,#phishing #scam,https://twitter.com/phishunt_io/status/1434783578047631366
2021-09-06 07:49:02,ecarlesi,url,https://amazonsecure-gateway.com,#phishing,https://twitter.com/ecarlesi/status/1434785698373058563
2021-09-06 07:50:40,ecarlesi,url,https://aib-inett-on1ine.com/alert.php,#phishing,https://twitter.com/ecarlesi/status/1434786108840218624
2021-09-06 07:56:05,ecarlesi,url,https://keinprogram.com,#phishing,https://twitter.com/ecarlesi/status/1434787474191101954
2021-09-06 07:58:04,reecdeep,url,http://myroyailrubin2019.duia.ro:5000/,#malware,https://twitter.com/reecdeep/status/1434787970943492098
2021-09-06 07:58:04,reecdeep,domain,ventasmayorista.ddns.net,#malware,https://twitter.com/reecdeep/status/1434787970943492098
2021-09-06 07:59:15,ecarlesi,url,http://ksalivraisonprove.com/home.zip,#phishing,https://twitter.com/ecarlesi/status/1434788272186724353
2021-09-06 07:59:27,secbird1,url,https://kdia.lkieq.com/,#phishing,https://twitter.com/secbird1/status/1434788320165257218
2021-09-06 07:59:49,secbird1,ip,107.150.7.84,#phishing,https://twitter.com/secbird1/status/1434788413773950978
2021-09-06 08:00:14,secbird1,url,https://kodi.au.lkieq.com/,#phishing,https://twitter.com/secbird1/status/1434788517041737732
2021-09-06 08:00:37,ecarlesi,url,https://aib-inett-on1ine.com/,#phishing,https://twitter.com/ecarlesi/status/1434788616736227330
2021-09-06 08:01:05,secbird1,url,https://kaid.uyeqc.com/,#phishing,https://twitter.com/secbird1/status/1434788732050182145
2021-09-06 08:02:18,secbird1,url,https://kdia.lkiex.com/,#phishing,https://twitter.com/secbird1/status/1434789038469222401
2021-09-06 08:03:08,secbird1,url,https://kodi.au.lkiex.com/,#phishing,https://twitter.com/secbird1/status/1434789247521722375
2021-09-06 08:03:32,secbird1,url,https://kaid.uyeqx.com/,#phishing,https://twitter.com/secbird1/status/1434789350722523137
2021-09-06 08:06:05,secbird1,url,https://au.kidi.lkiex.com/,#phishing,https://twitter.com/secbird1/status/1434789991763169282
2021-09-06 08:07:30,ecarlesi,url,https://cvsdfdf.com/mazon/,#phishing,https://twitter.com/ecarlesi/status/1434790345452265472
2021-09-06 08:08:53,ecarlesi,url,https://portal-rescheduleupdates.com,#phishing,https://twitter.com/ecarlesi/status/1434790693671735299
2021-09-06 08:09:09,ecarlesi,url,https://cvsdfdf.com/mazon/4d544/,#phishing,https://twitter.com/ecarlesi/status/1434790761933967362
2021-09-06 08:23:58,ecarlesi,url,https://livraisonsaudi.com/home.zip,#phishing,https://twitter.com/ecarlesi/status/1434794489894379528
2021-09-06 08:27:36,malwrhunterteam,url,https://alert-cupertino.web.app/,,https://twitter.com/malwrhunterteam/status/1434795403447242752
2021-09-06 08:30:02,HeliosCert,ip,119.42.73.121,#malware,https://twitter.com/HeliosCert/status/1434796016201605120
2021-09-06 08:30:02,HeliosCert,sha256,44533af9de63dd3fac4a9fbba9b6831496b9121eb3ce221145926c3d6b37310e,#malware,https://twitter.com/HeliosCert/status/1434796016201605120
2021-09-06 08:35:02,HeliosCert,ip,124.123.185.93,#malware,https://twitter.com/HeliosCert/status/1434797275046420482
2021-09-06 08:35:02,HeliosCert,sha256,037ec385165df6750bb7ba0460a50e225791aeb7e1d9b999def2b2b70a5eebe3,#malware,https://twitter.com/HeliosCert/status/1434797275046420482
2021-09-06 08:38:11,ecarlesi,url,https://3657270.com:8989/ftl/commonpage/zh_cn/dns/themes/dnshelper.exe,#malware,https://twitter.com/ecarlesi/status/1434798070659784708
2021-09-06 08:38:55,ecarlesi,url,https://3655561.com:8989/ftl/commonpage/zh_cn/dns/themes/dnshelper.exe,#malware,https://twitter.com/ecarlesi/status/1434798252033970176
2021-09-06 08:39:28,KesaGataMe0,url,https://www.smbc-cardcvv.com,#phishing,https://twitter.com/KesaGataMe0/status/1434798392522133507
2021-09-06 08:39:28,KesaGataMe0,url,https://www.smbccacrd-info.com,#phishing,https://twitter.com/KesaGataMe0/status/1434798392522133507
2021-09-06 08:39:28,KesaGataMe0,ip,103.143.72.59,#phishing,https://twitter.com/KesaGataMe0/status/1434798392522133507
2021-09-06 08:41:13,KesaGataMe0,url,https://nttdocomo.buzz,#phishing,https://twitter.com/KesaGataMe0/status/1434798831871295489
2021-09-06 08:43:09,RedBeardIOCs,sha256,5fc7d48e429f3bd85103c8912d6b52e25360fa3f67a0c1d9f2e449c9e8d30d08,#AgentTesla,https://twitter.com/RedBeardIOCs/status/1434799320201670657
2021-09-06 08:43:09,RedBeardIOCs,sha256,50e9dfae83442184dd88345e7d70c15a5dca42bd827855e49ec03c4e0e072c2f,#AgentTesla,https://twitter.com/RedBeardIOCs/status/1434799320201670657
2021-09-06 08:43:09,RedBeardIOCs,sha256,b3bc26492170ff4dd46f7c51c3c0309f6929f3d8f35e31d14221613839898dec,#AgentTesla,https://twitter.com/RedBeardIOCs/status/1434799320201670657
2021-09-06 08:43:09,RedBeardIOCs,sha256,b452666cd2b4f6f34f8e992aa7e2243b717fc912559e7d8c792cf1e00e996b64,#AgentTesla,https://twitter.com/RedBeardIOCs/status/1434799320201670657
2021-09-06 08:54:10,ecarlesi,url,https://3654575.com:8989/ftl/commonpage/zh_cn/dns/themes/dnshelper.exe,#malware,https://twitter.com/ecarlesi/status/1434802092430987265
2021-09-06 08:59:37,58_158_177_102,md5,389a4daa2839b884858a97bc907a7a5e,#Ursnif,https://twitter.com/58_158_177_102/status/1434803463481745409
2021-09-06 09:04:01,malwrhunterteam,url,https://accountmigrations.netlify.app/,,https://twitter.com/malwrhunterteam/status/1434804568710385664
2021-09-06 09:10:01,dnstwist,domain,stearnconmunity.com,#phishing,https://twitter.com/dnstwist/status/1434806080564043777
2021-09-06 09:10:01,dnstwist,domain,steamcommlunity.com,#phishing,https://twitter.com/dnstwist/status/1434806081520377858
2021-09-06 09:15:33,PhishStats,url,http://spk-asntalt24.xyz/,#phishing,https://twitter.com/PhishStats/status/1434807470300540935
2021-09-06 09:15:33,PhishStats,ip,104.21.40.41,#phishing,https://twitter.com/PhishStats/status/1434807470300540935
2021-09-06 09:22:54,RedBeardIOCs,sha256,1339f9e4bc9692f527f885d71e84bb3c593ae0ee9a848b2e2079022466ca38cf,#AgentTesla,https://twitter.com/RedBeardIOCs/status/1434809323167883264
2021-09-06 09:22:54,RedBeardIOCs,sha256,5e6384391dedcb3e62f83dfeb29f14686b9d0b33a98fc187e50a85a9c79921be,#AgentTesla,https://twitter.com/RedBeardIOCs/status/1434809323167883264
2021-09-06 09:22:54,RedBeardIOCs,sha256,a340ededba61a7e66657f74f8e372f353939190493bff89c82f471414d448798,#AgentTesla,https://twitter.com/RedBeardIOCs/status/1434809323167883264
2021-09-06 09:22:54,RedBeardIOCs,sha256,3c54c14e0046496faf7f519ac8c3085f8a7c7379c8040e47608f962534acddd0,#AgentTesla,https://twitter.com/RedBeardIOCs/status/1434809323167883264
2021-09-06 09:26:37,phishingalert,domain,aktiv-tan.de,#phishing,https://twitter.com/phishingalert/status/1434810255486111746
2021-09-06 09:28:47,ecarlesi,url,http://loginwellserror.quest/,#phishing,https://twitter.com/ecarlesi/status/1434810801076965377
2021-09-06 09:29:48,ecarlesi,url,http://wellsfargonotifications.com/,#phishing,https://twitter.com/ecarlesi/status/1434811059970486272
2021-09-06 09:30:02,HeliosCert,ip,103.66.50.43,#malware,https://twitter.com/HeliosCert/status/1434811117717671939
2021-09-06 09:30:02,HeliosCert,sha256,82b270442d94e09ff87356be322668b00d718f3134edbd6e700bdbf88b7771b1,#malware,https://twitter.com/HeliosCert/status/1434811117717671939
2021-09-06 09:33:02,ecarlesi,url,https://hfax-devices.com/,#phishing,https://twitter.com/ecarlesi/status/1434811871517892609
2021-09-06 09:33:36,ecarlesi,url,http://loginwellserror.quest/auth/login/?id=36ek2andb7oxffta4bjbq5fxmqzyuumeseex,#phishing,https://twitter.com/ecarlesi/status/1434812014073896963
2021-09-06 09:33:48,ecarlesi,url,https://help-verifypayee.com/,#phishing,https://twitter.com/ecarlesi/status/1434812065978404871
2021-09-06 09:35:05,ecarlesi,url,https://help-verifypayee.com/login.php,#phishing,https://twitter.com/ecarlesi/status/1434812389267058689
2021-09-06 09:36:55,ecarlesi,url,https://mmkkntl.com,#phishing,https://twitter.com/ecarlesi/status/1434812847956049921
2021-09-06 09:37:11,secbird1,url,http://docomoiorw.duckdns.org/,#phishing,https://twitter.com/secbird1/status/1434812915287134212
2021-09-06 09:38:53,ecarlesi,url,https://hfax-devices.com/login.php,#phishing,https://twitter.com/ecarlesi/status/1434813344326864897
2021-09-06 09:39:44,ecarlesi,url,http://mmkkntl.com,#phishing,https://twitter.com/ecarlesi/status/1434813560056528906
2021-09-06 09:40:02,HeliosCert,ip,123.231.140.170,#malware,https://twitter.com/HeliosCert/status/1434813633285042183
2021-09-06 09:40:02,HeliosCert,sha256,2acbff44e7801bc61a7881a7fc29549ac9b5f903817b6ffec3c305d550e5271e,#malware,https://twitter.com/HeliosCert/status/1434813633285042183
2021-09-06 09:41:13,ecarlesi,url,http://loginwellserror.quest/auth/login/?id=ptk538mzncwxackuiaguq20xz03kivcpzjwx,#phishing,https://twitter.com/ecarlesi/status/1434813932473131010
2021-09-06 09:43:46,ecarlesi,url,http://hsbc-clients.com/,#phishing,https://twitter.com/ecarlesi/status/1434814574436438019
2021-09-06 09:44:33,secbird1,url,https://mearceri-co-jp.vii777.top/,#phishing,https://twitter.com/secbird1/status/1434814769203081222
2021-09-06 09:44:33,secbird1,ip,72.44.73.82,#phishing,https://twitter.com/secbird1/status/1434814769203081222
2021-09-06 09:49:02,drb_ra,ip,99.84.120.78,#CobaltStrike,https://twitter.com/drb_ra/status/1434815898578259968
2021-09-06 09:49:05,drb_ra,ip,49.235.9.206,#CobaltStrike,https://twitter.com/drb_ra/status/1434815913191170049
2021-09-06 09:49:09,drb_ra,ip,185.240.247.98,#CobaltStrike,https://twitter.com/drb_ra/status/1434815928462716935
2021-09-06 09:49:14,drb_ra,ip,8.140.120.7,#CobaltStrike,https://twitter.com/drb_ra/status/1434815950046515200
2021-09-06 09:49:21,drb_ra,ip,42.192.69.109,#CobaltStrike,https://twitter.com/drb_ra/status/1434815977372389376
2021-09-06 09:49:26,drb_ra,ip,101.37.23.113,#CobaltStrike,https://twitter.com/drb_ra/status/1434815999551938564
2021-09-06 09:49:30,drb_ra,ip,81.69.26.175,#CobaltStrike,https://twitter.com/drb_ra/status/1434816014894702592
2021-09-06 09:49:44,drb_ra,ip,152.32.164.208,#CobaltStrike,https://twitter.com/drb_ra/status/1434816073614962689
2021-09-06 09:50:00,drb_ra,ip,121.199.166.58,#CobaltStrike,https://twitter.com/drb_ra/status/1434816140547706880
2021-09-06 09:50:04,drb_ra,ip,121.40.248.82,#CobaltStrike,https://twitter.com/drb_ra/status/1434816159434608641
2021-09-06 09:52:44,malwrhunterteam,url,https://userportal-ctcweb.netlify.app/,,https://twitter.com/malwrhunterteam/status/1434816829495599104
2021-09-06 09:57:41,stoerchl,domain,selltaxes.com,,https://twitter.com/stoerchl/status/1434818076109848582
2021-09-06 09:57:41,stoerchl,domain,inbiz-cons.com,,https://twitter.com/stoerchl/status/1434818076109848582
2021-09-06 09:59:33,JScener,domain,discord-airdrop.com,#phishing,https://twitter.com/JScener/status/1434818546824003587
2021-09-06 10:00:20,RedBeardIOCs,sha256,ebe17f41cd29f1d18a9567f1b37681488c5d259ab299c125c9ef57572c20b573,#Dridex,https://twitter.com/RedBeardIOCs/status/1434818742173700096
2021-09-06 10:00:20,RedBeardIOCs,sha256,894d02dca84d511af9bdc59d39767ff96d4da112babe1c7c1e6efa585a82789b,#Dridex,https://twitter.com/RedBeardIOCs/status/1434818742173700096
2021-09-06 10:00:20,RedBeardIOCs,sha256,4771b0c480ccebb7d0807f88da512e3b79a53e6211e48b2a829c76cc4f5a4495,#Dridex,https://twitter.com/RedBeardIOCs/status/1434818742173700096
2021-09-06 10:00:20,RedBeardIOCs,sha256,2ad19c666174628051c652cfa121d5f057befa6e98d0b4cc4164f02c7aba70d0,#Dridex,https://twitter.com/RedBeardIOCs/status/1434818742173700096
2021-09-06 10:00:20,RedBeardIOCs,sha256,c0fcd387c60cc679cc9c8f51f4ebc0ba20a2ce7418793c5730531081ccd7f2bd,#Dridex,https://twitter.com/RedBeardIOCs/status/1434818743809490945
2021-09-06 10:00:20,RedBeardIOCs,sha256,d9cc756f2e4051829587953beeec53003835cb9d1edd7b21043b538eacc68353,#Dridex,https://twitter.com/RedBeardIOCs/status/1434818743809490945
2021-09-06 10:00:20,RedBeardIOCs,sha256,3ffc48d5a739c7238f4deb4ea4675488ac9499f43bb3773ccc1ed49b773f4f79,#Dridex,https://twitter.com/RedBeardIOCs/status/1434818743809490945
2021-09-06 10:00:20,RedBeardIOCs,sha256,753d3cba159991c6aeeeb3dda54e6d44444a7ba19f272cfaeb91b76a5bfe3f76,#Dridex,https://twitter.com/RedBeardIOCs/status/1434818743809490945
2021-09-06 10:00:21,RedBeardIOCs,sha256,8aaa79ba745ed12daee13fbb8584d8116269780c182b0a064c28e19edf9ae6de,#Dridex,https://twitter.com/RedBeardIOCs/status/1434818745432743937
2021-09-06 10:00:21,RedBeardIOCs,sha256,0463b2b43f93347df92c57b2fd03ef629b5dcc03d0d6aa3532d7a699cb7de2ef,#Dridex,https://twitter.com/RedBeardIOCs/status/1434818745432743937
2021-09-06 10:00:21,RedBeardIOCs,sha256,b69256e09e58a204d66eea43deacb1270f67f3837e8ddad7fb9e2248d51cc452,#Dridex,https://twitter.com/RedBeardIOCs/status/1434818745432743937
2021-09-06 10:00:21,RedBeardIOCs,sha256,b75c31665ad658a1a88f2b0b840f4059f3425566345d25b8781dc033661542bd,#Dridex,https://twitter.com/RedBeardIOCs/status/1434818745432743937
2021-09-06 10:00:21,RedBeardIOCs,sha256,1ee3f3beec8dc719a2824e5e917565d59c94338085792919f2fa28496660286b,#Dridex,https://twitter.com/RedBeardIOCs/status/1434818747093721089
2021-09-06 10:00:21,RedBeardIOCs,sha256,f7ce624377df76a9fea5cbafb8239203c4e2ecf3d8ec67425bd891ffdfc4d15c,#Dridex,https://twitter.com/RedBeardIOCs/status/1434818747093721089
2021-09-06 10:00:21,RedBeardIOCs,sha256,a58688da90bbc31b088b2c117964aca094632610a97f60cda8fa0f983fb72d67,#Dridex,https://twitter.com/RedBeardIOCs/status/1434818747093721089
2021-09-06 10:00:21,RedBeardIOCs,sha256,9ce61549eddd1eec7fe06686647549421e9126648061f0c969b562df0d1519b2,#Dridex,https://twitter.com/RedBeardIOCs/status/1434818747093721089
2021-09-06 10:00:33,ecarlesi,url,https://yoimanpodlovers.com,#phishing,https://twitter.com/ecarlesi/status/1434818798494826499
2021-09-06 10:07:42,ecarlesi,url,https://saudicolis.com/home.zip,#phishing,https://twitter.com/ecarlesi/status/1434820595762573315
2021-09-06 10:14:58,ffforward,url,https://lureborufer.store,,https://twitter.com/ffforward/status/1434822425535995912
2021-09-06 10:14:58,ffforward,url,https://dureborufer.store,,https://twitter.com/ffforward/status/1434822425535995912
2021-09-06 10:17:57,ecarlesi,md5,6364d3f0f495b6ab9dcf8d3b5c6e0b01,#phishing,https://twitter.com/ecarlesi/status/1434823177155321856
2021-09-06 10:22:44,Certego_Intel,domain,igbyugfwbwb5.xyz,#malware,https://twitter.com/Certego_Intel/status/1434824379268018182
2021-09-06 10:26:36,ecarlesi,md5,ad61ab143223efbc24c7d2583be69251,#phishing,https://twitter.com/ecarlesi/status/1434825354401755141
2021-09-06 10:27:24,ecarlesi,url,https://webppspayment5notifs5.net/,#phishing,https://twitter.com/ecarlesi/status/1434825553689858048
2021-09-06 10:40:02,HeliosCert,ip,172.254.92.68,#malware,https://twitter.com/HeliosCert/status/1434828732838158337
2021-09-06 10:40:02,HeliosCert,sha256,a57c2aef080a5d3d4780ff75a1f9981bd760898b8e6c3027d9c9cc70394db06f,#malware,https://twitter.com/HeliosCert/status/1434828732838158337
2021-09-06 10:41:25,secbird1,url,https://www.smbc-cardcvv.com/pc/index.html,#phishing,https://twitter.com/secbird1/status/1434829080734568450
2021-09-06 10:46:49,TeamDreier,url,https://arteliagroup-rview.com/industrie/arteliagroup/eua/prj0c2/,#phishing,https://twitter.com/TeamDreier/status/1434830439936663556
2021-09-06 10:55:02,HeliosCert,ip,61.216.1.23,#malware,https://twitter.com/HeliosCert/status/1434832509888614405
2021-09-06 10:55:02,HeliosCert,sha256,f18ff12529c790e31c0c8e853acc17894826c76c2d50ac854cab3f194809eee9,#malware,https://twitter.com/HeliosCert/status/1434832509888614405
2021-09-06 10:55:50,reecdeep,domain,lureborufer.store,#malware,https://twitter.com/reecdeep/status/1434832710573436928
2021-09-06 10:55:50,reecdeep,domain,dureborufer.store,#malware,https://twitter.com/reecdeep/status/1434832710573436928
2021-09-06 10:55:50,reecdeep,domain,mureborufer.one,#malware,https://twitter.com/reecdeep/status/1434832710573436928
2021-09-06 10:55:50,reecdeep,domain,pureborufer.one,#malware,https://twitter.com/reecdeep/status/1434832710573436928
2021-09-06 10:55:50,reecdeep,domain,wureborufer.one,#malware,https://twitter.com/reecdeep/status/1434832710573436928
2021-09-06 10:55:50,reecdeep,ip,37.120.222.65,#malware,https://twitter.com/reecdeep/status/1434832710573436928
2021-09-06 10:55:50,reecdeep,ip,37.120.222.89,#malware,https://twitter.com/reecdeep/status/1434832710573436928
2021-09-06 10:55:50,reecdeep,ip,37.120.222.9,#malware,https://twitter.com/reecdeep/status/1434832710573436928
2021-09-06 11:00:02,HeliosCert,ip,223.26.29.238,#malware,https://twitter.com/HeliosCert/status/1434833764820062219
2021-09-06 11:00:02,HeliosCert,sha256,a34187142fd9ce1f5fb72d2e284c8c1e0ce0b37c2cd6f20778b50b684f7a3346,#malware,https://twitter.com/HeliosCert/status/1434833764820062219
2021-09-06 11:05:15,malwrhunterteam,domain,amnesty.org,,https://twitter.com/malwrhunterteam/status/1434835081126875139
2021-09-06 11:05:15,malwrhunterteam,sha256,bb12dc21e8647eba9a7a99b1112f1ab729571ca28ac46f3c7edb533574a5de4f,,https://twitter.com/malwrhunterteam/status/1434835081126875139
2021-09-06 11:07:59,ecarlesi,url,https://anti-drop-onlinetax.com,#phishing,https://twitter.com/ecarlesi/status/1434835767629598720
2021-09-06 11:08:13,JAMESWT_MHT,url,https://selltaxes.com/,#Ursnif,https://twitter.com/JAMESWT_MHT/status/1434835824240115713
2021-09-06 11:10:03,HeliosCert,ip,5.59.142.216,#malware,https://twitter.com/HeliosCert/status/1434836285630427136
2021-09-06 11:10:03,HeliosCert,sha256,8c73e3ff46e9d8eb1a607247513f4c71477c8a22f24f4616f7ddb9783efe3845,#malware,https://twitter.com/HeliosCert/status/1434836285630427136
2021-09-06 11:12:59,ecarlesi,url,https://artegurenay.com/mypage.information/,#phishing,https://twitter.com/ecarlesi/status/1434837025354616832
2021-09-06 11:20:49,ecarlesi,url,http://pruebas-cujdd.xyz/liriodelosvalles.zip,#phishing,https://twitter.com/ecarlesi/status/1434838998787186689
2021-09-06 11:35:27,FromPorts,ip,185.222.57.204,#malware,https://twitter.com/FromPorts/status/1434842680606003206
2021-09-06 11:35:35,ecarlesi,url,http://sblocca-credenziali.digital/,#phishing,https://twitter.com/ecarlesi/status/1434842714663792658
2021-09-06 11:38:57,ecarlesi,url,https://sblocca-credenziali.digital/,#phishing,https://twitter.com/ecarlesi/status/1434843558096392194
2021-09-06 11:41:07,phishunt_io,url,https://www.instagram21folw.tk/,#phishing #scam,https://twitter.com/phishunt_io/status/1434844106556166151
2021-09-06 11:41:07,phishunt_io,ip,142.250.185.83,#phishing #scam,https://twitter.com/phishunt_io/status/1434844106556166151
2021-09-06 11:42:42,RedBeardIOCs,sha256,f553f843fa3d43e9148f700c9c14997602b9e8d7c2d284a9486dcc80673e7b5e,#AgentTesla,https://twitter.com/RedBeardIOCs/status/1434844502011830273
2021-09-06 11:42:42,RedBeardIOCs,sha256,b48c90b1bdb08c67811860a2ab609f74af0602db85b829586e5eec875fde9240,#AgentTesla,https://twitter.com/RedBeardIOCs/status/1434844502011830273
2021-09-06 11:42:42,RedBeardIOCs,sha256,9222c571a4574561dcbe4b2399d0a3073c27a09f49e88167bf7fedc929f3d52c,#AgentTesla,https://twitter.com/RedBeardIOCs/status/1434844502011830273
2021-09-06 11:42:42,RedBeardIOCs,sha256,cb37a64fc7c2215d0f9f32ecaeb8a3e7411bd2ef5d154eb8134217bb9de0319d,#AgentTesla,https://twitter.com/RedBeardIOCs/status/1434844502011830273
2021-09-06 11:46:49,secbird1,url,https://docomogyqo.duckdns.org,#phishing,https://twitter.com/secbird1/status/1434845538466164739
2021-09-06 11:46:49,secbird1,ip,45.134.82.204,#phishing,https://twitter.com/secbird1/status/1434845538466164739
2021-09-06 11:47:12,secbird1,url,https://docomozavk.duckdns.org,#phishing,https://twitter.com/secbird1/status/1434845637288202242
2021-09-06 11:48:16,secbird1,url,https://docomoroyz.duckdns.org,#phishing,https://twitter.com/secbird1/status/1434845906734497793
2021-09-06 11:49:03,secbird1,url,https://docomoyffy.duckdns.org,#phishing,https://twitter.com/secbird1/status/1434846102495191042
2021-09-06 11:50:02,HeliosCert,ip,189.57.15.218,#malware,https://twitter.com/HeliosCert/status/1434846351431553030
2021-09-06 11:50:02,HeliosCert,sha256,f914ed224f7165551dc299519a008866bc1ac641072f338d6e6c5d4ab32e556f,#malware,https://twitter.com/HeliosCert/status/1434846351431553030
2021-09-06 11:50:08,secbird1,url,https://docomowwyq.duckdns.org,#phishing,https://twitter.com/secbird1/status/1434846376299356161
2021-09-06 11:50:44,AlvieriD,domain,help-twittersecurity.com,#phishing,https://twitter.com/AlvieriD/status/1434846524031344644
2021-09-06 11:55:02,HeliosCert,ip,39.46.127.99,#malware,https://twitter.com/HeliosCert/status/1434847609013903367
2021-09-06 11:55:02,HeliosCert,sha256,e24cc7f0d4c811cdcf252e008ba8a9e90ca27fc4fdffa31f6ca910a26c031bca,#malware,https://twitter.com/HeliosCert/status/1434847609013903367
2021-09-06 12:10:59,secbird1,url,https://nttdocomo.jp.hlvip62.com/,#phishing,https://twitter.com/secbird1/status/1434851620936843267
2021-09-06 12:10:59,secbird1,ip,204.44.95.105,#phishing,https://twitter.com/secbird1/status/1434851620936843267
2021-09-06 12:12:22,pr0xylife,url,http://69.174.100.168/webpanel-dawn/login.php,#AgentTesla,https://twitter.com/pr0xylife/status/1434851969307484160
2021-09-06 12:12:22,pr0xylife,ip,69.174.100.168,#AgentTesla,https://twitter.com/pr0xylife/status/1434851969307484160
2021-09-06 12:14:26,ecarlesi,url,http://bungatersenyum.com,#phishing,https://twitter.com/ecarlesi/status/1434852488520220673
2021-09-06 12:18:02,secbird1,url,https://nttdocomo.jp.tyvip8.com/login.php,#phishing,https://twitter.com/secbird1/status/1434853396024987651
2021-09-06 12:18:02,secbird1,ip,204.44.93.156,#phishing,https://twitter.com/secbird1/status/1434853396024987651
2021-09-06 12:25:19,AddressIntel,url,https://www.unipolsaimontichiari.it,#phishing,https://twitter.com/AddressIntel/status/1434855230181715971
2021-09-06 12:34:17,ecarlesi,url,http://cbtb7-bkbd7.xyz/,#phishing,https://twitter.com/ecarlesi/status/1434857483709960196
2021-09-06 12:35:58,secbird1,url,https://nttdocomo.jp.cq5845.com/login.php,#phishing,https://twitter.com/secbird1/status/1434857910618636291
2021-09-06 12:40:02,HeliosCert,ip,159.192.149.214,#malware,https://twitter.com/HeliosCert/status/1434858930476392449
2021-09-06 12:40:02,HeliosCert,sha256,ab1fb1a47cfc5439aac7d9709f6794e1512c36ab65941e86bce8e652caa1a2dd,#malware,https://twitter.com/HeliosCert/status/1434858930476392449
2021-09-06 12:45:03,HeliosCert,ip,83.122.172.92,#malware,https://twitter.com/HeliosCert/status/1434860196057292809
2021-09-06 12:45:03,HeliosCert,sha256,869e30e06347962df26d35cefb3d43c75d9faa350a6aba66963e592876bc5d02,#malware,https://twitter.com/HeliosCert/status/1434860196057292809
2021-09-06 12:46:18,ecarlesi,url,http://infowellscompany.quest/,#phishing,https://twitter.com/ecarlesi/status/1434860509166194696
2021-09-06 12:47:11,KesaGataMe0,url,https://docomogdpn.duckdns.org,#phishing,https://twitter.com/KesaGataMe0/status/1434860732911271945
2021-09-06 12:47:11,KesaGataMe0,url,https://docomoiajy.duckdns.org,#phishing,https://twitter.com/KesaGataMe0/status/1434860732911271945
2021-09-06 12:48:32,ps66uk,sha256,0ea32a96737c92af86f42b0895279783c925d8301e96dcca2d1c3351d5870dc8,#AgentTesla,https://twitter.com/ps66uk/status/1434861070460624904
2021-09-06 12:50:03,ecarlesi,url,http://verify-jpmorgan.com/chase/,#phishing,https://twitter.com/ecarlesi/status/1434861453551538176
2021-09-06 12:50:36,kubotaa3,url,https://login.japannetbank.aiysu.com/client/index.html,#phishing,https://twitter.com/kubotaa3/status/1434861591044902926
2021-09-06 12:50:36,kubotaa3,domain,cdncdn.dos.gay,#phishing,https://twitter.com/kubotaa3/status/1434861591044902926
2021-09-06 12:50:36,kubotaa3,ip,103.237.103.135,#phishing,https://twitter.com/kubotaa3/status/1434861591044902926
2021-09-06 12:51:54,ecarlesi,url,http://infowellscompany.quest/auth/login/?id=0bqtegxfxpxxaq4jm5sp60qxuyg7uzx7mgwx,#phishing,https://twitter.com/ecarlesi/status/1434861918678880261
2021-09-06 12:53:16,secbird1,url,https://nttdocomo.jp.jianzhile.co/,#phishing,https://twitter.com/secbird1/status/1434862261386895361
2021-09-06 12:53:16,secbird1,ip,155.94.178.113,#phishing,https://twitter.com/secbird1/status/1434862261386895361
2021-09-06 12:55:02,HeliosCert,ip,178.210.53.133,#malware,https://twitter.com/HeliosCert/status/1434862707832991753
2021-09-06 12:55:02,HeliosCert,sha256,8a3cc2e6169e5bf4ed699b9799a76c7f82bff4aca61ffa5c75c3ad2ad79d58cf,#malware,https://twitter.com/HeliosCert/status/1434862707832991753
2021-09-06 13:08:32,secbird1,url,https://nttdocomo.jp.hjvip83.com/,#phishing,https://twitter.com/secbird1/status/1434866104979972097
2021-09-06 13:12:06,drb_ra,ip,36.112.132.29,#CobaltStrike,https://twitter.com/drb_ra/status/1434867002015948804
2021-09-06 13:12:11,drb_ra,ip,207.148.103.182,#CobaltStrike,https://twitter.com/drb_ra/status/1434867022551261186
2021-09-06 13:12:13,drb_ra,ip,161.35.72.169,#CobaltStrike,https://twitter.com/drb_ra/status/1434867032961454085
2021-09-06 13:12:23,drb_ra,ip,47.93.4.214,#CobaltStrike,https://twitter.com/drb_ra/status/1434867073591783426
2021-09-06 13:12:32,drb_ra,ip,120.71.2.164,#CobaltStrike,https://twitter.com/drb_ra/status/1434867112045076484
2021-09-06 13:12:32,drb_ra,ip,62.234.56.229,#CobaltStrike,https://twitter.com/drb_ra/status/1434867112045076484
2021-09-06 13:12:36,drb_ra,ip,47.98.104.1,#CobaltStrike,https://twitter.com/drb_ra/status/1434867126112763908
2021-09-06 13:12:39,drb_ra,ip,46.101.55.152,#CobaltStrike,https://twitter.com/drb_ra/status/1434867140184653825
2021-09-06 13:12:54,drb_ra,ip,180.235.137.14,#CobaltStrike,https://twitter.com/drb_ra/status/1434867204911206404
2021-09-06 13:23:54,secbird1,url,https://nttdocomo.jp.hjvip81.com/,#phishing,https://twitter.com/secbird1/status/1434869971687936008
2021-09-06 13:38:02,secbird1,url,https://eposcarbkao.serveftp.com/login.php,#phishing,https://twitter.com/secbird1/status/1434873527396560898
2021-09-06 13:38:02,secbird1,ip,34.146.94.68,#phishing,https://twitter.com/secbird1/status/1434873527396560898
2021-09-06 13:40:59,secbird1,url,https://login.japannetbank.cfzprs.com,#phishing,https://twitter.com/secbird1/status/1434874271776477188
2021-09-06 13:43:28,CardanoPhishing,domain,m.givecardano2021.com,#phishing #scam,https://twitter.com/CardanoPhishing/status/1434874897486974980
2021-09-06 13:43:28,CardanoPhishing,ip,185.178.208.173,#phishing #scam,https://twitter.com/CardanoPhishing/status/1434874897486974980
2021-09-06 13:43:55,secbird1,url,https://nttdocomo.jp.hyvip2.com/,#phishing,https://twitter.com/secbird1/status/1434875009244143616
2021-09-06 13:44:00,CardanoPhishing,domain,ats.promo-ada.info,#phishing #scam,https://twitter.com/CardanoPhishing/status/1434875027955007489
2021-09-06 13:44:00,CardanoPhishing,ip,185.178.208.22,#phishing #scam,https://twitter.com/CardanoPhishing/status/1434875027955007489
2021-09-06 13:44:31,CardanoPhishing,domain,fund-ada.org,#phishing #scam,https://twitter.com/CardanoPhishing/status/1434875158276284417
2021-09-06 13:44:31,CardanoPhishing,ip,193.106.98.113,#phishing #scam,https://twitter.com/CardanoPhishing/status/1434875158276284417
2021-09-06 13:46:27,ps66uk,url,https://watery-bright-lingonberry.glitch.me/bnb.html,#phishing,https://twitter.com/ps66uk/status/1434875647285993477
2021-09-06 13:46:27,ps66uk,url,https://gsf-api.simpshopifyapps.com/femi/a8u/next.php,#phishing,https://twitter.com/ps66uk/status/1434875647285993477
2021-09-06 13:53:28,secbird1,url,https://aoi.sadqe.com/,#phishing,https://twitter.com/secbird1/status/1434877411665932290
2021-09-06 13:53:28,secbird1,ip,204.44.94.217,#phishing,https://twitter.com/secbird1/status/1434877411665932290
2021-09-06 13:53:56,secbird1,url,https://uyeqx.com/,#phishing,https://twitter.com/secbird1/status/1434877531165839362
2021-09-06 14:00:06,stoerchl,domain,withoutilin.top,,https://twitter.com/stoerchl/status/1434879082546831368
2021-09-06 14:00:06,stoerchl,ip,89.41.182.136,,https://twitter.com/stoerchl/status/1434879082546831368
2021-09-06 14:11:19,AddressIntel,url,https://aggiornament0secur.com,#phishing,https://twitter.com/AddressIntel/status/1434881903937609734
2021-09-06 14:11:37,secbird1,url,https://login.japannetbank.aiysu.com,#phishing,https://twitter.com/secbird1/status/1434881981683175430
2021-09-06 14:19:37,KesaGataMe0,ip,45.91.225.72,#phishing,https://twitter.com/KesaGataMe0/status/1434883995028779011
2021-09-06 14:22:44,RedBeardIOCs,sha256,534ac228e075bd7975dd05a0b672b0f70886fcdb800ee6c03e834d2999e78729,#AgentTesla,https://twitter.com/RedBeardIOCs/status/1434884777186840576
2021-09-06 14:22:44,RedBeardIOCs,sha256,827d12bf03e9be8b92a077f9d37cb668f0a2f29dd87a60c78659b67008dd5b6a,#AgentTesla,https://twitter.com/RedBeardIOCs/status/1434884777186840576
2021-09-06 14:22:44,RedBeardIOCs,sha256,d111d76676101fb237139f70a4217c5954c23c61747146672199b557ecd5c190,#AgentTesla,https://twitter.com/RedBeardIOCs/status/1434884777186840576
2021-09-06 14:22:44,RedBeardIOCs,sha256,f84cc4838c3d9bacdaa67c1b7e658b8b59dd8e9db2ad1be06f5218defd2c1070,#AgentTesla,https://twitter.com/RedBeardIOCs/status/1434884777186840576
2021-09-06 14:22:57,KesaGataMe0,ip,204.44.92.239,#phishing,https://twitter.com/KesaGataMe0/status/1434884831456870401
2021-09-06 14:26:34,James_inthe_box,url,https://img.neko.airforce/files/,,https://twitter.com/James_inthe_box/status/1434885740853301249
2021-09-06 14:26:34,James_inthe_box,ip,45.137.22.77,,https://twitter.com/James_inthe_box/status/1434885740853301249
2021-09-06 14:29:00,KesaGataMe0,url,https://mearceri-co-jp.vii777.top,#phishing,https://twitter.com/KesaGataMe0/status/1434886355809570816
2021-09-06 14:30:29,KesaGataMe0,url,https://myjcb080lj.zaomve.buzz,#phishing,https://twitter.com/KesaGataMe0/status/1434886729798864899
2021-09-06 14:30:29,KesaGataMe0,ip,209.141.47.176,#phishing,https://twitter.com/KesaGataMe0/status/1434886729798864899
2021-09-06 14:32:10,KesaGataMe0,url,https://www.etc-meisai.jp.7flx86h.cn,#phishing,https://twitter.com/KesaGataMe0/status/1434887150181310465
2021-09-06 14:32:10,KesaGataMe0,url,https://www.etc-meisai.jp.43f1dh6.cn,#phishing,https://twitter.com/KesaGataMe0/status/1434887150181310465
2021-09-06 14:32:10,KesaGataMe0,url,https://www.etc-meisai.jp.0eavcqn.cn,#phishing,https://twitter.com/KesaGataMe0/status/1434887150181310465
2021-09-06 14:32:10,KesaGataMe0,url,https://www.etc-meisai.jp.1mn4wsj.cn,#phishing,https://twitter.com/KesaGataMe0/status/1434887150181310465
2021-09-06 14:32:10,KesaGataMe0,ip,139.28.235.140,#phishing,https://twitter.com/KesaGataMe0/status/1434887150181310465
2021-09-06 14:45:02,HeliosCert,ip,117.252.7.66,#malware,https://twitter.com/HeliosCert/status/1434890390897823744
2021-09-06 14:45:02,HeliosCert,sha256,029c3a08bca6f41d1c4abd0da75483ccfc614b0e2e73f5a225ec2f8cd5a0c059,#malware,https://twitter.com/HeliosCert/status/1434890390897823744
2021-09-06 14:47:04,_brettfitz,url,https://play.microsoftvmhear.com/main/,#phishing,https://twitter.com/_brettfitz/status/1434890902607126529
2021-09-06 14:47:04,_brettfitz,domain,nqodkh.mydestinationexperience.com,#phishing,https://twitter.com/_brettfitz/status/1434890902607126529
2021-09-06 14:47:04,_brettfitz,domain,undeliverablemicrosoft.com,#phishing,https://twitter.com/_brettfitz/status/1434890902607126529
2021-09-06 14:57:50,yvesago,url,https://domaindriv.nyc3.digitaloceanspaces.com/hnwa/asp.html#su@sd.org,#phishing,https://twitter.com/yvesago/status/1434893611972403200
2021-09-06 15:03:56,silentpush,domain,xn--tust-wallt-76a31k.cc,#phishing,https://twitter.com/silentpush/status/1434895147116924939
2021-09-06 15:03:56,silentpush,ip,54.67.10.167,#phishing,https://twitter.com/silentpush/status/1434895147116924939
2021-09-06 15:04:54,ecarlesi,url,http://zoomsaa.com/acoustic%20admin%20v1.0.zip,#phishing,https://twitter.com/ecarlesi/status/1434895389749022720
2021-09-06 15:09:02,MalwarePatrol,url,http://www.jasonmaiolo.com/okay/cmd-login=2d31d5c9d52dd9c521620c808d5558d4/,#phishing,https://twitter.com/MalwarePatrol/status/1434896431261831168
2021-09-06 15:09:02,MalwarePatrol,md5,2d31d5c9d52dd9c521620c808d5558d4,#phishing,https://twitter.com/MalwarePatrol/status/1434896431261831168
2021-09-06 15:10:01,dnstwist,domain,steanncommunlty.com,#phishing,https://twitter.com/dnstwist/status/1434896678079934464
2021-09-06 15:10:49,CertArkea,url,https://gyanniketan.edu.np/gyanniketan-school/bb/smso_pl/struc/web/index.php,#phishing,https://twitter.com/CertArkea/status/1434896878567559178
2021-09-06 15:17:56,ReBensk,url,http://ads830test-1305586011.cos.ap-singapore.myqcloud.com,#malware,https://twitter.com/ReBensk/status/1434898667236777991
2021-09-06 15:17:56,ReBensk,md5,a910f32d6563ffa425f192581154903b,#malware,https://twitter.com/ReBensk/status/1434898667236777991
2021-09-06 15:18:38,secbird1,url,http://iuazjlqeoj.duckdns.org/,#phishing,https://twitter.com/secbird1/status/1434898843422769152
2021-09-06 15:19:28,secbird1,url,http://jszjrsihgm.duckdns.org/,#phishing,https://twitter.com/secbird1/status/1434899053825847304
2021-09-06 15:20:03,secbird1,url,http://fukqhcuntr.duckdns.org/,#phishing,https://twitter.com/secbird1/status/1434899202606125066
2021-09-06 15:20:15,secbird1,url,https://uyeqc.com/,#phishing,https://twitter.com/secbird1/status/1434899253738946565
2021-09-06 15:20:30,secbird1,url,http://tahptrjbbf.duckdns.org/,#phishing,https://twitter.com/secbird1/status/1434899314795376640
2021-09-06 15:20:53,PhishStats,url,http://a1dk655bdeutsh.flywheelsites.com/,#phishing,https://twitter.com/PhishStats/status/1434899412581593096
2021-09-06 15:20:53,PhishStats,ip,151.101.194.159,#phishing,https://twitter.com/PhishStats/status/1434899412581593096
2021-09-06 15:20:55,secbird1,url,http://amhtfpyfzf.duckdns.org/,#phishing,https://twitter.com/secbird1/status/1434899420890361867
2021-09-06 15:21:31,secbird1,url,http://jelpacsoss.duckdns.org/,#phishing,https://twitter.com/secbird1/status/1434899570010456075
2021-09-06 15:21:47,ecarlesi,url,http://postofficesecure.com/,#phishing,https://twitter.com/ecarlesi/status/1434899638729986049
2021-09-06 15:22:38,secbird1,url,http://gxgfjbnpla.duckdns.org/,#phishing,https://twitter.com/secbird1/status/1434899850244476934
2021-09-06 15:41:35,phishunt_io,url,https://steamcornminty.xyz/,#phishing #scam,https://twitter.com/phishunt_io/status/1434904621739216902
2021-09-06 15:41:35,phishunt_io,ip,194.58.112.174,#phishing #scam,https://twitter.com/phishunt_io/status/1434904621739216902
2021-09-06 15:46:25,sS55752750,ip,197.210.45.159,#phishing,https://twitter.com/sS55752750/status/1434905835860336644
2021-09-06 15:50:02,HeliosCert,ip,217.165.48.230,#malware,https://twitter.com/HeliosCert/status/1434906745986498562
2021-09-06 15:50:02,HeliosCert,sha256,44e7f44b6edf55d6a96cf66d9d75f65acc9cd2db54760e20729d5d9d09877537,#malware,https://twitter.com/HeliosCert/status/1434906745986498562
2021-09-06 15:50:02,HeliosCert,ip,185.143.205.152,#malware,https://twitter.com/HeliosCert/status/1434906748922564611
2021-09-06 15:50:02,HeliosCert,sha256,e63cad6c0636c461055df94d48d0e2c6e00af5d19a3a37433894250793e10f0e,#malware,https://twitter.com/HeliosCert/status/1434906748922564611
2021-09-06 16:16:22,unidentified0xc,domain,gunvegunturklergeliyor.xyz,,https://twitter.com/unidentified0xc/status/1434913375755112451
2021-09-06 16:16:22,unidentified0xc,sha256,5ddf103bfe8fcc3fde771fefd740ae1646b4ba7a13fb8973c209303b59aaf7bc,,https://twitter.com/unidentified0xc/status/1434913375755112451
2021-09-06 16:18:07,secbird1,url,https://au.uyeqx.com/,#phishing,https://twitter.com/secbird1/status/1434913814676340736
2021-09-06 16:19:20,ecarlesi,url,https://wellsfargonotifications.com/,#phishing,https://twitter.com/ecarlesi/status/1434914119052763144
2021-09-06 16:32:29,ecarlesi,url,https://thefaha.com/wp-content%20new%201.zip,#phishing,https://twitter.com/ecarlesi/status/1434917428790808581
2021-09-06 16:38:25,unidentified0xc,domain,kerrihuffman1237.online,,https://twitter.com/unidentified0xc/status/1434918924420886532
2021-09-06 16:38:25,unidentified0xc,sha256,a0de1add961f3a9bf6e2e391489fdbac244932352421055f23f34c93c82b8856,,https://twitter.com/unidentified0xc/status/1434918924420886532
2021-09-06 16:40:33,secbird1,url,http://www.smbc-card-vpsas.xyz/,#phishing,https://twitter.com/secbird1/status/1434919460826091526
2021-09-06 16:40:33,secbird1,ip,115.144.69.45,#phishing,https://twitter.com/secbird1/status/1434919460826091526
2021-09-06 16:40:38,JCyberSec_,url,https://apply-nhspass.com/step1.php,#phishing,https://twitter.com/JCyberSec_/status/1434919482129010689
2021-09-06 16:41:33,KesaGataMe0,url,https://daminer-smbccard.ga,#phishing,https://twitter.com/KesaGataMe0/status/1434919711016292358
2021-09-06 16:41:33,KesaGataMe0,url,https://daminer-smbccard.cf,#phishing,https://twitter.com/KesaGataMe0/status/1434919711016292358
2021-09-06 16:41:33,KesaGataMe0,url,https://daminer-smbccard.ml,#phishing,https://twitter.com/KesaGataMe0/status/1434919711016292358
2021-09-06 16:41:33,KesaGataMe0,url,https://daminer-smbccard.gq,#phishing,https://twitter.com/KesaGataMe0/status/1434919711016292358
2021-09-06 16:41:33,KesaGataMe0,ip,34.97.5.196,#phishing,https://twitter.com/KesaGataMe0/status/1434919711016292358
2021-09-06 16:48:28,unidentified0xc,domain,twn96lspmu3z3pq50ucf.xyz,#Alienbot,https://twitter.com/unidentified0xc/status/1434921450813771782
2021-09-06 16:48:28,unidentified0xc,sha256,dc58fdd702adf3c134efba9e98a1b0d048fdce3a0e0efc71473156493b3d7204,#Alienbot,https://twitter.com/unidentified0xc/status/1434921450813771782
2021-09-06 16:50:02,HeliosCert,ip,95.90.216.252,#malware,https://twitter.com/HeliosCert/status/1434921847456473088
2021-09-06 16:50:02,HeliosCert,sha256,b10385d1dcde3bfe2f16aee3cc2ce47d3e3ed4b872052475ddc3cc63fd89ea60,#malware,https://twitter.com/HeliosCert/status/1434921847456473088
2021-09-06 16:58:53,JCyberSec_,url,https://nhs-pcrtestkit.com,#phishing,https://twitter.com/JCyberSec_/status/1434924072215977993
2021-09-06 17:10:54,secbird1,url,https://login.japannetbank.cfzprs.com/,#phishing,https://twitter.com/secbird1/status/1434927097873502214
2021-09-06 17:16:52,secbird1,url,https://au.xcagd.com/,#phishing,https://twitter.com/secbird1/status/1434928601053347848
2021-09-06 17:22:50,RedBeardIOCs,sha256,5a8550bd2fe9e9d67d5433a95e8fd069dde38b79027000dcd915bb0ca8c27774,#AgentTesla,https://twitter.com/RedBeardIOCs/status/1434930100345180162
2021-09-06 17:22:50,RedBeardIOCs,sha256,3b0f96425ee856afcd9c7f7a77a5492d785a6e339cbb1f01ed52e7ca30466415,#AgentTesla,https://twitter.com/RedBeardIOCs/status/1434930100345180162
2021-09-06 17:22:50,RedBeardIOCs,sha256,dfdbc32ac71b6f3afb0d72924cc4c99180bb561e4649a87dba8c017265427571,#AgentTesla,https://twitter.com/RedBeardIOCs/status/1434930100345180162
2021-09-06 17:22:50,RedBeardIOCs,sha256,645c212b30cd654fe5801a3e0c377ddb61d1d7ab2c2bf6f6ae3ea041bacd1fc7,#AgentTesla,https://twitter.com/RedBeardIOCs/status/1434930100345180162
2021-09-06 17:50:39,drb_ra,ip,35.229.143.172,#CobaltStrike,https://twitter.com/drb_ra/status/1434937102362423298
2021-09-06 17:51:08,drb_ra,ip,82.117.252.142,#CobaltStrike,https://twitter.com/drb_ra/status/1434937222780829707
2021-09-06 17:51:12,drb_ra,ip,180.76.183.215,#CobaltStrike,https://twitter.com/drb_ra/status/1434937240178864131
2021-09-06 17:51:16,drb_ra,ip,34.204.68.92,#CobaltStrike,https://twitter.com/drb_ra/status/1434937257786490882
2021-09-06 17:51:22,drb_ra,ip,103.234.72.166,#CobaltStrike,https://twitter.com/drb_ra/status/1434937281958359040
2021-09-06 17:51:26,drb_ra,ip,101.34.180.41,#CobaltStrike,https://twitter.com/drb_ra/status/1434937296642531338
2021-09-06 17:51:26,drb_ra,ip,192.168.1.104,#CobaltStrike,https://twitter.com/drb_ra/status/1434937296642531338
2021-09-06 17:51:30,drb_ra,ip,185.243.114.50,#CobaltStrike,https://twitter.com/drb_ra/status/1434937315391066115
2021-09-06 17:51:34,drb_ra,ip,39.103.234.40,#CobaltStrike,https://twitter.com/drb_ra/status/1434937333376245771
2021-09-06 17:51:38,drb_ra,ip,168.100.11.104,#CobaltStrike,https://twitter.com/drb_ra/status/1434937348328992777
2021-09-06 17:51:41,drb_ra,ip,139.9.244.218,#CobaltStrike,https://twitter.com/drb_ra/status/1434937362614788104
2021-09-06 17:51:57,drb_ra,ip,1.15.132.174,#CobaltStrike,https://twitter.com/drb_ra/status/1434937428893073408
2021-09-06 17:52:01,drb_ra,ip,88.198.96.91,#CobaltStrike,https://twitter.com/drb_ra/status/1434937444147900423
2021-09-06 17:52:05,drb_ra,ip,47.97.100.135,#CobaltStrike,https://twitter.com/drb_ra/status/1434937461487149057
2021-09-06 17:52:08,drb_ra,ip,108.61.127.114,#CobaltStrike,https://twitter.com/drb_ra/status/1434937476473364489
2021-09-06 17:52:13,drb_ra,ip,3.129.108.18,#CobaltStrike,https://twitter.com/drb_ra/status/1434937494785646592
2021-09-06 17:52:16,drb_ra,ip,121.4.64.35,#CobaltStrike,https://twitter.com/drb_ra/status/1434937509440540673
2021-09-06 17:52:21,drb_ra,ip,167.88.177.243,#CobaltStrike,https://twitter.com/drb_ra/status/1434937531318013953
2021-09-06 17:52:25,drb_ra,ip,1.15.79.166,#CobaltStrike,https://twitter.com/drb_ra/status/1434937546002386951
2021-09-06 17:52:30,drb_ra,ip,45.13.92.133,#CobaltStrike,https://twitter.com/drb_ra/status/1434937565245739008
2021-09-06 17:52:30,drb_ra,ip,45.13.92.130,#CobaltStrike,https://twitter.com/drb_ra/status/1434937565245739008
2021-09-06 17:52:33,drb_ra,ip,5.188.4.226,#CobaltStrike,https://twitter.com/drb_ra/status/1434937577832919041
2021-09-06 17:52:39,drb_ra,ip,45.135.135.154,#CobaltStrike,https://twitter.com/drb_ra/status/1434937604869349380
2021-09-06 17:52:39,drb_ra,ip,10.210.18.136,#CobaltStrike,https://twitter.com/drb_ra/status/1434937604869349380
2021-09-06 17:52:42,drb_ra,ip,82.156.110.137,#CobaltStrike,https://twitter.com/drb_ra/status/1434937619369054213
2021-09-06 17:52:47,drb_ra,ip,119.91.84.3,#CobaltStrike,https://twitter.com/drb_ra/status/1434937637924745221
2021-09-06 17:52:50,drb_ra,ip,218.60.9.251,#CobaltStrike,https://twitter.com/drb_ra/status/1434937652353110020
2021-09-06 17:52:54,drb_ra,ip,91.92.109.58,#CobaltStrike,https://twitter.com/drb_ra/status/1434937666928320514
2021-09-06 17:52:58,drb_ra,ip,144.34.174.149,#CobaltStrike,https://twitter.com/drb_ra/status/1434937683428757509
2021-09-06 17:53:01,drb_ra,ip,14.18.16.148,#CobaltStrike,https://twitter.com/drb_ra/status/1434937698658160643
2021-09-06 17:59:41,ecarlesi,url,https://poolcleaningservicesphoenix.com/salient-1.3.3-rocketlauncher_wp.zip,#phishing,https://twitter.com/ecarlesi/status/1434939375335378944
2021-09-06 18:13:22,ecarlesi,url,https://trust-walets.com/,#phishing,https://twitter.com/ecarlesi/status/1434942820004081672
2021-09-06 18:17:51,PhishStats,url,http://stepin-sparka.xyz/,#phishing,https://twitter.com/PhishStats/status/1434943946812178439
2021-09-06 18:30:07,ecarlesi,url,http://trust-walets.com/,#phishing,https://twitter.com/ecarlesi/status/1434947035300392960
2021-09-06 18:31:16,ecarlesi,url,http://generalhospitalvesma.top/kik/adobe%202/,#phishing,https://twitter.com/ecarlesi/status/1434947321435930625
2021-09-06 18:40:02,HeliosCert,ip,201.42.38.50,#malware,https://twitter.com/HeliosCert/status/1434949527400861704
2021-09-06 18:40:02,HeliosCert,sha256,860b79fe4a3ca0edc98e8aef1060930324de020626046654a988d7d6acb8f801,#malware,https://twitter.com/HeliosCert/status/1434949527400861704
2021-09-06 18:45:22,ecarlesi,url,https://generalhospitalvesma.top/kik/adobe%202/,#phishing,https://twitter.com/ecarlesi/status/1434950870454657029
2021-09-06 18:54:53,ecarlesi,url,https://voda-betaalpagina.info/abn/,#phishing,https://twitter.com/ecarlesi/status/1434953266299908099
2021-09-06 18:59:52,CardanoPhishing,domain,ada-prize.org,#phishing #scam,https://twitter.com/CardanoPhishing/status/1434954521864773636
2021-09-06 18:59:52,CardanoPhishing,ip,172.67.146.62,#phishing #scam,https://twitter.com/CardanoPhishing/status/1434954521864773636
2021-09-06 19:00:24,CardanoPhishing,domain,ada-rewards.live,#phishing #scam,https://twitter.com/CardanoPhishing/status/1434954653100396546
2021-09-06 19:00:24,CardanoPhishing,ip,162.213.255.41,#phishing #scam,https://twitter.com/CardanoPhishing/status/1434954653100396546
2021-09-06 19:00:55,CardanoPhishing,domain,ada.yoroiwallets.com,#phishing #scam,https://twitter.com/CardanoPhishing/status/1434954784260378624
2021-09-06 19:00:55,CardanoPhishing,ip,47.242.230.181,#phishing #scam,https://twitter.com/CardanoPhishing/status/1434954784260378624
2021-09-06 19:04:53,ecarlesi,url,https://voda-betaalpagina.info/ing/,#phishing,https://twitter.com/ecarlesi/status/1434955784182452229
2021-09-06 19:05:19,ecarlesi,url,https://voda-betaalpagina.info/knab/,#phishing,https://twitter.com/ecarlesi/status/1434955890881437700
2021-09-06 19:07:05,unidentified0xc,sha256,745fb34e97309e78e98860e858b7183dc13884827c7e76dee833609851e5c2a9,,https://twitter.com/unidentified0xc/status/1434956334974312448
2021-09-06 19:07:57,ecarlesi,url,https://voda-betaalpagina.info/rabo/,#phishing,https://twitter.com/ecarlesi/status/1434956552969068547
2021-09-06 19:11:18,FewAtoms,url,http://54.184.87.30/,#malware,https://twitter.com/FewAtoms/status/1434957398767247363
2021-09-06 19:11:18,FewAtoms,ip,54.184.87.30,#malware,https://twitter.com/FewAtoms/status/1434957398767247363
2021-09-06 19:12:50,ecarlesi,url,https://voda-betaalpagina.info/regio/,#phishing,https://twitter.com/ecarlesi/status/1434957785116987399
2021-09-06 19:18:06,ecarlesi,url,https://voda-betaalpagina.info/sns/,#phishing,https://twitter.com/ecarlesi/status/1434959107740639233
2021-09-06 19:32:19,whitehoodie4,ip,159.89.95.163,#ProxyShell,https://twitter.com/whitehoodie4/status/1434962685351940098
2021-09-06 19:42:07,phishunt_io,url,https://google.mailaccount.gq/,#phishing #scam,https://twitter.com/phishunt_io/status/1434965151174778890
2021-09-06 19:42:07,phishunt_io,ip,172.96.191.135,#phishing #scam,https://twitter.com/phishunt_io/status/1434965151174778890
2021-09-06 19:54:46,malwrhunterteam,ip,46.30.188.45,,https://twitter.com/malwrhunterteam/status/1434968336711012353
2021-09-06 19:54:46,malwrhunterteam,sha256,6b4213c0dc7cddf5ac7040ebfd47852d862143250afa219ad625652d891f5601,,https://twitter.com/malwrhunterteam/status/1434968336711012353
2021-09-06 20:01:08,ActorExpose,url,https://valorant.vip/,,https://twitter.com/ActorExpose/status/1434969939123785731
2021-09-06 20:01:08,ActorExpose,ip,172.67.144.0,,https://twitter.com/ActorExpose/status/1434969939123785731
2021-09-06 20:10:27,secbird1,url,https://eey203.top/,#phishing,https://twitter.com/secbird1/status/1434972283836133376
2021-09-06 20:10:27,secbird1,ip,45.91.225.73,#phishing,https://twitter.com/secbird1/status/1434972283836133376
2021-09-06 20:11:02,secbird1,ip,14.63.161.117,#phishing,https://twitter.com/secbird1/status/1434972431362367489
2021-09-06 20:13:29,ecarlesi,url,https://ukserver.work/,#phishing,https://twitter.com/ecarlesi/status/1434973044615884805
2021-09-06 20:30:29,ActorExpose,url,https://rblx-tools.com/,,https://twitter.com/ActorExpose/status/1434977326392020997
2021-09-06 20:30:29,ActorExpose,ip,193.31.15.0,,https://twitter.com/ActorExpose/status/1434977326392020997
2021-09-06 20:31:56,ActorExpose,url,http://cookiechecker.xyz/,,https://twitter.com/ActorExpose/status/1434977688876367874
2021-09-06 20:31:56,ActorExpose,ip,145.14.144.0,,https://twitter.com/ActorExpose/status/1434977688876367874
2021-09-06 20:36:05,ActorExpose,url,https://www.roblox.com.so/dashboard.php,,https://twitter.com/ActorExpose/status/1434978733677494277
2021-09-06 20:36:05,ActorExpose,ip,13.248.160.0,,https://twitter.com/ActorExpose/status/1434978733677494277
2021-09-06 20:51:46,idclickthat,url,https://bestincomevalue.life/?u=8d4p605&amp;o=41fttqd&amp;cid=337ibc14grd7hd7fsh7,,https://twitter.com/idclickthat/status/1434982679217385474
2021-09-06 20:51:46,idclickthat,url,https://b-trader-app.online/r?hash=1&amp;click_id=1,,https://twitter.com/idclickthat/status/1434982679217385474
2021-09-06 21:12:52,drb_ra,ip,179.60.150.27,#CobaltStrike,https://twitter.com/drb_ra/status/1434987989327925249
2021-09-06 21:12:59,drb_ra,ip,80.78.22.30,#CobaltStrike,https://twitter.com/drb_ra/status/1434988021229703176
2021-09-06 21:13:15,drb_ra,ip,66.42.70.115,#CobaltStrike,https://twitter.com/drb_ra/status/1434988089068380161
2021-09-06 21:13:33,drb_ra,ip,8.210.63.158,#CobaltStrike,https://twitter.com/drb_ra/status/1434988163869593600
2021-09-06 21:14:24,ecarlesi,url,http://jorikatunis.com,#phishing,https://twitter.com/ecarlesi/status/1434988377355472897
2021-09-06 21:30:02,dnstwist,domain,safefacebook.com,#phishing,https://twitter.com/dnstwist/status/1434992309821710338
2021-09-06 21:36:55,CardanoPhishing,domain,getada2021.net,#phishing #scam,https://twitter.com/CardanoPhishing/status/1434994044942311424
2021-09-06 21:36:55,CardanoPhishing,ip,188.225.40.227,#phishing #scam,https://twitter.com/CardanoPhishing/status/1434994044942311424
2021-09-06 21:37:00,dms1899,url,https://cdn.discordapp.com/attachments/884341788553388042/884518005504106537/wef.exe,#malware,https://twitter.com/dms1899/status/1434994065465085955
2021-09-06 21:37:26,CardanoPhishing,domain,hoskinson-airdrop.com,#phishing #scam,https://twitter.com/CardanoPhishing/status/1434994175318048772
2021-09-06 21:37:26,CardanoPhishing,ip,198.54.114.202,#phishing #scam,https://twitter.com/CardanoPhishing/status/1434994175318048772
2021-09-06 21:37:58,CardanoPhishing,domain,minicardano-give-away.com,#phishing #scam,https://twitter.com/CardanoPhishing/status/1434994308684427268
2021-09-06 21:37:58,CardanoPhishing,ip,91.214.124.102,#phishing #scam,https://twitter.com/CardanoPhishing/status/1434994308684427268
2021-09-06 21:38:29,CardanoPhishing,domain,server.cardano.su,#phishing #scam,https://twitter.com/CardanoPhishing/status/1434994439395684356
2021-09-06 21:38:29,CardanoPhishing,ip,185.178.208.170,#phishing #scam,https://twitter.com/CardanoPhishing/status/1434994439395684356
2021-09-06 21:39:01,CardanoPhishing,domain,cardano-news2021.com,#phishing #scam,https://twitter.com/CardanoPhishing/status/1434994570144714758
2021-09-06 21:39:01,CardanoPhishing,ip,185.28.21.157,#phishing #scam,https://twitter.com/CardanoPhishing/status/1434994570144714758
2021-09-06 21:42:27,secbird1,url,https://www.nwoxnajgw.com/,#phishing,https://twitter.com/secbird1/status/1434995437124009985
2021-09-06 21:42:27,secbird1,ip,89.44.194.66,#phishing,https://twitter.com/secbird1/status/1434995437124009985
2021-09-06 22:10:03,HeliosCert,ip,41.144.137.3,#malware,https://twitter.com/HeliosCert/status/1435002379661975552
2021-09-06 22:10:03,HeliosCert,sha256,ba8d7b89dcc5e5a525f0f49d509e9df6282d3e27135024905a699c432993ed50,#malware,https://twitter.com/HeliosCert/status/1435002379661975552
2021-09-06 22:17:34,secbird1,url,https://www.saisnomcarud.com/,#phishing,https://twitter.com/secbird1/status/1435004272672841730
2021-09-06 22:30:23,RedBeardIOCs,sha256,9df1ad20fad23d0c7fb43b748e524c70e5a92bdd07d3c9286c986d58eec9139b,#Lokibot,https://twitter.com/RedBeardIOCs/status/1435007498377891841
2021-09-06 22:30:23,RedBeardIOCs,sha256,1395a50888b4c73f21c6b5a00af040111af037ec72d49bf6d18609d053be2f82,#Lokibot,https://twitter.com/RedBeardIOCs/status/1435007498377891841
2021-09-06 22:30:23,RedBeardIOCs,sha256,5b952001fe9d7fd172015cc171244646aa1324e0a769b6ad635dab8b08b9cff2,#Lokibot,https://twitter.com/RedBeardIOCs/status/1435007498377891841
2021-09-06 22:30:23,RedBeardIOCs,sha256,dfa3ed0fe27098420adccbb584105619f46da4982d570ce7a2ca49e4a22b2e8a,#Lokibot,https://twitter.com/RedBeardIOCs/status/1435007498377891841
2021-09-06 22:37:05,KesaGataMe0,url,https://eey203.top,#phishing,https://twitter.com/KesaGataMe0/status/1435009184542515201
2021-09-06 22:37:05,KesaGataMe0,url,https://eey123.top,#phishing,https://twitter.com/KesaGataMe0/status/1435009184542515201
2021-09-06 22:37:05,KesaGataMe0,url,https://62mnmu.cn,#phishing,https://twitter.com/KesaGataMe0/status/1435009184542515201
2021-09-06 22:43:10,KesaGataMe0,url,https://myjcb204jof.antcfcl.com,#phishing,https://twitter.com/KesaGataMe0/status/1435010716927336449
2021-09-06 22:43:10,KesaGataMe0,ip,205.185.122.219,#phishing,https://twitter.com/KesaGataMe0/status/1435010716927336449
2021-09-06 22:44:52,ecarlesi,url,https://dpd-secure-reschedule.com/,#phishing,https://twitter.com/ecarlesi/status/1435011145413316609
2021-09-06 22:50:10,CardanoPhishing,domain,ada-charles.live,#phishing #scam,https://twitter.com/CardanoPhishing/status/1435012479348789248
2021-09-06 22:50:10,CardanoPhishing,ip,136.243.14.123,#phishing #scam,https://twitter.com/CardanoPhishing/status/1435012479348789248
2021-09-06 23:41:52,romonlyht,url,https://login.japannetbank.cfzprs.com/client/index.html,#phishing,https://twitter.com/romonlyht/status/1435025486166433794
2021-09-06 23:41:52,romonlyht,ip,164.70.86.133,#phishing,https://twitter.com/romonlyht/status/1435025486166433794
2021-09-06 23:42:37,phishunt_io,url,https://www.instagramgrowth.gq/,#phishing #scam,https://twitter.com/phishunt_io/status/1435025678500601859
2021-09-06 23:42:37,phishunt_io,ip,142.250.184.211,#phishing #scam,https://twitter.com/phishunt_io/status/1435025678500601859
2021-09-06 23:45:25,RedBeardIOCs,sha256,22869ec3024d826830c5f4dfacd4fa8937d8c4a2d25faaa715efd55b5059d6c3,#Lokibot,https://twitter.com/RedBeardIOCs/status/1435026383521058816
2021-09-06 23:45:25,RedBeardIOCs,sha256,75337961d0cb03942bdfef8dab9337fca7193021ad99bfe73b860b9387b584ee,#Lokibot,https://twitter.com/RedBeardIOCs/status/1435026383521058816
2021-09-06 23:45:25,RedBeardIOCs,sha256,74e4c154a3b85c7c9af0544019a5ec8c202f5748066450e7f00ef32335587f43,#Lokibot,https://twitter.com/RedBeardIOCs/status/1435026383521058816
2021-09-06 23:45:25,RedBeardIOCs,sha256,1fa896714cc8999f0595beee612dc138788d1cec3a067f418f68fe210407a080,#Lokibot,https://twitter.com/RedBeardIOCs/status/1435026383521058816
2021-09-06 23:46:01,romonlyht,url,https://myjcb204jof.antcfcl.com/,#phishing,https://twitter.com/romonlyht/status/1435026533266034693
2021-09-06 23:46:01,romonlyht,url,https://myjcb204jof.antcfcl.com/login/userlogin/index/index.php,#phishing,https://twitter.com/romonlyht/status/1435026533266034693
2021-09-06 23:46:01,romonlyht,ip,160.251.0.246,#phishing,https://twitter.com/romonlyht/status/1435026533266034693
2021-09-06 23:52:48,pingineer_jp,url,https://moses.s3.mex01.cloud-object-storage.appdomain.cloud/lumpishly/index.html,#phishing #scam,https://twitter.com/pingineer_jp/status/1435028240276410371
2021-09-06 23:57:09,pingineer_jp,url,https://jp-cna.casa/r/lt-nhg67f54xc,#phishing #scam,https://twitter.com/pingineer_jp/status/1435029335241494530
