2021-08-18 00:00:01,romonlyht,url,https://direct-smbc-co-jp.edlwmm.shop/?login,#phishing,https://twitter.com/romonlyht/status/1427782297491705859
2021-08-18 00:00:01,romonlyht,url,https://direct-smbc-co-jp.dsydzg.shop/,#phishing,https://twitter.com/romonlyht/status/1427782297491705859
2021-08-18 00:00:01,romonlyht,ip,117.50.13.104,#phishing,https://twitter.com/romonlyht/status/1427782297491705859
2021-08-18 00:00:01,romonlyht,ip,172.64.169.15,#phishing,https://twitter.com/romonlyht/status/1427782297491705859
2021-08-18 00:00:01,romonlyht,ip,172.67.191.109,#phishing,https://twitter.com/romonlyht/status/1427782297491705859
2021-08-18 00:04:12,KesaGataMe0,url,https://direct-smbc-co-jp.dsydzg.shop/mem/login.php,#phishing,https://twitter.com/KesaGataMe0/status/1427783352342380544
2021-08-18 00:06:31,KesaGataMe0,url,https://www.acenom.com,#phishing,https://twitter.com/KesaGataMe0/status/1427783932506906628
2021-08-18 00:06:31,KesaGataMe0,url,https://www.aeceom.com,#phishing,https://twitter.com/KesaGataMe0/status/1427783932506906628
2021-08-18 00:06:31,KesaGataMe0,ip,155.235.250.218,#phishing,https://twitter.com/KesaGataMe0/status/1427783932506906628
2021-08-18 00:06:31,KesaGataMe0,ip,155.235.250.219,#phishing,https://twitter.com/KesaGataMe0/status/1427783932506906628
2021-08-18 00:09:02,MalwarePatrol,url,https://fisch-partyservice-schmitt.de/,#phishing,https://twitter.com/MalwarePatrol/status/1427784569307205633
2021-08-18 00:10:47,romonlyht,url,http://www.amerixanxpxvess.xyz/,#phishing,https://twitter.com/romonlyht/status/1427785007490162696
2021-08-18 00:10:47,romonlyht,ip,118.27.76.150,#phishing,https://twitter.com/romonlyht/status/1427785007490162696
2021-08-18 00:10:47,romonlyht,ip,115.144.69.41,#phishing,https://twitter.com/romonlyht/status/1427785007490162696
2021-08-18 00:17:28,romonlyht,ip,116.80.74.173,#phishing,https://twitter.com/romonlyht/status/1427786690685411328
2021-08-18 00:17:28,romonlyht,ip,103.237.103.227,#phishing,https://twitter.com/romonlyht/status/1427786690685411328
2021-08-18 00:17:28,romonlyht,url,https://paypay-banlk.taiansl.com/,#phishing,https://twitter.com/romonlyht/status/1427786690685411328
2021-08-18 00:17:28,romonlyht,url,https://paypay-banlk.taiansl.com/client/index.html,#phishing,https://twitter.com/romonlyht/status/1427786690685411328
2021-08-18 00:24:03,PhishStats,url,http://siddetistemiyoruz.com/,#phishing,https://twitter.com/PhishStats/status/1427788344608673800
2021-08-18 00:24:03,PhishStats,ip,77.245.159.4,#phishing,https://twitter.com/PhishStats/status/1427788344608673800
2021-08-18 00:27:55,romonlyht,url,https://infoyoudou.dddxtea.top/,#phishing,https://twitter.com/romonlyht/status/1427789319566086146
2021-08-18 00:27:55,romonlyht,ip,192.255.166.178,#phishing,https://twitter.com/romonlyht/status/1427789319566086146
2021-08-18 00:27:55,romonlyht,ip,43.226.26.93,#phishing,https://twitter.com/romonlyht/status/1427789319566086146
2021-08-18 00:28:55,romonlyht,ip,72.44.68.142,#phishing,https://twitter.com/romonlyht/status/1427789571958349825
2021-08-18 00:28:55,romonlyht,url,https://yuodubashi.hjioorr.top/,#phishing,https://twitter.com/romonlyht/status/1427789571958349825
2021-08-18 00:28:55,romonlyht,ip,192.255.166.180,#phishing,https://twitter.com/romonlyht/status/1427789571958349825
2021-08-18 00:35:39,romonlyht,url,https://www.tscubicarnd.com/,#phishing,https://twitter.com/romonlyht/status/1427791265895043076
2021-08-18 00:35:39,romonlyht,ip,45.124.136.249,#phishing,https://twitter.com/romonlyht/status/1427791265895043076
2021-08-18 00:35:39,romonlyht,ip,185.22.154.108,#phishing,https://twitter.com/romonlyht/status/1427791265895043076
2021-08-18 00:37:23,secbird1,url,https://mercari.login9.live/,#phishing,https://twitter.com/secbird1/status/1427791699921670144
2021-08-18 00:37:23,secbird1,ip,66.154.107.107,#phishing,https://twitter.com/secbird1/status/1427791699921670144
2021-08-18 00:42:22,romonlyht,ip,117.50.12.193,#phishing,https://twitter.com/romonlyht/status/1427792957709570048
2021-08-18 00:42:22,romonlyht,ip,14.63.174.166,#phishing,https://twitter.com/romonlyht/status/1427792957709570048
2021-08-18 00:46:47,harugasumi,url,https://www.aeceom.com/,#phishing,https://twitter.com/harugasumi/status/1427794067023269891
2021-08-18 00:50:02,HeliosCert,sha256,21d6ad2a4323046555b49c0f73c2f10b81b04df810121b0ad8cbd38a52e4165c,#malware,https://twitter.com/HeliosCert/status/1427794887068487681
2021-08-18 00:50:02,HeliosCert,ip,2.133.157.93,#malware,https://twitter.com/HeliosCert/status/1427794887068487681
2021-08-18 00:59:42,bakabanker2,url,https://www.mvfg.cc,#phishing,https://twitter.com/bakabanker2/status/1427797317621477376
2021-08-18 01:02:55,harugasumi,url,https://amonzom.nnmvop.club,#phishing,https://twitter.com/harugasumi/status/1427798129470959621
2021-08-18 01:06:40,secbird1,url,https://aeonpass01.aroply.buzz/,#phishing,https://twitter.com/secbird1/status/1427799070127443972
2021-08-18 01:06:40,secbird1,ip,209.141.52.244,#phishing,https://twitter.com/secbird1/status/1427799070127443972
2021-08-18 01:08:53,harugasumi,url,https://www.amazom-nzns.top/,#phishing,https://twitter.com/harugasumi/status/1427799631006638083
2021-08-18 01:09:08,romonlyht,ip,153.127.31.157,#phishing,https://twitter.com/romonlyht/status/1427799692969070600
2021-08-18 01:09:53,romonlyht,ip,116.85.28.188,#phishing,https://twitter.com/romonlyht/status/1427799879951159307
2021-08-18 01:10:02,HeliosCert,ip,117.97.182.227,#malware,https://twitter.com/HeliosCert/status/1427799919579082755
2021-08-18 01:10:02,HeliosCert,sha256,72a0be8dd079e30f7ff7adf7aa5885a5df11a637ae04549baca73f79d6f3f175,#malware,https://twitter.com/HeliosCert/status/1427799919579082755
2021-08-18 01:10:40,romonlyht,url,https://www.acenom.com/,#phishing,https://twitter.com/romonlyht/status/1427800079549665286
2021-08-18 01:10:40,romonlyht,ip,116.85.48.115,#phishing,https://twitter.com/romonlyht/status/1427800079549665286
2021-08-18 01:13:17,romonlyht,url,http://stationeryspot.co.zw/wp/wp-content/themes/18/,#phishing,https://twitter.com/romonlyht/status/1427800735962435588
2021-08-18 01:13:17,romonlyht,ip,199.187.208.39,#phishing,https://twitter.com/romonlyht/status/1427800735962435588
2021-08-18 01:13:17,romonlyht,ip,91.146.104.247,#phishing,https://twitter.com/romonlyht/status/1427800735962435588
2021-08-18 01:15:04,romonlyht,ip,144.217.72.92,#phishing,https://twitter.com/romonlyht/status/1427801187294662658
2021-08-18 01:15:04,romonlyht,url,https://buenalaoferta.cl/wp/wp-content/themes/18/,#phishing,https://twitter.com/romonlyht/status/1427801187294662658
2021-08-18 01:15:04,romonlyht,ip,107.181.191.28,#phishing,https://twitter.com/romonlyht/status/1427801187294662658
2021-08-18 01:30:02,HeliosCert,ip,210.19.214.194,#malware,https://twitter.com/HeliosCert/status/1427804952622243847
2021-08-18 01:30:02,HeliosCert,sha256,5ee24821f3016f927286ae728386ef96e2fd6ac9a87431e99b3f21a313fb863a,#malware,https://twitter.com/HeliosCert/status/1427804952622243847
2021-08-18 01:46:17,romonlyht,url,https://fromthenotice.webrakutencardsafa.work/,#phishing,https://twitter.com/romonlyht/status/1427809042181681154
2021-08-18 01:46:17,romonlyht,ip,5.188.214.84,#phishing,https://twitter.com/romonlyht/status/1427809042181681154
2021-08-18 01:46:17,romonlyht,ip,104.223.15.235,#phishing,https://twitter.com/romonlyht/status/1427809042181681154
2021-08-18 01:47:01,romonlyht,ip,45.135.229.241,#phishing,https://twitter.com/romonlyht/status/1427809225967734789
2021-08-18 01:47:01,romonlyht,ip,204.44.75.4,#phishing,https://twitter.com/romonlyht/status/1427809225967734789
2021-08-18 01:47:01,romonlyht,url,https://nowupdate.supportrakutencardteam.buzz/,#phishing,https://twitter.com/romonlyht/status/1427809225967734789
2021-08-18 01:47:40,romonlyht,url,https://dearcustomers.supportrakutencardteam.club/,#phishing,https://twitter.com/romonlyht/status/1427809389692416007
2021-08-18 01:47:40,romonlyht,ip,45.135.229.148,#phishing,https://twitter.com/romonlyht/status/1427809389692416007
2021-08-18 01:49:18,romonlyht,ip,91.219.236.23,#phishing,https://twitter.com/romonlyht/status/1427809798850899969
2021-08-18 01:49:18,romonlyht,ip,198.211.23.113,#phishing,https://twitter.com/romonlyht/status/1427809798850899969
2021-08-18 01:49:18,romonlyht,url,https://server.roaksazaz.top/ommooa/,#phishing,https://twitter.com/romonlyht/status/1427809798850899969
2021-08-18 01:49:18,romonlyht,url,https://server.roaksazaz.top/ommooa,#phishing,https://twitter.com/romonlyht/status/1427809798850899969
2021-08-18 01:49:18,romonlyht,url,https://wanwan.rakalaksa.top/,#phishing,https://twitter.com/romonlyht/status/1427809798850899969
2021-08-18 01:49:18,romonlyht,ip,64.27.14.216,#phishing,https://twitter.com/romonlyht/status/1427809798850899969
2021-08-18 01:50:16,romonlyht,ip,5.188.214.85,#phishing,https://twitter.com/romonlyht/status/1427810042451955716
2021-08-18 01:50:16,romonlyht,url,https://updateiediately.webrakutencardsafa.buzz/,#phishing,https://twitter.com/romonlyht/status/1427810042451955716
2021-08-18 01:51:04,romonlyht,url,https://cardservices.supportrakutencardteam.xyz/,#phishing,https://twitter.com/romonlyht/status/1427810243484913669
2021-08-18 01:51:04,romonlyht,ip,45.135.229.60,#phishing,https://twitter.com/romonlyht/status/1427810243484913669
2021-08-18 01:51:32,KesaGataMe0,ip,23.235.133.91,#phishing,https://twitter.com/KesaGataMe0/status/1427810363915964418
2021-08-18 01:51:41,romonlyht,url,https://updatetosave.webrakutencardsafa.club/,#phishing,https://twitter.com/romonlyht/status/1427810400905555969
2021-08-18 01:51:41,romonlyht,ip,5.188.214.140,#phishing,https://twitter.com/romonlyht/status/1427810400905555969
2021-08-18 01:56:20,ecarlesi,url,http://orbistest.net/0.0.0.1.zip,#malware,https://twitter.com/ecarlesi/status/1427811568620904456
2021-08-18 01:57:10,ecarlesi,url,http://hk28362.info/,#phishing,https://twitter.com/ecarlesi/status/1427811780491874306
2021-08-18 02:07:35,ecarlesi,url,https://vndam.info/xenforo_2.2.4_upgrade_null_vnxf.zip,#phishing,https://twitter.com/ecarlesi/status/1427814402527436806
2021-08-18 02:10:02,HeliosCert,ip,27.72.149.189,#malware,https://twitter.com/HeliosCert/status/1427815019908157440
2021-08-18 02:10:02,HeliosCert,sha256,3dff5c880a505671fb8297e0cc4f5121b48e8c1a315b25f138790b02652bf48d,#malware,https://twitter.com/HeliosCert/status/1427815019908157440
2021-08-18 02:16:29,secbird1,url,https://njymydxbzydmhjmapgfdbfkxeptbfwcjaxucwhaa.2iy2ni.cn/,#phishing,https://twitter.com/secbird1/status/1427816642528960515
2021-08-18 02:16:29,secbird1,ip,23.94.211.52,#phishing,https://twitter.com/secbird1/status/1427816642528960515
2021-08-18 02:17:10,secbird1,url,https://njymydxbzydmhjmapgfdbfkxeptbfwcjaxucwhaa.d6oiuv.cn/,#phishing,https://twitter.com/secbird1/status/1427816812482162692
2021-08-18 02:17:27,secbird1,ip,211.253.129.203,#phishing,https://twitter.com/secbird1/status/1427816884066344965
2021-08-18 02:17:27,secbird1,url,https://www.lo-jcb.xyz/,#phishing,https://twitter.com/secbird1/status/1427816884066344965
2021-08-18 02:37:05,ecarlesi,url,https://dh1-nz.xyz/,#phishing,https://twitter.com/ecarlesi/status/1427821826374262787
2021-08-18 02:37:35,romonlyht,ip,154.22.104.246,#phishing,https://twitter.com/romonlyht/status/1427821950164897801
2021-08-18 02:37:35,romonlyht,url,https://www.comeputersibadiscool.ameramaznoenrzbervmbl.buzz/,#phishing,https://twitter.com/romonlyht/status/1427821950164897801
2021-08-18 02:38:42,romonlyht,url,https://amnozn.nnmvop.xyz/,#phishing,https://twitter.com/romonlyht/status/1427822233838231558
2021-08-18 02:38:42,romonlyht,ip,106.75.98.242,#phishing,https://twitter.com/romonlyht/status/1427822233838231558
2021-08-18 02:38:42,romonlyht,ip,204.44.94.133,#phishing,https://twitter.com/romonlyht/status/1427822233838231558
2021-08-18 02:40:49,secbird1,url,https://bk-mufg.xyz/template/login/,#phishing,https://twitter.com/secbird1/status/1427822764736409601
2021-08-18 02:40:49,secbird1,ip,172.247.123.133,#phishing,https://twitter.com/secbird1/status/1427822764736409601
2021-08-18 02:41:03,romonlyht,ip,106.75.55.112,#phishing,https://twitter.com/romonlyht/status/1427822825050578944
2021-08-18 02:42:07,romonlyht,url,https://ongsana.casa/r/qsqoyou,#phishing,https://twitter.com/romonlyht/status/1427823092777197568
2021-08-18 02:42:07,romonlyht,url,https://www.amazon.co-jp-login.mybuueguyu.club/,#phishing,https://twitter.com/romonlyht/status/1427823092777197568
2021-08-18 02:42:07,romonlyht,ip,46.29.165.253,#phishing,https://twitter.com/romonlyht/status/1427823092777197568
2021-08-18 02:42:07,romonlyht,ip,198.46.189.13,#phishing,https://twitter.com/romonlyht/status/1427823092777197568
2021-08-18 02:42:07,romonlyht,ip,107.173.137.191,#phishing,https://twitter.com/romonlyht/status/1427823092777197568
2021-08-18 02:43:03,ecarlesi,url,https://cao-desarrollo.online/wordpress%205%20mx.zip,#phishing,https://twitter.com/ecarlesi/status/1427823326337060873
2021-08-18 02:43:43,romonlyht,ip,180.215.119.148,#phishing,https://twitter.com/romonlyht/status/1427823493714878467
2021-08-18 02:43:43,romonlyht,ip,202.95.19.221,#phishing,https://twitter.com/romonlyht/status/1427823493714878467
2021-08-18 02:43:43,romonlyht,url,http://amazon.ytq589.cn/,#phishing,https://twitter.com/romonlyht/status/1427823493714878467
2021-08-18 02:43:43,romonlyht,url,https://amazon.ytq589.cn/,#phishing,https://twitter.com/romonlyht/status/1427823493714878467
2021-08-18 02:44:29,romonlyht,ip,2.58.28.153,#phishing,https://twitter.com/romonlyht/status/1427823686984232961
2021-08-18 02:44:29,romonlyht,ip,195.133.11.103,#phishing,https://twitter.com/romonlyht/status/1427823686984232961
2021-08-18 02:44:29,romonlyht,url,https://amazom.orofgj.shop/,#phishing,https://twitter.com/romonlyht/status/1427823686984232961
2021-08-18 02:44:29,romonlyht,url,https://amazom.orofgj.shop/pc/,#phishing,https://twitter.com/romonlyht/status/1427823686984232961
2021-08-18 02:46:12,romonlyht,url,https://s.yam.com/br1vm,#phishing,https://twitter.com/romonlyht/status/1427824120520089600
2021-08-18 02:46:12,romonlyht,url,https://annzon-pcmad-co-jp.xkcto.buzz/,#phishing,https://twitter.com/romonlyht/status/1427824120520089600
2021-08-18 02:46:12,romonlyht,ip,114.104.176.133,#phishing,https://twitter.com/romonlyht/status/1427824120520089600
2021-08-18 02:46:12,romonlyht,ip,52.187.123.178,#phishing,https://twitter.com/romonlyht/status/1427824120520089600
2021-08-18 02:46:12,romonlyht,ip,173.82.186.156,#phishing,https://twitter.com/romonlyht/status/1427824120520089600
2021-08-18 02:46:26,ecarlesi,url,http://dh1-nz.xyz/,#phishing,https://twitter.com/ecarlesi/status/1427824179320131592
2021-08-18 02:49:01,romonlyht,ip,128.1.43.142,#phishing,https://twitter.com/romonlyht/status/1427824826907914242
2021-08-18 02:49:49,romonlyht,ip,118.107.56.146,#phishing,https://twitter.com/romonlyht/status/1427825028175785984
2021-08-18 02:50:02,HeliosCert,ip,189.199.161.68,#malware,https://twitter.com/HeliosCert/status/1427825083154841607
2021-08-18 02:50:02,HeliosCert,sha256,bff66b4d672b246e654db300fb998c9757417f0174ba91d275896012132cefb3,#malware,https://twitter.com/HeliosCert/status/1427825083154841607
2021-08-18 02:50:50,romonlyht,ip,160.251.56.194,#phishing,https://twitter.com/romonlyht/status/1427825285546745856
2021-08-18 02:50:50,romonlyht,ip,198.144.159.59,#phishing,https://twitter.com/romonlyht/status/1427825285546745856
2021-08-18 02:50:50,romonlyht,url,http://amazon.co.jp.asf978as9123jsdf9324jkjk568fgd89234jkasd.121fyfh.cn/,#phishing,https://twitter.com/romonlyht/status/1427825285546745856
2021-08-18 02:51:27,secbird1,ip,14.63.193.216,#phishing,https://twitter.com/secbird1/status/1427825439058259975
2021-08-18 02:51:27,secbird1,url,https://www.ice-jcb.xyz/,#phishing,https://twitter.com/secbird1/status/1427825439058259975
2021-08-18 02:52:43,secbird1,url,https://www.ibc-jcb.xyz/,#phishing,https://twitter.com/secbird1/status/1427825760203546629
2021-08-18 02:52:53,secbird1,url,https://ttmmxtmnzjdyrsrqnqsqbsmqyrxbzjrkhhxjynqd.shuuang.cn/,#phishing,https://twitter.com/secbird1/status/1427825802385649667
2021-08-18 02:53:13,secbird1,ip,14.49.38.97,#phishing,https://twitter.com/secbird1/status/1427825886535962624
2021-08-18 02:53:52,secbird1,url,https://www.jbc-jcb.top/,#phishing,https://twitter.com/secbird1/status/1427826051120463877
2021-08-18 02:53:52,secbird1,ip,14.63.192.232,#phishing,https://twitter.com/secbird1/status/1427826051120463877
2021-08-18 02:54:09,secbird1,url,https://njymydxbzydmhjmapgfdbfkxeptbfwcjaxucwhaa.h0juzb.cn/,#phishing,https://twitter.com/secbird1/status/1427826121064607748
2021-08-18 02:54:32,secbird1,url,https://www.ice-jcb.top/,#phishing,https://twitter.com/secbird1/status/1427826217898561537
2021-08-18 02:54:47,secbird1,url,https://ttmmxtmnzjdyrsrqnqsqbsmqyrxbzjrkhhxjynqd.szirasara3.cn/,#phishing,https://twitter.com/secbird1/status/1427826280582377473
2021-08-18 02:55:03,secbird1,url,https://netstation2.aplus.co.jp-login.9b5gzhp.cn,#phishing,https://twitter.com/secbird1/status/1427826347951280129
2021-08-18 02:55:20,kubotaa3,url,https://www.smbc.surf/aibgsjsw1001.asp,#phishing,https://twitter.com/kubotaa3/status/1427826419929812992
2021-08-18 02:55:20,kubotaa3,url,https://smbc.surf/aibgsjsw1001.asp,#phishing,https://twitter.com/kubotaa3/status/1427826419929812992
2021-08-18 02:55:38,secbird1,ip,14.63.166.51,#phishing,https://twitter.com/secbird1/status/1427826495259660291
2021-08-18 02:56:18,secbird1,ip,14.63.193.49,#phishing,https://twitter.com/secbird1/status/1427826659571372045
2021-08-18 02:56:18,secbird1,url,https://www.iec-jcb.xyz/,#phishing,https://twitter.com/secbird1/status/1427826659571372045
2021-08-18 02:56:51,secbird1,url,https://netstation2.aplus.co.jp-login.awdi2n7.cn,#phishing,https://twitter.com/secbird1/status/1427826800172748800
2021-08-18 02:57:37,secbird1,url,https://www.jae-jcb.xyz/,#phishing,https://twitter.com/secbird1/status/1427826994448801796
2021-08-18 02:57:37,secbird1,ip,14.63.195.84,#phishing,https://twitter.com/secbird1/status/1427826994448801796
2021-08-18 02:58:08,secbird1,url,https://netstation2.aplus.co.jp-login.cdxvvnl.cn,#phishing,https://twitter.com/secbird1/status/1427827121682980864
2021-08-18 02:58:40,secbird1,ip,14.63.163.125,#phishing,https://twitter.com/secbird1/status/1427827257553297408
2021-08-18 02:58:44,KesaGataMe0,url,https://ttmmxtmnzjdyrsrqnqsqbsmqyrxbzjrkhhxjynqd.shuuang.cn,#phishing,https://twitter.com/KesaGataMe0/status/1427827273751695370
2021-08-18 02:58:44,KesaGataMe0,url,https://ttmmxtmnzjdyrsrqnqsqbsmqyrxbzjrkhhxjynqd.szpansong.cn,#phishing,https://twitter.com/KesaGataMe0/status/1427827273751695370
2021-08-18 02:58:44,KesaGataMe0,url,https://ttmmxtmnzjdyrsrqnqsqbsmqyrxbzjrkhhxjynqd.szirasara3.cn,#phishing,https://twitter.com/KesaGataMe0/status/1427827273751695370
2021-08-18 03:00:01,KesaGataMe0,url,https://njymydxbzydmhjmapgfdbfkxeptbfwcjaxucwhaa.ruhu001.cn,#phishing,https://twitter.com/KesaGataMe0/status/1427827598579564547
2021-08-18 03:00:01,KesaGataMe0,url,https://njymydxbzydmhjmapgfdbfkxeptbfwcjaxucwhaa.2iy2ni.cn,#phishing,https://twitter.com/KesaGataMe0/status/1427827598579564547
2021-08-18 03:00:01,KesaGataMe0,url,https://njymydxbzydmhjmapgfdbfkxeptbfwcjaxucwhaa.d6oiuv.cn,#phishing,https://twitter.com/KesaGataMe0/status/1427827598579564547
2021-08-18 03:00:10,kubotaa3,url,https://www.bk-mufg.xyz/template/login/,#phishing,https://twitter.com/kubotaa3/status/1427827635887824896
2021-08-18 03:00:46,secbird1,ip,216.24.253.21,#phishing,https://twitter.com/secbird1/status/1427827786685718533
2021-08-18 03:00:46,secbird1,url,https://srnbc-card.com.rghdsw.shop/smbc/smbcupdatebill.php,#phishing,https://twitter.com/secbird1/status/1427827786685718533
2021-08-18 03:05:02,HeliosCert,ip,202.142.168.54,#malware,https://twitter.com/HeliosCert/status/1427828860091994118
2021-08-18 03:05:02,HeliosCert,sha256,40e51f27dfcdc73be642da9b9d57f069d9cc66aceae6aa119c20e086e255d267,#malware,https://twitter.com/HeliosCert/status/1427828860091994118
2021-08-18 03:08:38,romonlyht,ip,185.222.58.104,#phishing,https://twitter.com/romonlyht/status/1427829765394731008
2021-08-18 03:08:38,romonlyht,ip,148.72.202.129,#phishing,https://twitter.com/romonlyht/status/1427829765394731008
2021-08-18 03:09:16,romonlyht,url,https://squashwe.com/webmail-op.jp/,#phishing,https://twitter.com/romonlyht/status/1427829923280916480
2021-08-18 03:09:16,romonlyht,ip,202.254.236.2,#phishing,https://twitter.com/romonlyht/status/1427829923280916480
2021-08-18 03:09:16,romonlyht,ip,104.244.77.173,#phishing,https://twitter.com/romonlyht/status/1427829923280916480
2021-08-18 03:11:31,secbird1,ip,103.45.69.102,#phishing,https://twitter.com/secbird1/status/1427830491755933702
2021-08-18 03:11:31,secbird1,url,https://paypay-banlk.usabasesql.xyz/,#phishing,https://twitter.com/secbird1/status/1427830491755933702
2021-08-18 03:14:29,PhishStats,url,http://razcdf.ultimatefreehost.in/,#phishing,https://twitter.com/PhishStats/status/1427831236253425667
2021-08-18 03:14:29,PhishStats,ip,185.27.134.252,#phishing,https://twitter.com/PhishStats/status/1427831236253425667
2021-08-18 03:19:37,ecarlesi,url,https://ryanzsshore.xyz/admi/adobe2021%20(1).zip,#phishing,https://twitter.com/ecarlesi/status/1427832530749820930
2021-08-18 03:20:02,HeliosCert,ip,113.161.200.44,#malware,https://twitter.com/HeliosCert/status/1427832635519295488
2021-08-18 03:20:02,HeliosCert,sha256,86963c4751030168f7ebba58a99cf567ab7dd56ec4ff22ba785101aea45cd97e,#malware,https://twitter.com/HeliosCert/status/1427832635519295488
2021-08-18 03:21:57,ecarlesi,url,https://warrenriq.xyz/proposal/,#phishing,https://twitter.com/ecarlesi/status/1427833114605367304
2021-08-18 03:25:02,HeliosCert,ip,84.18.127.18,#malware,https://twitter.com/HeliosCert/status/1427833890681589768
2021-08-18 03:25:02,HeliosCert,sha256,60c1550b26782f13293dfd2a5db017462352d18dbe9004ce664d087c3e625c07,#malware,https://twitter.com/HeliosCert/status/1427833890681589768
2021-08-18 03:30:02,HeliosCert,ip,182.176.228.148,#malware,https://twitter.com/HeliosCert/status/1427835150675718147
2021-08-18 03:30:02,HeliosCert,sha256,0bdf9e23fc3d3ab95f11cc43f835b19c4f9bb66fe91f788cdace731c40fe868a,#malware,https://twitter.com/HeliosCert/status/1427835150675718147
2021-08-18 03:35:57,secbird1,url,https://ntdocomo.info,#phishing,https://twitter.com/secbird1/status/1427836639418613762
2021-08-18 03:35:57,secbird1,ip,204.44.82.27,#phishing,https://twitter.com/secbird1/status/1427836639418613762
2021-08-18 03:36:02,ecarlesi,url,http://cmr-alertafalabella.site/,#phishing,https://twitter.com/ecarlesi/status/1427836662684520458
2021-08-18 03:36:30,secbird1,url,https://uc-card.com.nm1jqq.cn/pc/ucp_signin.html,#phishing,https://twitter.com/secbird1/status/1427836777423794177
2021-08-18 03:36:30,secbird1,ip,204.44.66.233,#phishing,https://twitter.com/secbird1/status/1427836777423794177
2021-08-18 03:37:20,secbird1,ip,104.223.15.251,#phishing,https://twitter.com/secbird1/status/1427836989806501892
2021-08-18 03:37:20,secbird1,url,https://uccard.com.ndjgw.cn,#phishing,https://twitter.com/secbird1/status/1427836989806501892
2021-08-18 03:39:32,ecarlesi,url,https://cmr-alertafalabella.site/,#phishing,https://twitter.com/ecarlesi/status/1427837541085073422
2021-08-18 03:40:49,secbird1,url,https://uc-card.com.ldjkz.cn,#phishing,https://twitter.com/secbird1/status/1427837864797085704
2021-08-18 03:42:27,secbird1,url,https://uc-card.com.lkjtl.cn,#phishing,https://twitter.com/secbird1/status/1427838277319479299
2021-08-18 03:43:11,secbird1,url,https://olow.xyz/,#phishing,https://twitter.com/secbird1/status/1427838459188703235
2021-08-18 03:43:11,secbird1,ip,204.44.68.222,#phishing,https://twitter.com/secbird1/status/1427838459188703235
2021-08-18 03:43:11,ecarlesi,url,https://wwv-67373.vip/dns/dns.exe,#malware,https://twitter.com/ecarlesi/status/1427838459650191360
2021-08-18 03:43:26,ecarlesi,url,https://wwv-66777.vip/dns/dns.exe,#malware,https://twitter.com/ecarlesi/status/1427838521788801030
2021-08-18 03:44:19,secbird1,url,https://uccard.com.rplgq.cn/pc/ucp_signin.html,#phishing,https://twitter.com/secbird1/status/1427838746217443339
2021-08-18 03:45:44,ecarlesi,url,http://m3mprojects.online/boutique-floor%20(1).zip,#phishing,https://twitter.com/ecarlesi/status/1427839102720913413
2021-08-18 03:53:41,KesaGataMe0,url,https://kddi-fs.space,#phishing,https://twitter.com/KesaGataMe0/status/1427841103386976260
2021-08-18 03:53:41,KesaGataMe0,url,https://kddi-fs.store,#phishing,https://twitter.com/KesaGataMe0/status/1427841103386976260
2021-08-18 03:53:41,KesaGataMe0,url,https://kddi-fs.website,#phishing,https://twitter.com/KesaGataMe0/status/1427841103386976260
2021-08-18 03:53:41,KesaGataMe0,url,https://kddi-fs.wiki,#phishing,https://twitter.com/KesaGataMe0/status/1427841103386976260
2021-08-18 03:53:41,KesaGataMe0,url,https://kddi-fs.design,#phishing,https://twitter.com/KesaGataMe0/status/1427841103386976260
2021-08-18 03:53:41,KesaGataMe0,url,https://kddi-fsss.space,#phishing,https://twitter.com/KesaGataMe0/status/1427841103386976260
2021-08-18 03:55:00,phishunt_io,ip,173.236.154.13,#phishing #scam,https://twitter.com/phishunt_io/status/1427841435269746697
2021-08-18 03:55:00,phishunt_io,url,https://www.bancaporinternet.lnterbank-grupo.lntorkal.com/,#phishing #scam,https://twitter.com/phishunt_io/status/1427841435269746697
2021-08-18 04:07:05,secbird1,url,http://paypay-en.xyz/,#phishing,https://twitter.com/secbird1/status/1427844472641970181
2021-08-18 04:07:05,secbird1,ip,115.144.69.110,#phishing,https://twitter.com/secbird1/status/1427844472641970181
2021-08-18 04:07:16,secbird1,url,https://aeon-co-jp.livetade.xyz/,#phishing,https://twitter.com/secbird1/status/1427844519425298432
2021-08-18 04:07:16,secbird1,ip,209.141.46.99,#phishing,https://twitter.com/secbird1/status/1427844519425298432
2021-08-18 04:19:44,KesaGataMe0,ip,204.44.92.181,#phishing,https://twitter.com/KesaGataMe0/status/1427847659306373120
2021-08-18 04:21:38,KesaGataMe0,url,https://aeon-co-jp.livetade.xyz,#phishing,https://twitter.com/KesaGataMe0/status/1427848136525946883
2021-08-18 04:31:28,ecarlesi,url,https://onschuldig.xyz/stoh.zip,#phishing,https://twitter.com/ecarlesi/status/1427850611282878465
2021-08-18 04:32:14,secbird1,url,https://nttdocomo.jp.winnerchoose.com/,#phishing,https://twitter.com/secbird1/status/1427850803205742596
2021-08-18 04:32:14,secbird1,ip,107.150.4.215,#phishing,https://twitter.com/secbird1/status/1427850803205742596
2021-08-18 04:38:17,secbird1,url,https://www.epcscacb.com/login/,#phishing,https://twitter.com/secbird1/status/1427852325637431299
2021-08-18 04:38:17,secbird1,ip,155.235.250.138,#phishing,https://twitter.com/secbird1/status/1427852325637431299
2021-08-18 04:45:02,HeliosCert,ip,182.253.47.49,#malware,https://twitter.com/HeliosCert/status/1427854025815375879
2021-08-18 04:45:02,HeliosCert,sha256,dcd4b69bdb508e0472ddda1c91c05416dc1712b06378d04e20470f12fb8f7826,#malware,https://twitter.com/HeliosCert/status/1427854025815375879
2021-08-18 04:45:29,secbird1,url,https://yobodashi.club/,#phishing,https://twitter.com/secbird1/status/1427854140173000705
2021-08-18 04:53:23,secbird1,ip,155.94.184.10,#phishing,https://twitter.com/secbird1/status/1427856127006367746
2021-08-18 04:53:23,secbird1,url,https://arnazor.co.jp.ieypsnp.cn/pc/,#phishing,https://twitter.com/secbird1/status/1427856127006367746
2021-08-18 04:55:07,secbird1,url,https://www.mi-crad.com/,#phishing,https://twitter.com/secbird1/status/1427856562442276868
2021-08-18 04:56:10,secbird1,url,https://arnazor.co.jp.hhbfjso.cn/pc/,#phishing,https://twitter.com/secbird1/status/1427856828419825667
2021-08-18 05:04:14,kubotaa3,url,http://smbcweb.me/aibgsjsw1001.asp,#phishing,https://twitter.com/kubotaa3/status/1427858857192083456
2021-08-18 05:04:14,kubotaa3,url,http://www.smbcweb.me/aibgsjsw1001.asp,#phishing,https://twitter.com/kubotaa3/status/1427858857192083456
2021-08-18 05:04:14,kubotaa3,ip,103.254.73.72,#phishing,https://twitter.com/kubotaa3/status/1427858857192083456
2021-08-18 05:33:16,secbird1,url,https://www.ieb-jcb.top,#phishing,https://twitter.com/secbird1/status/1427866162499514369
2021-08-18 05:33:16,secbird1,ip,14.63.162.52,#phishing,https://twitter.com/secbird1/status/1427866162499514369
2021-08-18 05:34:04,secbird1,url,https://qmqyxqvsdhgfsprnegsvrzqugvepsucukxhsebcg.etvm08.cn,#phishing,https://twitter.com/secbird1/status/1427866365558288384
2021-08-18 05:34:04,secbird1,ip,216.24.253.52,#phishing,https://twitter.com/secbird1/status/1427866365558288384
2021-08-18 05:36:36,secbird1,ip,209.141.62.71,#phishing,https://twitter.com/secbird1/status/1427867003117731842
2021-08-18 05:36:36,secbird1,url,https://aeon-bank.liveao.xyz/,#phishing,https://twitter.com/secbird1/status/1427867003117731842
2021-08-18 05:37:46,secbird1,url,https://aeonbank-z.liveanjp.xyz/,#phishing,https://twitter.com/secbird1/status/1427867296601542658
2021-08-18 05:37:46,secbird1,ip,205.185.122.138,#phishing,https://twitter.com/secbird1/status/1427867296601542658
2021-08-18 05:39:11,secbird1,url,https://aeonbak-jp.liveanco.xyz/,#phishing,https://twitter.com/secbird1/status/1427867651469025284
2021-08-18 05:39:11,secbird1,ip,209.141.37.210,#phishing,https://twitter.com/secbird1/status/1427867651469025284
2021-08-18 05:45:03,HeliosCert,ip,182.71.130.10,#malware,https://twitter.com/HeliosCert/status/1427869126979203076
2021-08-18 05:45:03,HeliosCert,sha256,73881e497998a3cd85036e3c4fc7ce457b5491ae528bb80d3fd99ca01f13200f,#malware,https://twitter.com/HeliosCert/status/1427869126979203076
2021-08-18 05:51:50,ecarlesi,url,http://cao-desarrollo.online/wordpress%205%20mx.zip,#phishing,https://twitter.com/ecarlesi/status/1427870835168227333
2021-08-18 05:55:02,HeliosCert,sha256,da888a8168c12c0484cd093f59b2a69fa763fb94ede33ab2585a23b4dbc9ed6d,#malware,https://twitter.com/HeliosCert/status/1427871642496258056
2021-08-18 05:55:02,HeliosCert,ip,171.232.58.165,#malware,https://twitter.com/HeliosCert/status/1427871642496258056
2021-08-18 05:55:03,HeliosCert,ip,125.160.69.73,#malware,https://twitter.com/HeliosCert/status/1427871645218267139
2021-08-18 05:55:03,HeliosCert,sha256,decff45fb53331e1d84f09a08edb7a4e9732713f6496350057f1706a92cafce0,#malware,https://twitter.com/HeliosCert/status/1427871645218267139
2021-08-18 05:56:14,ecarlesi,url,http://camelotorganization.org/3929588ebbfc2cc1e9b694271dbf9b1b/,#phishing,https://twitter.com/ecarlesi/status/1427871942288289795
2021-08-18 05:56:14,ecarlesi,md5,3929588ebbfc2cc1e9b694271dbf9b1b,#phishing,https://twitter.com/ecarlesi/status/1427871942288289795
2021-08-18 06:01:11,ecarlesi,url,http://m3mprojects.online/heights.zip,#phishing,https://twitter.com/ecarlesi/status/1427873187358863365
2021-08-18 06:02:25,ecarlesi,url,https://dl.radarbrokers.cn/radarbrokers-leida-release_195_jiagu_aligned_signed_leida.apk,#malware,https://twitter.com/ecarlesi/status/1427873498370699264
2021-08-18 06:04:09,ecarlesi,url,http://m3mprojects.online/ikonic.zip,#phishing,https://twitter.com/ecarlesi/status/1427873933483593729
2021-08-18 06:07:14,ecarlesi,url,http://mamagacor.xyz/m/downloads/download.apk,#malware,https://twitter.com/ecarlesi/status/1427874713376677892
2021-08-18 06:10:16,ecarlesi,url,http://m3mprojects.online/m3m-65-avenue.zip,#phishing,https://twitter.com/ecarlesi/status/1427875475716673536
2021-08-18 06:15:20,PhishStats,url,http://remotefiles221043181.com/,#phishing,https://twitter.com/PhishStats/status/1427876751561080837
2021-08-18 06:15:20,PhishStats,ip,34.97.198.250,#phishing,https://twitter.com/PhishStats/status/1427876751561080837
2021-08-18 06:16:19,secbird1,url,https://nttdocomo.jp.coloniainfo.com/,#phishing,https://twitter.com/secbird1/status/1427876995782758400
2021-08-18 06:20:25,ecarlesi,url,http://m3mprojects.online/m3m-broadway.zip,#phishing,https://twitter.com/ecarlesi/status/1427878028462284814
2021-08-18 06:24:31,JAMESWT_MHT,url,https://forum.php,,https://twitter.com/JAMESWT_MHT/status/1427879059489529858
2021-08-18 06:25:22,secbird1,url,https://nttdocomo.jp.osimplylove.com/,#phishing,https://twitter.com/secbird1/status/1427879273075933186
2021-08-18 06:29:09,ecarlesi,url,http://m3mprojects.online/m3m-corner.zip,#phishing,https://twitter.com/ecarlesi/status/1427880228320210944
2021-08-18 06:30:02,HeliosCert,sha256,18b2fde7f8deb6e3775454d2802a9174c7a75fac73267c1fa423f7438345b133,#malware,https://twitter.com/HeliosCert/status/1427880448345133058
2021-08-18 06:30:02,HeliosCert,ip,117.6.195.182,#malware,https://twitter.com/HeliosCert/status/1427880448345133058
2021-08-18 06:42:05,secbird1,url,https://nttdocomo.jp.ceilidhcrew.com/,#phishing,https://twitter.com/secbird1/status/1427883480394854405
2021-08-18 06:42:52,secbird1,url,https://nttdocomo.jp.dmdsoftware.com/,#phishing,https://twitter.com/secbird1/status/1427883679808770056
2021-08-18 07:01:38,ecarlesi,url,http://conntacs3rviceslimitds.info/,#phishing,https://twitter.com/ecarlesi/status/1427888401865494530
2021-08-18 07:16:42,precyentintel,url,http://emirateebnbd.jetos.com,#phishing,https://twitter.com/precyentintel/status/1427892192807424005
2021-08-18 07:18:00,ecarlesi,url,http://deliverpkg.com,#phishing,https://twitter.com/ecarlesi/status/1427892521053552643
2021-08-18 07:30:24,pingineer_jp,url,https://amazon-jp.1ssl.xyz/,#phishing #scam,https://twitter.com/pingineer_jp/status/1427895641808592902
2021-08-18 07:31:34,pingineer_jp,url,https://anazom.co.ip.uchama.shop/,#phishing #scam,https://twitter.com/pingineer_jp/status/1427895933811843075
2021-08-18 07:32:21,secbird1,url,https://rptmdrdqmwhtctmqdztxjpgyprcavrspqpsusaap.7e3tv4b.cn/,#phishing,https://twitter.com/secbird1/status/1427896129761419268
2021-08-18 07:37:02,secbird1,url,http://www.paypay-en.xyz/,#phishing,https://twitter.com/secbird1/status/1427897310231470083
2021-08-18 07:55:53,phishunt_io,url,https://mordisquitos.com.co/login.microsoftonline.com/,#phishing #scam,https://twitter.com/phishunt_io/status/1427902052068384773
2021-08-18 07:55:53,phishunt_io,ip,134.119.178.223,#phishing #scam,https://twitter.com/phishunt_io/status/1427902052068384773
2021-08-18 08:06:11,YaChatzo,url,http://bazaregardeshgari.ir/intern/home.php,#phishing,https://twitter.com/YaChatzo/status/1427904644823592964
2021-08-18 08:07:21,ecarlesi,url,https://ittunebbeeenggss.com/keep/,#phishing,https://twitter.com/ecarlesi/status/1427904940673048576
2021-08-18 08:18:22,ecarlesi,url,http://kunscorkz.com/myaccount.supportinformation/,#phishing,https://twitter.com/ecarlesi/status/1427907710666825731
2021-08-18 08:18:22,ecarlesi,url,http://shun16888.com/huanxun%20key%e8%ba%ab%e4%bb%bd%e9%aa%8c%e8%af%81%e5%99%a8.zip,#malware,https://twitter.com/ecarlesi/status/1427907713942626314
2021-08-18 08:22:48,ecarlesi,url,http://quaycui.com/,#phishing,https://twitter.com/ecarlesi/status/1427908828713062405
2021-08-18 08:33:07,YaChatzo,url,https://www.support-winbankgr.com,#phishing,https://twitter.com/YaChatzo/status/1427911422743298049
2021-08-18 08:35:36,ecarlesi,url,https://coinbase-signin-step.com/coinbase.zip,#phishing,https://twitter.com/ecarlesi/status/1427912050781605901
2021-08-18 08:35:37,ecarlesi,url,https://chiantisbrentwood.com/amazkn/mazon/,#phishing,https://twitter.com/ecarlesi/status/1427912053759647749
2021-08-18 08:40:13,KesaGataMe0,url,https://konami-official-link.net/login.php,#phishing,https://twitter.com/KesaGataMe0/status/1427913211920093185
2021-08-18 08:40:13,KesaGataMe0,url,https://mykonamicompentsationpoints.net/login.php,#phishing,https://twitter.com/KesaGataMe0/status/1427913211920093185
2021-08-18 08:40:13,KesaGataMe0,url,https://mykonamiweb.net/login.php,#phishing,https://twitter.com/KesaGataMe0/status/1427913211920093185
2021-08-18 08:40:13,KesaGataMe0,url,https://fastkonami.com/login.php,#phishing,https://twitter.com/KesaGataMe0/status/1427913211920093185
2021-08-18 08:41:14,h4sh5,ip,185.215.113.39,#ransomware,https://twitter.com/h4sh5/status/1427913466115813379
2021-08-18 08:41:14,h4sh5,ip,45.227.255.190,#ransomware,https://twitter.com/h4sh5/status/1427913466115813379
2021-08-18 08:59:45,secbird1,url,https://smbc-card.com.dpw8ud.cn/,#phishing,https://twitter.com/secbird1/status/1427918126176296962
2021-08-18 09:00:47,secbird1,url,https://smbc-card.com.7b9qzl.cn/,#phishing,https://twitter.com/secbird1/status/1427918385816358916
2021-08-18 09:05:49,secbird1,url,http://hhrtevqczpzhkdxzvgsdfhupqasumackzgchtyxf.sxsylviaoconn1.cn/,#phishing,https://twitter.com/secbird1/status/1427919655373443077
2021-08-18 09:05:49,secbird1,ip,199.19.226.102,#phishing,https://twitter.com/secbird1/status/1427919655373443077
2021-08-18 09:06:19,moshsrv,url,https://inccttejr.redirectme.net/#fqs5d6f26q26s6d3f0q3sd32fq2g3sfg3s2fgdf,#phishing #scam,https://twitter.com/moshsrv/status/1427919778518380548
2021-08-18 09:07:15,secbird1,url,http://hhrtevqczpzhkdxzvgsdfhupqasumackzgchtyxf.xtxujingjing.cn/,#phishing,https://twitter.com/secbird1/status/1427920012405137411
2021-08-18 09:08:41,secbird1,url,http://hhrtevqczpzhkdxzvgsdfhupqasumackzgchtyxf.tangguifang1979.cn/,#phishing,https://twitter.com/secbird1/status/1427920373467598853
2021-08-18 09:25:02,HeliosCert,sha256,729e1c2466d27235e6d888055537ac4250102fc082998eea38abb044a5776482,#malware,https://twitter.com/HeliosCert/status/1427924491385061378
2021-08-18 09:25:02,HeliosCert,ip,103.44.54.24,#malware,https://twitter.com/HeliosCert/status/1427924491385061378
2021-08-18 09:33:07,harugasumi,url,http://www.amerixanepxvess.xyz/,#phishing,https://twitter.com/harugasumi/status/1427926525316255748
2021-08-18 09:35:56,secbird1,url,http://hhrtevqczpzhkdxzvgsdfhupqasumackzgchtyxf.taylordewey2.cn/,#phishing,https://twitter.com/secbird1/status/1427927231125286914
2021-08-18 09:36:48,ecarlesi,url,https://evychaselibraryvol.com/amazkn/mazon/,#phishing,https://twitter.com/ecarlesi/status/1427927451301199874
2021-08-18 09:38:41,reecdeep,md5,f50d8d7a9dc00facac2334ccf8276b3a,#malware,https://twitter.com/reecdeep/status/1427927923730878464
2021-08-18 09:43:47,ecarlesi,url,http://prepaidbofaedd.com,#phishing,https://twitter.com/ecarlesi/status/1427929208907501570
2021-08-18 09:45:02,HeliosCert,ip,103.169.214.54,#malware,https://twitter.com/HeliosCert/status/1427929521337024513
2021-08-18 09:45:02,HeliosCert,sha256,0140d7d738946fc5b9d74126a331b25d8cb7d7ca74b8442d6ee47cfa345324d5,#malware,https://twitter.com/HeliosCert/status/1427929521337024513
2021-08-18 09:56:59,ecarlesi,url,http://vehicledvrebates.com/personal.php,#phishing,https://twitter.com/ecarlesi/status/1427932529877737475
2021-08-18 10:04:07,malwrhunterteam,sha256,699cc4f2d2040ee57ffe13d530f9bd0c5e0c6f4553b7f4a13243d3960ec81a60,,https://twitter.com/malwrhunterteam/status/1427934325102845958
2021-08-18 10:06:09,secbird1,url,http://tangguifang1979.cn,#phishing,https://twitter.com/secbird1/status/1427934835604033545
2021-08-18 10:09:03,MalwarePatrol,url,http://www.kurortnoye.com.ua/admin/read-invoice/readmessage.php,#phishing,https://twitter.com/MalwarePatrol/status/1427935567950589961
2021-08-18 10:27:12,ecarlesi,url,https://conntacs3rviceslimitds.info/,#phishing,https://twitter.com/ecarlesi/status/1427940132477407237
2021-08-18 10:36:16,secbird1,url,http://hhrtevqczpzhkdxzvgsdfhupqasumackzgchtyxf.taylordewey2.cn,#phishing,https://twitter.com/secbird1/status/1427942416854650887
2021-08-18 10:40:02,HeliosCert,ip,91.224.77.141,#malware,https://twitter.com/HeliosCert/status/1427943364901621762
2021-08-18 10:40:02,HeliosCert,sha256,5e1119b9b40e066c8120bfd6e096fceb0b9f8e88e5f1f3d6c46f5ea98b18d455,#malware,https://twitter.com/HeliosCert/status/1427943364901621762
2021-08-18 10:55:56,YaChatzo,url,https://aipha.info/login/myalphaweb,#phishing,https://twitter.com/YaChatzo/status/1427947364258664451
2021-08-18 11:15:02,HeliosCert,ip,14.169.16.241,#malware,https://twitter.com/HeliosCert/status/1427952172604473344
2021-08-18 11:15:02,HeliosCert,sha256,733a09e8bc0b599dce6637508e9464718f4455f7b77dec412e54c36905e13348,#malware,https://twitter.com/HeliosCert/status/1427952172604473344
2021-08-18 11:15:51,FromPorts,ip,172.67.141.112,#phishing,https://twitter.com/FromPorts/status/1427952377965985793
2021-08-18 11:15:51,FromPorts,ip,45.137.22.158,#phishing,https://twitter.com/FromPorts/status/1427952377965985793
2021-08-18 11:30:02,HeliosCert,ip,94.25.169.12,#malware,https://twitter.com/HeliosCert/status/1427955947218120710
2021-08-18 11:30:02,HeliosCert,sha256,ce8f5a97b927c55c719003ec7248b8be4b98a942ad044e5f1b47d5ec4a2f69fc,#malware,https://twitter.com/HeliosCert/status/1427955947218120710
2021-08-18 11:58:00,malwrhunterteam,sha256,eebf1f146e1b66db4c72900a5ce4e921da0a34dca4e5d55e9c654f61db592674,,https://twitter.com/malwrhunterteam/status/1427962985608323077
2021-08-18 11:58:00,malwrhunterteam,sha256,4a88610e41794c4ca0cb218169e90404048b7f84aad0094626254992df37634d,,https://twitter.com/malwrhunterteam/status/1427962985608323077
2021-08-18 12:00:02,HeliosCert,ip,60.145.192.167,#malware,https://twitter.com/HeliosCert/status/1427963498181627914
2021-08-18 12:00:02,HeliosCert,sha256,6e3a7faf5ac866f9934704b527afceb6b6521883db86e42265965102b5c6d813,#malware,https://twitter.com/HeliosCert/status/1427963498181627914
2021-08-18 12:03:19,ecarlesi,url,https://gb-postoffice-schedules.com/,#phishing,https://twitter.com/ecarlesi/status/1427964322676977672
2021-08-18 12:07:42,ecarlesi,url,http://touchemalladv.com/,#phishing,https://twitter.com/ecarlesi/status/1427965427045617668
2021-08-18 12:15:52,JAMESWT_MHT,url,http://m27p.com:67/hzz111.exe,,https://twitter.com/JAMESWT_MHT/status/1427967479549243404
2021-08-18 12:25:33,FromPorts,ip,104.21.9.39,#phishing,https://twitter.com/FromPorts/status/1427969916888551431
2021-08-18 12:28:32,PhishStats,url,http://www.chase.ictprosupport.com/,#phishing,https://twitter.com/PhishStats/status/1427970670462373895
2021-08-18 12:28:32,PhishStats,ip,108.167.156.153,#phishing,https://twitter.com/PhishStats/status/1427970670462373895
2021-08-18 12:28:52,ecarlesi,url,http://bulsujz.com/myaccount.supportinformation/,#phishing,https://twitter.com/ecarlesi/status/1427970752670752774
2021-08-18 12:30:01,TheDFIRReport,ip,45.15.131.96,#CobaltStrike,https://twitter.com/TheDFIRReport/status/1427971040295194632
2021-08-18 12:30:01,TheDFIRReport,ip,162.244.83.95,#CobaltStrike,https://twitter.com/TheDFIRReport/status/1427971040295194632
2021-08-18 12:30:01,TheDFIRReport,ip,45.176.188.217,#CobaltStrike,https://twitter.com/TheDFIRReport/status/1427971040295194632
2021-08-18 12:30:01,TheDFIRReport,ip,23.239.67.26,#CobaltStrike,https://twitter.com/TheDFIRReport/status/1427971040295194632
2021-08-18 12:30:01,TheDFIRReport,ip,37.1.208.250,#CobaltStrike,https://twitter.com/TheDFIRReport/status/1427971040295194632
2021-08-18 12:31:04,ecarlesi,url,https://ancientreasure28.com/css-zone.zip,#phishing,https://twitter.com/ecarlesi/status/1427971304880279555
2021-08-18 12:37:51,ecarlesi,url,https://post-office-reschedule-parcel.com/,#phishing,https://twitter.com/ecarlesi/status/1427973013534908416
2021-08-18 12:38:29,malwrhunterteam,url,https://abshar-project.web.app/home.html,,https://twitter.com/malwrhunterteam/status/1427973173258211329
2021-08-18 12:40:18,ReBensk,sha256,8c573a7c079bf799de30aec73529c39a72628ce2c6c0735e85660cc01dc43854,#malware,https://twitter.com/ReBensk/status/1427973631624187904
2021-08-18 12:48:35,ecarlesi,url,http://eqtgtzqfae.com/myaccount-pageinformation-service.login2021/,#phishing,https://twitter.com/ecarlesi/status/1427975713613705227
2021-08-18 12:50:10,ecarlesi,url,https://mystore-settings-llc.com/tld/,#phishing,https://twitter.com/ecarlesi/status/1427976112253059080
2021-08-18 12:53:07,ecarlesi,url,https://mystore-settings-llc.com/tld/verification/8dan0m8281696442d33b/,#phishing,https://twitter.com/ecarlesi/status/1427976855467040779
2021-08-18 12:55:34,ecarlesi,url,https://eqtgtzqfae.com/myaccount-pageinformation-service.login2021/,#phishing,https://twitter.com/ecarlesi/status/1427977471996186633
2021-08-18 12:56:18,ecarlesi,url,https://rstrim.com,#phishing,https://twitter.com/ecarlesi/status/1427977656709025794
2021-08-18 12:57:13,l4pt0k,url,https://chiefmiserable.com/test.php,#phishing,https://twitter.com/l4pt0k/status/1427977887345426440
2021-08-18 12:59:32,ecarlesi,url,https://mystore-settings-llc.com/tld/verification/540896979925c347ea02/,#phishing,https://twitter.com/ecarlesi/status/1427978468202008583
2021-08-18 13:00:10,KesaGataMe0,url,https://www.ntt-docono-info.ppcheck1.top,#phishing,https://twitter.com/KesaGataMe0/status/1427978629179318275
2021-08-18 13:00:10,KesaGataMe0,ip,43.249.207.175,#phishing,https://twitter.com/KesaGataMe0/status/1427978629179318275
2021-08-18 13:00:10,KesaGataMe0,url,https://www.ntt-docono-info.ppcheck2.top,#phishing,https://twitter.com/KesaGataMe0/status/1427978629179318275
2021-08-18 13:00:10,KesaGataMe0,url,https://www.ntt-docono-info.checkseruceam.top,#phishing,https://twitter.com/KesaGataMe0/status/1427978629179318275
2021-08-18 13:01:00,ecarlesi,url,http://16899.org/,#phishing,https://twitter.com/ecarlesi/status/1427978839733334018
2021-08-18 13:03:38,KesaGataMe0,url,https://hhrtevqczpzhkdxzvgsdfhupqasumackzgchtyxf.sxsylviaoconn1.cn,#phishing,https://twitter.com/KesaGataMe0/status/1427979503926579206
2021-08-18 13:03:38,KesaGataMe0,url,https://hhrtevqczpzhkdxzvgsdfhupqasumackzgchtyxf.tangguifang1979.cn,#phishing,https://twitter.com/KesaGataMe0/status/1427979503926579206
2021-08-18 13:03:38,KesaGataMe0,url,https://hhrtevqczpzhkdxzvgsdfhupqasumackzgchtyxf.xtxujingjing.cn,#phishing,https://twitter.com/KesaGataMe0/status/1427979503926579206
2021-08-18 13:06:20,ecarlesi,url,https://mytmnet.com/applyunify.com.zip,#phishing,https://twitter.com/ecarlesi/status/1427980180035878912
2021-08-18 13:12:56,ActorExpose,url,http://grupwhatsapptantehot18.duckdns.org/,,https://twitter.com/ActorExpose/status/1427981841269669895
2021-08-18 13:12:56,ActorExpose,ip,45.32.32.0,,https://twitter.com/ActorExpose/status/1427981841269669895
2021-08-18 13:14:25,ecarlesi,url,http://theentertainmentsyndicate.com/,#phishing,https://twitter.com/ecarlesi/status/1427982215682543617
2021-08-18 13:15:02,HeliosCert,ip,188.168.229.248,#malware,https://twitter.com/HeliosCert/status/1427982372025348100
2021-08-18 13:15:02,HeliosCert,sha256,86734270b2c6ca8c9717b45b98f5d7880eec5050aa31a1edec1ddb149691a32b,#malware,https://twitter.com/HeliosCert/status/1427982372025348100
2021-08-18 13:15:27,malwaremansys,sha256,208d68c431d58e6d311ae0f2574fab85a1205fc1597e10690116bf406eb5499c,#malware,https://twitter.com/malwaremansys/status/1427982477230960648
2021-08-18 13:16:07,ecarlesi,url,https://tongfuaz.com/myaccount.supportinformation/16shop-apple-v2.3.zip,#phishing,https://twitter.com/ecarlesi/status/1427982643958673419
2021-08-18 13:20:03,HeliosCert,sha256,9dc219139a15a88b5c47822f602cb86529633af6d761107cefe8b8476275310d,#malware,https://twitter.com/HeliosCert/status/1427983631256072192
2021-08-18 13:20:03,HeliosCert,ip,61.2.131.92,#malware,https://twitter.com/HeliosCert/status/1427983631256072192
2021-08-18 13:22:44,secbird1,url,https://paypay-banlk.archdrl.com/client/index.html,#phishing,https://twitter.com/secbird1/status/1427984310317961216
2021-08-18 13:22:44,secbird1,ip,35.180.69.195,#phishing,https://twitter.com/secbird1/status/1427984310317961216
2021-08-18 13:29:34,ActorExpose,url,http://whataappvirall18-tk.duckdns.org/img/,,https://twitter.com/ActorExpose/status/1427986028552405003
2021-08-18 13:32:20,ActorExpose,ip,5.188.108.0,,https://twitter.com/ActorExpose/status/1427986725868032005
2021-08-18 13:35:02,HeliosCert,ip,106.104.76.49,#malware,https://twitter.com/HeliosCert/status/1427987405638938627
2021-08-18 13:35:02,HeliosCert,sha256,dca453a76daccab4dc085d3cfe250f0c90bd4100b21fd31f8f9013288fe061e8,#malware,https://twitter.com/HeliosCert/status/1427987405638938627
2021-08-18 13:38:22,tomoaxe,url,http://line122.com/,#phishing,https://twitter.com/tomoaxe/status/1427988244424138755
2021-08-18 13:38:22,tomoaxe,ip,27.124.39.170,#phishing,https://twitter.com/tomoaxe/status/1427988244424138755
2021-08-18 13:38:31,tomoaxe,url,http://line127.com/,#phishing,https://twitter.com/tomoaxe/status/1427988279975022593
2021-08-18 13:40:02,HeliosCert,ip,1.175.112.201,#malware,https://twitter.com/HeliosCert/status/1427988663284154372
2021-08-18 13:40:02,HeliosCert,sha256,ce0abd6f54a3f512c6dfcb6223886e703b2f50e2b5072fdb40eab16b0d16ec53,#malware,https://twitter.com/HeliosCert/status/1427988663284154372
2021-08-18 13:45:02,HeliosCert,ip,190.34.154.84,#malware,https://twitter.com/HeliosCert/status/1427989922556809221
2021-08-18 13:45:02,HeliosCert,sha256,95ea01f4dd75cd5d17952f8ca62c3f695d1ec19c4b9de97b978ee1d0de2c630e,#malware,https://twitter.com/HeliosCert/status/1427989922556809221
2021-08-18 13:50:02,HeliosCert,ip,78.187.178.40,#malware,https://twitter.com/HeliosCert/status/1427991177408749568
2021-08-18 13:50:02,HeliosCert,sha256,c65705badfbe3355d9268b1c95264e6d20a3969bfd545d8e08fbaa2483377a91,#malware,https://twitter.com/HeliosCert/status/1427991177408749568
2021-08-18 14:05:47,secbird1,url,http://tangguifang1979.cn/,#phishing,https://twitter.com/secbird1/status/1427995143206965251
2021-08-18 14:07:23,0xDanielLopez,url,https://correosenv-es.umbler.net/correo/correos/seleccione_medio_de_pago.php,#phishing,https://twitter.com/0xDanielLopez/status/1427995545923203073
2021-08-18 14:07:23,0xDanielLopez,url,https://recomienda-domicilio.com/12012020a/seleccione_medio_de_pago.php,#phishing,https://twitter.com/0xDanielLopez/status/1427995545923203073
2021-08-18 14:25:02,HeliosCert,ip,212.164.38.180,#malware,https://twitter.com/HeliosCert/status/1427999985908568068
2021-08-18 14:25:02,HeliosCert,sha256,c5c3a26f0cbfd39cd48dd8449c1871f31a1f6b493dd0ad30b0d1e15fb3ad0aa2,#malware,https://twitter.com/HeliosCert/status/1427999985908568068
2021-08-18 14:26:05,micham,ip,112.224.152.138,#phishing,https://twitter.com/micham/status/1428000251688800259
2021-08-18 14:29:25,Sentry_23,md5,998942e43ce445e7a8ed43cc51862f42,#phishing,https://twitter.com/Sentry_23/status/1428001090394595337
2021-08-18 14:30:00,TheDFIRReport,ip,104.6.92.229,#CobaltStrike,https://twitter.com/TheDFIRReport/status/1428001238197555210
2021-08-18 14:30:00,TheDFIRReport,ip,35.246.98.99,#CobaltStrike,https://twitter.com/TheDFIRReport/status/1428001238197555210
2021-08-18 14:30:00,TheDFIRReport,ip,185.125.33.206,#CobaltStrike,https://twitter.com/TheDFIRReport/status/1428001238197555210
2021-08-18 14:30:00,TheDFIRReport,ip,95.215.205.145,#CobaltStrike,https://twitter.com/TheDFIRReport/status/1428001238197555210
2021-08-18 14:30:00,TheDFIRReport,ip,79.177.162.142,#CobaltStrike,https://twitter.com/TheDFIRReport/status/1428001238197555210
2021-08-18 14:30:00,TheDFIRReport,ip,23.225.15.192,#CobaltStrike,https://twitter.com/TheDFIRReport/status/1428001238197555210
2021-08-18 14:30:00,TheDFIRReport,ip,192.153.57.113,#CobaltStrike,https://twitter.com/TheDFIRReport/status/1428001238197555210
2021-08-18 14:30:00,TheDFIRReport,ip,38.87.247.125,#CobaltStrike,https://twitter.com/TheDFIRReport/status/1428001238197555210
2021-08-18 14:30:02,HeliosCert,ip,197.50.168.64,#malware,https://twitter.com/HeliosCert/status/1428001243574808579
2021-08-18 14:30:02,HeliosCert,sha256,c05882f33ca3ec8ab4a2517f4d7b4939c632fee741bfd5ed3f43fbfe8ded4c03,#malware,https://twitter.com/HeliosCert/status/1428001243574808579
2021-08-18 14:43:51,ecarlesi,url,https://parcelalert-redelivery.com/,#phishing,https://twitter.com/ecarlesi/status/1428004722456240128
2021-08-18 14:47:14,malwrhunterteam,sha256,69c217d3ed2e32564dd8623462ffbc7ca5782e35057c1d774ff32e944997e313,,https://twitter.com/malwrhunterteam/status/1428005572960530439
2021-08-18 14:47:24,reecdeep,ip,163.172.217.74,#malware,https://twitter.com/reecdeep/status/1428005614857379842
2021-08-18 14:47:24,reecdeep,ip,74.63.218.139,#malware,https://twitter.com/reecdeep/status/1428005614857379842
2021-08-18 14:47:24,reecdeep,ip,142.11.214.93,#malware,https://twitter.com/reecdeep/status/1428005614857379842
2021-08-18 14:52:45,secbird1,url,https://7b9qzl.cn,#phishing,https://twitter.com/secbird1/status/1428006963783237633
2021-08-18 14:54:30,secbird1,url,https://www.esp-support.xyz/,#phishing,https://twitter.com/secbird1/status/1428007401202929673
2021-08-18 14:54:30,secbird1,ip,100.42.65.220,#phishing,https://twitter.com/secbird1/status/1428007401202929673
2021-08-18 15:05:02,HeliosCert,ip,103.144.173.4,#malware,https://twitter.com/HeliosCert/status/1428010055035723776
2021-08-18 15:05:02,HeliosCert,sha256,5b4ddc54450dd28374a6da07c799759b905455f662ed4821eae2012047ec5e99,#malware,https://twitter.com/HeliosCert/status/1428010055035723776
2021-08-18 15:09:03,MalwarePatrol,md5,bc66f57352a6b1166abae0d5e0e2b59a,#phishing,https://twitter.com/MalwarePatrol/status/1428011062260080652
2021-08-18 15:09:03,MalwarePatrol,url,http://www.jasonmaiolo.com/okay/cmd-login=bc66f57352a6b1166abae0d5e0e2b59a/,#phishing,https://twitter.com/MalwarePatrol/status/1428011062260080652
2021-08-18 15:10:02,HeliosCert,ip,190.199.149.120,#malware,https://twitter.com/HeliosCert/status/1428011310449635333
2021-08-18 15:10:02,HeliosCert,sha256,0f464f8add4ba883726e5353c84fa14e2643bb305eb0298dfda41a5953e1c0d2,#malware,https://twitter.com/HeliosCert/status/1428011310449635333
2021-08-18 15:10:57,skanty4cx,url,https://shop-god.xyz/wjcmgav/mellat,#phishing,https://twitter.com/skanty4cx/status/1428011540695949317
2021-08-18 15:10:57,skanty4cx,url,https://api-eblagh.tk/wjcmgav/mellat,#phishing,https://twitter.com/skanty4cx/status/1428011540695949317
2021-08-18 15:10:57,skanty4cx,url,http://add-ir.cf/gayir/pay/mellat.php?refid=375510fdef94b36b,#phishing,https://twitter.com/skanty4cx/status/1428011540695949317
2021-08-18 15:10:57,skanty4cx,url,http://add-ir.tk/mellat/,#phishing,https://twitter.com/skanty4cx/status/1428011540695949317
2021-08-18 15:10:57,skanty4cx,ip,198.23.200.243,#phishing,https://twitter.com/skanty4cx/status/1428011540695949317
2021-08-18 15:14:16,PhishStats,ip,178.18.197.210,#phishing,https://twitter.com/PhishStats/status/1428012378134925317
2021-08-18 15:14:16,PhishStats,url,http://bestbuyturizm.com.tr/,#phishing,https://twitter.com/PhishStats/status/1428012378134925317
2021-08-18 15:16:13,ViriBack,ip,193.56.146.55,#malware,https://twitter.com/ViriBack/status/1428012865605226498
2021-08-18 15:17:35,ecarlesi,url,http://jtechmediaservice.com/wordpress-5.8.zip,#phishing,https://twitter.com/ecarlesi/status/1428013213044465665
2021-08-18 15:18:12,secbird1,url,https://mnlijfwuyv.duckdns.org,#phishing,https://twitter.com/secbird1/status/1428013367042609156
2021-08-18 15:18:12,secbird1,ip,195.133.192.39,#phishing,https://twitter.com/secbird1/status/1428013367042609156
2021-08-18 15:19:18,ReBensk,sha256,74400d8ff01611c0fec7fc1f8c8b151099f281e9d9f261b97c8f0a65f5ea2276,#malware,https://twitter.com/ReBensk/status/1428013645028417537
2021-08-18 15:21:51,ecarlesi,url,http://heyenneraudabooking.com/amazkn/mazon/,#phishing,https://twitter.com/ecarlesi/status/1428014283959508992
2021-08-18 15:21:53,sisoma2,sha256,520bd9ed608c668810971dbd51184c6a29819674280b018dc4027bc38fc42e57,#ransomware,https://twitter.com/sisoma2/status/1428014293698625537
2021-08-18 15:37:07,ecarlesi,url,https://heyenneraudabooking.com/amazkn/mazon/66557/,#phishing,https://twitter.com/ecarlesi/status/1428018129372958720
2021-08-18 15:39:33,ecarlesi,url,https://bulsujz.com/myaccount.supportinformation/,#phishing,https://twitter.com/ecarlesi/status/1428018739245719554
2021-08-18 15:43:53,_brettfitz,ip,87.121.52.216,#CobaltStrike,https://twitter.com/_brettfitz/status/1428019829588598788
2021-08-18 15:45:41,InQuest,url,https://cdn.discordapp.com/attachments/877498008575549440/877498048991858688/11.dll,,https://twitter.com/InQuest/status/1428020282661511179
2021-08-18 15:46:39,ecarlesi,url,http://heyenneraudabooking.com/amazkn/mazon/42f6a/,#phishing,https://twitter.com/ecarlesi/status/1428020527407452162
2021-08-18 15:46:54,CardanoPhishing,ip,104.21.81.175,#phishing #scam,https://twitter.com/CardanoPhishing/status/1428020588724068362
2021-08-18 15:48:49,malwrhunterteam,ip,119.29.60.185,,https://twitter.com/malwrhunterteam/status/1428021073799430150
2021-08-18 15:53:56,malwrhunterteam,sha256,580bf9e7b06fa21f8a71fd60d861f701fd21a50daafaefa93616d9e292dbb461,,https://twitter.com/malwrhunterteam/status/1428022357873078277
2021-08-18 15:56:41,phishunt_io,ip,143.204.202.46,#phishing #scam,https://twitter.com/phishunt_io/status/1428023052688887809
2021-08-18 15:56:41,phishunt_io,url,https://www.amazon.se/a/c/r/h8yhfw6mgvlknfifl1odpxxsw/,#phishing #scam,https://twitter.com/phishunt_io/status/1428023052688887809
2021-08-18 16:12:04,malwrhunterteam,sha256,5dc2aa060fe198bc1bdff1818c885fa36bf6bcfed8b05265e3976382cf037c5e,,https://twitter.com/malwrhunterteam/status/1428026922072694792
2021-08-18 16:15:12,LeewardSecurity,url,https://us06web.zoom.us/webinar/register/8516285215080/wn_kekc9e3kqbiukw8j0t5csq,#ransomware,https://twitter.com/LeewardSecurity/status/1428027712652840968
2021-08-18 16:16:19,secbird1,url,https://tivjzzglwx.duckdns.org/,#phishing,https://twitter.com/secbird1/status/1428027993973161986
2021-08-18 16:16:49,secbird1,url,https://edtuwcvvwj.duckdns.org/,#phishing,https://twitter.com/secbird1/status/1428028117797380103
2021-08-18 16:17:18,secbird1,url,https://mjizimmeos.duckdns.org/,#phishing,https://twitter.com/secbird1/status/1428028241063809029
2021-08-18 16:17:48,secbird1,url,https://zkmyjshsor.duckdns.org/,#phishing,https://twitter.com/secbird1/status/1428028364422406146
2021-08-18 16:18:12,secbird1,url,https://vbbpyndzrg.duckdns.org/,#phishing,https://twitter.com/secbird1/status/1428028465601683457
2021-08-18 16:18:35,secbird1,url,https://dunlzmjtio.duckdns.org/,#phishing,https://twitter.com/secbird1/status/1428028562313859072
2021-08-18 16:18:59,secbird1,url,https://vvudljbror.duckdns.org/,#phishing,https://twitter.com/secbird1/status/1428028664176726020
2021-08-18 16:19:12,KesaGataMe0,url,https://www.view-support.top,#phishing,https://twitter.com/KesaGataMe0/status/1428028718161694720
2021-08-18 16:19:12,KesaGataMe0,url,https://www.viewsnet-jp.club,#phishing,https://twitter.com/KesaGataMe0/status/1428028718161694720
2021-08-18 16:19:27,secbird1,url,https://arnwcmvugk.duckdns.org/,#phishing,https://twitter.com/secbird1/status/1428028781655068683
2021-08-18 16:19:50,secbird1,url,https://qseqvvmlvf.duckdns.org/,#phishing,https://twitter.com/secbird1/status/1428028879231279105
2021-08-18 16:20:13,secbird1,url,https://mnawneujpd.duckdns.org/,#phishing,https://twitter.com/secbird1/status/1428028973217312771
2021-08-18 16:20:37,secbird1,url,https://vgmcufikzc.duckdns.org/,#phishing,https://twitter.com/secbird1/status/1428029074618740737
2021-08-18 16:21:14,secbird1,url,https://smbc-card.user.com.xj918.cn,#phishing,https://twitter.com/secbird1/status/1428029230751752193
2021-08-18 16:21:14,secbird1,ip,155.94.163.217,#phishing,https://twitter.com/secbird1/status/1428029230751752193
2021-08-18 16:21:44,secbird1,url,https://smbc-card.user.com.ccxwhj.cn,#phishing,https://twitter.com/secbird1/status/1428029356568313857
2021-08-18 16:22:17,secbird1,url,https://smbc-card.com.caijinle.cn/,#phishing,https://twitter.com/secbird1/status/1428029495060045824
2021-08-18 16:23:15,secbird1,url,https://smbc-card.user.com.k10148.cn,#phishing,https://twitter.com/secbird1/status/1428029735062306818
2021-08-18 16:24:37,KesaGataMe0,url,https://www.esp-support.xyz,#phishing,https://twitter.com/KesaGataMe0/status/1428030082816176131
2021-08-18 16:29:49,malwrhunterteam,sha256,1e643bf05b3ddbdf7fdf1775cdd70e94f62e212fee90630fc0b8eccc84c3db17,,https://twitter.com/malwrhunterteam/status/1428031391728537602
2021-08-18 16:30:40,KesaGataMe0,ip,34.150.12.227,#phishing,https://twitter.com/KesaGataMe0/status/1428031603607937029
2021-08-18 16:38:52,KorbenD_Intel,ip,45.147.229.93,#CobaltStrike,https://twitter.com/KorbenD_Intel/status/1428033667088125954
2021-08-18 16:39:52,JCyberSec_,url,http://nhs-applypass.com/step1.php,#phishing,https://twitter.com/JCyberSec_/status/1428033917022613513
2021-08-18 16:46:03,malwrhunterteam,ip,106.110.238.47,,https://twitter.com/malwrhunterteam/status/1428035473902080004
2021-08-18 16:46:23,secbird1,url,https://soqrwbxqfd.duckdns.org/,#phishing,https://twitter.com/secbird1/status/1428035558824022017
2021-08-18 16:47:20,secbird1,url,https://ewscqoarwd.duckdns.org/,#phishing,https://twitter.com/secbird1/status/1428035796938809344
2021-08-18 16:50:57,ecarlesi,url,http://comkehqzq.com/myaccount-pageinformation-service.login2021/,#phishing,https://twitter.com/ecarlesi/status/1428036708508086284
2021-08-18 16:51:00,luc4m,md5,a43be7341e3d13810d20b9e64e329c83,#Ursnif,https://twitter.com/luc4m/status/1428036719614435331
2021-08-18 16:55:42,secbird1,url,https://paypay-banlk.userdate1.top/,#phishing,https://twitter.com/secbird1/status/1428037901888094215
2021-08-18 16:59:32,secbird1,url,https://water.auone.me/,#phishing,https://twitter.com/secbird1/status/1428038866624077833
2021-08-18 16:59:32,secbird1,ip,91.204.226.181,#phishing,https://twitter.com/secbird1/status/1428038866624077833
2021-08-18 17:00:52,ecarlesi,url,http://ndakitungez.com/payflow.login-informationsecure-client2021/,#phishing,https://twitter.com/ecarlesi/status/1428039201916870662
2021-08-18 17:05:41,Izum1337x,sha256,f1b8ed0a82acda7611d9f5135193544d511bf34523d2bb75b7d74f27634ed8b7,#Alienbot,https://twitter.com/Izum1337x/status/1428040415232630787
2021-08-18 17:05:41,Izum1337x,ip,34.89.151.222,#Alienbot,https://twitter.com/Izum1337x/status/1428040415232630787
2021-08-18 17:10:02,HeliosCert,ip,177.17.3.72,#malware,https://twitter.com/HeliosCert/status/1428041510495338506
2021-08-18 17:10:02,HeliosCert,sha256,4df5061df002146e496f999a3044bd06022a58ba670c229353a7a8442dab7061,#malware,https://twitter.com/HeliosCert/status/1428041510495338506
2021-08-18 17:12:25,YaChatzo,url,https://www.winbank-approve.com,#phishing,https://twitter.com/YaChatzo/status/1428042110792572934
2021-08-18 17:15:03,ecarlesi,url,https://ndakitungez.com/payflow.login-informationsecure-client2021/,#phishing,https://twitter.com/ecarlesi/status/1428042773882626052
2021-08-18 17:17:00,luc4m,md5,296686ae5812e910d79d472f6db4f00d,#Trickbot,https://twitter.com/luc4m/status/1428043262682537985
2021-08-18 17:20:02,HeliosCert,ip,122.185.116.250,#malware,https://twitter.com/HeliosCert/status/1428044028256428038
2021-08-18 17:20:02,HeliosCert,sha256,ea03f37d8d6d532d7866364057feef953a8e58499ea8a2c9cc7afb461d271b3a,#malware,https://twitter.com/HeliosCert/status/1428044028256428038
2021-08-18 17:29:31,ecarlesi,url,http://oleyoo.com/wp-content.zip,#phishing,https://twitter.com/ecarlesi/status/1428046413536051205
2021-08-18 17:30:02,HeliosCert,sha256,6f0dd8205f771a4d540ee2b58b5b8a706a5a75c113840766cf38c27a117d80ce,#malware,https://twitter.com/HeliosCert/status/1428046544373174278
2021-08-18 17:30:02,HeliosCert,ip,95.179.103.15,#malware,https://twitter.com/HeliosCert/status/1428046544373174278
2021-08-18 17:34:23,secbird1,url,https://www.yodudashi-jp.top/,#phishing,https://twitter.com/secbird1/status/1428047636758601731
2021-08-18 17:34:23,secbird1,ip,198.211.50.106,#phishing,https://twitter.com/secbird1/status/1428047636758601731
2021-08-18 17:34:51,secbird1,url,https://www.viewsnet-jp.icu/,#phishing,https://twitter.com/secbird1/status/1428047755159556100
2021-08-18 17:40:12,ResonableI,sha256,28be7d6ef3b220f5762b1ab9bf6493ac2de20dd80e2f0516ecc682ada17acac7,#malware,https://twitter.com/ResonableI/status/1428049101556310020
2021-08-18 17:42:49,YaChatzo,url,https://www.nbg.gr-identity.live/,#phishing,https://twitter.com/YaChatzo/status/1428049758690631689
2021-08-18 17:42:49,YaChatzo,url,https://www.gr-identity.live/,#phishing,https://twitter.com/YaChatzo/status/1428049758690631689
2021-08-18 17:45:02,HeliosCert,sha256,f092406fecc3388d6763187118995d7c66ee5e3dd58c02e3bd91222d079dcfd3,#malware,https://twitter.com/HeliosCert/status/1428050317103480833
2021-08-18 17:45:02,HeliosCert,ip,46.1.214.156,#malware,https://twitter.com/HeliosCert/status/1428050317103480833
2021-08-18 17:58:44,secbird1,url,https://www.auone.me/,#phishing,https://twitter.com/secbird1/status/1428053766616453127
2021-08-18 18:01:47,YaChatzo,url,https://euroretai.com/eurobank/ebanking/online/,#phishing,https://twitter.com/YaChatzo/status/1428054535457681408
2021-08-18 18:06:45,ecarlesi,url,http://febuys.com,#phishing,https://twitter.com/ecarlesi/status/1428055781908353027
2021-08-18 18:14:41,PhishStats,url,http://amazsuppercenterbill.com/,#phishing,https://twitter.com/PhishStats/status/1428057779139448834
2021-08-18 18:14:41,PhishStats,ip,192.185.28.7,#phishing,https://twitter.com/PhishStats/status/1428057779139448834
2021-08-18 18:25:02,HeliosCert,ip,93.80.27.138,#malware,https://twitter.com/HeliosCert/status/1428060384951472131
2021-08-18 18:25:02,HeliosCert,sha256,abd010c0fd201d96d04b52e74ee9f5d10fb03c8462ca371503db3df1ee381bfa,#malware,https://twitter.com/HeliosCert/status/1428060384951472131
2021-08-18 18:30:03,HeliosCert,ip,103.204.54.130,#malware,https://twitter.com/HeliosCert/status/1428061647332053000
2021-08-18 18:30:03,HeliosCert,sha256,139bf62f701613c60d5b18b5468aa32d555c147605c8a43465039f966b578cf2,#malware,https://twitter.com/HeliosCert/status/1428061647332053000
2021-08-18 18:31:39,ThreatLabsPL,sha256,f70913b3aa6e029a8db118016fe4847bd59f63ccc6beb7f597104ee5975b4cd8,#AgentTesla,https://twitter.com/ThreatLabsPL/status/1428062048311726088
2021-08-18 18:35:30,secbird1,url,https://info.dusvva.shop/,#phishing,https://twitter.com/secbird1/status/1428063017825038339
2021-08-18 18:42:37,secbird1,url,https://hmvserdaewctynyatkvagzhrefdsyncpznxkncux.weisheng3005801860.cn/,#phishing,https://twitter.com/secbird1/status/1428064807899385860
2021-08-18 18:43:19,secbird1,url,https://hmvserdaewctynyatkvagzhrefdsyncpznxkncux.sztheodoreald6.cn/,#phishing,https://twitter.com/secbird1/status/1428064987025600512
2021-08-18 18:44:57,secbird1,url,https://hmvserdaewctynyatkvagzhrefdsyncpznxkncux.taylorrichardson.cn/,#phishing,https://twitter.com/secbird1/status/1428065396305719300
2021-08-18 18:45:48,secbird1,url,https://hmvserdaewctynyatkvagzhrefdsyncpznxkncux.zhaoliye88.cn/wctx1d1dfxfdg.do.php,#phishing,https://twitter.com/secbird1/status/1428065609456099332
2021-08-18 18:46:30,secbird1,url,https://hmvserdaewctynyatkvagzhrefdsyncpznxkncux.viviandarwin.cn/,#phishing,https://twitter.com/secbird1/status/1428065787353341952
2021-08-18 18:47:15,secbird1,url,https://hmvserdaewctynyatkvagzhrefdsyncpznxkncux.taianqingtu.cn/,#phishing,https://twitter.com/secbird1/status/1428065975451095046
2021-08-18 18:47:54,ecarlesi,url,https://junichse.com/payflow-securelogin-origin-intl-service/,#phishing,https://twitter.com/ecarlesi/status/1428066139138150406
2021-08-18 18:50:25,secbird1,url,https://hmvserdaewctynyatkvagzhrefdsyncpznxkncux.quackscutter.cn/,#phishing,https://twitter.com/secbird1/status/1428066774730166273
2021-08-18 19:05:53,ecarlesi,url,https://cit1ne.com/efs.zip,#phishing,https://twitter.com/ecarlesi/status/1428070663764512782
2021-08-18 19:29:15,FewAtoms,url,http://doggyrar.mooo.com/win32/,#malware,https://twitter.com/FewAtoms/status/1428076546409996288
2021-08-18 19:41:00,NetLinksMiami,ip,107.175.35.143,#scam,https://twitter.com/NetLinksMiami/status/1428079502861770761
2021-08-18 19:43:02,NetLinksMiami,ip,91.199.42.94,#scam,https://twitter.com/NetLinksMiami/status/1428080013170126858
2021-08-18 19:45:32,KorbenD_Intel,ip,217.12.218.95,#CobaltStrike,https://twitter.com/KorbenD_Intel/status/1428080643376881670
2021-08-18 19:51:49,NetLinksMiami,ip,196.242.84.165,#scam,https://twitter.com/NetLinksMiami/status/1428082222892998656
2021-08-18 19:55:02,HeliosCert,ip,190.201.180.177,#malware,https://twitter.com/HeliosCert/status/1428083033563873281
2021-08-18 19:55:02,HeliosCert,sha256,8af0de2f7330d7e2b50df9669674d9e83a2efd7ecd277150388dead21d92d5f1,#malware,https://twitter.com/HeliosCert/status/1428083033563873281
2021-08-18 19:57:05,phishunt_io,url,https://www.bancaporinternet.lnterbank.grupodigital.bnxoperu.com/,#phishing #scam,https://twitter.com/phishunt_io/status/1428083551648485376
2021-08-18 19:57:05,phishunt_io,ip,208.113.169.215,#phishing #scam,https://twitter.com/phishunt_io/status/1428083551648485376
2021-08-18 19:58:02,malwrhunterteam,url,https://credivalores.online/,,https://twitter.com/malwrhunterteam/status/1428083790589669389
2021-08-18 19:58:02,malwrhunterteam,url,https://credivalores.online/nuevo_files/flashplayer.apk,,https://twitter.com/malwrhunterteam/status/1428083790589669389
2021-08-18 19:58:02,malwrhunterteam,sha256,5dcd348dff6c4d2931144a752410c834ee6bacb2bb3580ea64b4e2c090d542dc,,https://twitter.com/malwrhunterteam/status/1428083790589669389
2021-08-18 20:09:03,MalwarePatrol,md5,ef8acdd149a6d630d80645ff9a46eb95,#phishing,https://twitter.com/MalwarePatrol/status/1428086562085122048
2021-08-18 20:09:03,MalwarePatrol,url,http://www.jasonmaiolo.com/okay/cmd-login=ef8acdd149a6d630d80645ff9a46eb95/,#phishing,https://twitter.com/MalwarePatrol/status/1428086562085122048
2021-08-18 20:10:02,HeliosCert,ip,41.38.231.187,#malware,https://twitter.com/HeliosCert/status/1428086808655585284
2021-08-18 20:10:02,HeliosCert,sha256,df0c9e9732663e59608b2aa5b035cc036b3a04d9b28a08f44e9d466b963e7bbe,#malware,https://twitter.com/HeliosCert/status/1428086808655585284
2021-08-18 20:10:22,fr0s7_,md5,4cf8b660a79fc1b7cc4ea6422a02347d,,https://twitter.com/fr0s7_/status/1428086892134809602
2021-08-18 20:10:22,fr0s7_,md5,76eb3c63641e22df6d116a1bea88191e,,https://twitter.com/fr0s7_/status/1428086892134809602
2021-08-18 20:18:05,1337dr1s,sha256,70e70162c578cdf10df4c0772b1f4b18d6b8ac2f80fc1831166c4a1ab7e7226e,#Alienbot,https://twitter.com/1337dr1s/status/1428088833132965895
2021-08-18 20:27:42,ecarlesi,url,https://karimkbjqz.com/myaccount-pageinformation-service.login2021/,#phishing,https://twitter.com/ecarlesi/status/1428091254705897478
2021-08-18 20:47:41,secbird1,url,https://oraderibfuyoudo.kdkjjrr.top/,#phishing,https://twitter.com/secbird1/status/1428096284494204933
2021-08-18 21:02:41,secbird1,url,https://www.epoecob.com/,#phishing,https://twitter.com/secbird1/status/1428100059330015233
2021-08-18 21:03:15,ActorExpose,ip,142.250.0.0,,https://twitter.com/ActorExpose/status/1428100199721865220
2021-08-18 21:03:47,secbird1,url,https://www.epoceb.com/,#phishing,https://twitter.com/secbird1/status/1428100335533322247
2021-08-18 21:05:03,HeliosCert,ip,186.89.188.212,#malware,https://twitter.com/HeliosCert/status/1428100652627025927
2021-08-18 21:05:03,HeliosCert,sha256,35799513f5e76b3e274326b9a459bc8f7f88430ad441e7ff9ab3d0e9695bca58,#malware,https://twitter.com/HeliosCert/status/1428100652627025927
2021-08-18 21:06:37,ecarlesi,url,http://omahasocialclub.net/,#phishing,https://twitter.com/ecarlesi/status/1428101048527372294
2021-08-18 21:07:29,ActorExpose,url,https://stephensmusic.com/daum.html,,https://twitter.com/ActorExpose/status/1428101268375998469
2021-08-18 21:07:29,ActorExpose,ip,66.175.0.0,,https://twitter.com/ActorExpose/status/1428101268375998469
2021-08-18 21:10:03,HeliosCert,sha256,ad2a493477867e6750937b17185c3a958d97562dc9e59c24ef24bd00c5177fed,#malware,https://twitter.com/HeliosCert/status/1428101911157293057
2021-08-18 21:10:03,HeliosCert,ip,211.152.35.9,#malware,https://twitter.com/HeliosCert/status/1428101911157293057
2021-08-18 21:22:37,ActorExpose,url,http://www.railperf.org.uk/index.php,,https://twitter.com/ActorExpose/status/1428105074740432898
2021-08-18 21:22:37,ActorExpose,ip,91.109.240.0,,https://twitter.com/ActorExpose/status/1428105074740432898
2021-08-18 21:23:23,ActorExpose,url,http://www.beechwoods.co.uk/index/clients,,https://twitter.com/ActorExpose/status/1428105269003829248
2021-08-18 21:23:23,ActorExpose,ip,88.202.176.0,,https://twitter.com/ActorExpose/status/1428105269003829248
2021-08-18 21:25:52,ecarlesi,url,http://feelingsofwear.com/wordpress-5.8.zip,#phishing,https://twitter.com/ecarlesi/status/1428105893334425609
2021-08-18 21:45:00,secbird1,ip,14.63.174.139,#phishing,https://twitter.com/secbird1/status/1428110706272989187
2021-08-18 21:55:02,HeliosCert,sha256,13421c0fb446d3e1a70c47fbebdd66f6982e925f74bc169510a55e278554582f,#malware,https://twitter.com/HeliosCert/status/1428113231747469320
2021-08-18 21:55:02,HeliosCert,ip,49.206.59.155,#malware,https://twitter.com/HeliosCert/status/1428113231747469320
2021-08-18 22:08:56,ecarlesi,url,https://ballibanl.com/huntington%20from%20b.zip,#phishing,https://twitter.com/ecarlesi/status/1428116732875522050
2021-08-18 22:44:37,tadmaddad,ip,74.91.30.226,,https://twitter.com/tadmaddad/status/1428125712444059650
2021-08-18 22:44:37,tadmaddad,domain,carholiday.press,,https://twitter.com/tadmaddad/status/1428125712444059650
2021-08-18 22:45:15,KesaGataMe0,url,https://hhgngof.cn,#phishing,https://twitter.com/KesaGataMe0/status/1428125869952815108
2021-08-18 22:45:15,KesaGataMe0,url,https://kphjtdv.cn,#phishing,https://twitter.com/KesaGataMe0/status/1428125869952815108
2021-08-18 22:45:15,KesaGataMe0,url,https://fu1cua.cn,#phishing,https://twitter.com/KesaGataMe0/status/1428125869952815108
2021-08-18 22:50:02,HeliosCert,ip,188.168.154.41,#malware,https://twitter.com/HeliosCert/status/1428127074343133184
2021-08-18 22:50:02,HeliosCert,sha256,4d5fcd07a08ddf7aa8fb0b1712589e621508f8d49c76b8ca80a3d31c857018bc,#malware,https://twitter.com/HeliosCert/status/1428127074343133184
2021-08-18 23:04:35,KesaGataMe0,url,https://www.yodudashi-jp.top,#phishing,https://twitter.com/KesaGataMe0/status/1428130734892470275
2021-08-18 23:23:26,ecarlesi,url,https://viporaclecloudconfigdtabas.com/365-office-2021/,#phishing,https://twitter.com/ecarlesi/status/1428135478100910087
2021-08-18 23:24:52,ecarlesi,url,https://viporaclecloudconfigdtabas.com/storage.oraclecloud--7139292/365-office-2021.zip,#phishing,https://twitter.com/ecarlesi/status/1428135839851286530
2021-08-18 23:25:02,HeliosCert,ip,59.94.230.67,#malware,https://twitter.com/HeliosCert/status/1428135883908255756
2021-08-18 23:25:02,HeliosCert,sha256,26b599fe22cd6db5b1048826f8359a0f9ff377488b95c3a52c7b50ab31ddd6db,#malware,https://twitter.com/HeliosCert/status/1428135883908255756
2021-08-18 23:25:32,ecarlesi,url,https://ad0boffi.cyou/,#phishing,https://twitter.com/ecarlesi/status/1428136007896023042
2021-08-18 23:38:41,CardanoPhishing,ip,156.67.72.26,#phishing #scam,https://twitter.com/CardanoPhishing/status/1428139315721383947
2021-08-18 23:39:43,CardanoPhishing,ip,172.67.219.100,#phishing #scam,https://twitter.com/CardanoPhishing/status/1428139577064185857
2021-08-18 23:40:14,CardanoPhishing,ip,104.21.42.237,#phishing #scam,https://twitter.com/CardanoPhishing/status/1428139707939135496
2021-08-18 23:44:15,secbird1,url,https://ttmmxtmnzjdyrsrqnqsqbsmqyrxbzjrkhhxjynqd.tylertate2.cn/,#phishing,https://twitter.com/secbird1/status/1428140719999311872
2021-08-18 23:44:58,secbird1,url,https://tylertate2.cn/,#phishing,https://twitter.com/secbird1/status/1428140899419136002
2021-08-18 23:45:45,secbird1,url,https://hmvserdaewctynyatkvagzhrefdsyncpznxkncux.xinqiaobio.cn/,#phishing,https://twitter.com/secbird1/status/1428141096022908929
2021-08-18 23:46:32,secbird1,url,https://xinqiaobio.cn/,#phishing,https://twitter.com/secbird1/status/1428141292375052289
2021-08-18 23:48:04,pingineer_jp,url,https://arnaozn.cjyjg.com/,#phishing #scam,https://twitter.com/pingineer_jp/status/1428141679853199365
2021-08-18 23:54:23,pingineer_jp,url,https://hmvserdaewctynyatkvagzhrefdsyncpznxkncux.taylorrichardson.cn,#phishing #scam,https://twitter.com/pingineer_jp/status/1428143267984515073
2021-08-18 23:54:23,pingineer_jp,url,https://hmvserdaewctynyatkvagzhrefdsyncpznxkncux.viviandarwin.cn,#phishing #scam,https://twitter.com/pingineer_jp/status/1428143267984515073
2021-08-18 23:57:28,phishunt_io,ip,172.217.23.115,#phishing #scam,https://twitter.com/phishunt_io/status/1428144042945155073
2021-08-18 23:57:28,phishunt_io,url,https://www.netflixhome.ml/,#phishing #scam,https://twitter.com/phishunt_io/status/1428144042945155073
2021-08-18 23:58:33,pingineer_jp,url,https://hmvserdaewctynyatkvagzhrefdsyncpznxkncux.zhaoliye88.cn,#phishing #scam,https://twitter.com/pingineer_jp/status/1428144315159629825
