2022-01-03 00:03:15,vinopaljiri,md5,c2744845f0666e39c0e952e491fc635f,,https://twitter.com/vinopaljiri/status/1477792637910409217
2022-01-03 00:14:37,honeymoon_ioc,ip,2.58.149.206,#Log4shell,https://twitter.com/honeymoon_ioc/status/1477795499902132226
2022-01-03 00:25:02,HeliosCert,sha256,962227c1f3563501ab08267dbc46e9221493f3033e5cc852b48323790b0e776f,#malware,https://twitter.com/HeliosCert/status/1477798120201273349
2022-01-03 00:28:45,PhishStats,ip,194.163.35.73,#phishing,https://twitter.com/PhishStats/status/1477799053077499905
2022-01-03 00:28:45,PhishStats,url,http://itambana.galamaiitam.link/,#phishing,https://twitter.com/PhishStats/status/1477799053077499905
2022-01-03 00:29:22,ecarlesi,url,https://coachdebbieott.com/uploads/supplements/4837-credit_card_authorization.doc,#malware,https://twitter.com/ecarlesi/status/1477799209407496197
2022-01-03 00:43:18,harugasumi,url,https://www.netanswerplus-member.buzz/,#phishing,https://twitter.com/harugasumi/status/1477802714373705728
2022-01-03 00:49:38,harugasumi,url,https://gorgeous.qlfe.cn/fantastic,#phishing,https://twitter.com/harugasumi/status/1477804309622697984
2022-01-03 00:49:38,harugasumi,url,https://info.website-designers.net/,#phishing,https://twitter.com/harugasumi/status/1477804309622697984
2022-01-03 01:01:55,mhusnirizal,url,https://importmobile.net/,#phishing #scam,https://twitter.com/mhusnirizal/status/1477807401927467016
2022-01-03 01:01:55,mhusnirizal,ip,198.54.116.64,#phishing #scam,https://twitter.com/mhusnirizal/status/1477807401927467016
2022-01-03 01:15:23,RedBeardIOCs,sha256,b02b23a290705f3fd5f024b46b484e21aab3ab4ea867fb79b5f426246b7d4d40,#RedLine,https://twitter.com/RedBeardIOCs/status/1477810790019354624
2022-01-03 01:15:23,RedBeardIOCs,sha256,9f9db3a4b988430fcd073668807718a3153aae590028d5b66dd293d04ea879c9,#RedLine,https://twitter.com/RedBeardIOCs/status/1477810790019354624
2022-01-03 01:15:23,RedBeardIOCs,sha256,1d87f1a38c4e1542feaf07c1bc0a6dbde39867e553dd16221c0c517043c0a157,#RedLine,https://twitter.com/RedBeardIOCs/status/1477810790019354624
2022-01-03 01:15:23,RedBeardIOCs,sha256,c824900ca4b2b25db808c4ad5582b74987a30d86c0e664086e634308eef0eaf4,#RedLine,https://twitter.com/RedBeardIOCs/status/1477810790019354624
2022-01-03 01:16:30,harugasumi,url,https://www.o.mceasoi.com/,#phishing,https://twitter.com/harugasumi/status/1477811070287118340
2022-01-03 01:38:09,ecarlesi,url,http://peygiry-adl.xyz/sana.apk,#malware,https://twitter.com/ecarlesi/status/1477816517802795017
2022-01-03 01:40:19,ecarlesi,url,https://lafrance-etmagnifique.fr,#phishing,https://twitter.com/ecarlesi/status/1477817063636967433
2022-01-03 01:42:05,ecarlesi,url,http://sana-website.xyz/sana.apk,#malware,https://twitter.com/ecarlesi/status/1477817508887474177
2022-01-03 01:43:03,ecarlesi,url,https://sana-rain.xyz/%d8%b9%d8%af%d8%a7%d9%84%d8%aa%20%d9%87%d9%85%d8%b1%d8%a7%d9%87.apk,#malware,https://twitter.com/ecarlesi/status/1477817751075004417
2022-01-03 01:44:41,ecarlesi,url,https://sana-tab.xyz/%d8%b9%d8%af%d8%a7%d9%84%d8%aa%20%d9%87%d9%85%d8%b1%d8%a7%d9%87.apk,#malware,https://twitter.com/ecarlesi/status/1477818164939571202
2022-01-03 01:50:02,HeliosCert,sha256,b07557a9149ffea596d9ae7d9c3a5eb745d717478052a66c088046136c368e72,#malware,https://twitter.com/HeliosCert/status/1477819510660997121
2022-01-03 01:50:02,HeliosCert,ip,220.130.195.1,#malware,https://twitter.com/HeliosCert/status/1477819510660997121
2022-01-03 02:19:43,ecarlesi,url,http://cashdawgs-collab.land,#phishing,https://twitter.com/ecarlesi/status/1477826982545141763
2022-01-03 02:30:02,HeliosCert,sha256,a37103f952012f0fa20d47bb4b5a0f2ac8e1208394827b4db5f4ce2f519cb5e9,#malware,https://twitter.com/HeliosCert/status/1477829577393283077
2022-01-03 02:51:52,harugasumi,url,http://www.aeona.shop//,#phishing,https://twitter.com/harugasumi/status/1477835072082673666
2022-01-03 02:58:49,GootLoaderSites,url,https://homebuyingacademy.com/news.php,#GootLoader,https://twitter.com/GootLoaderSites/status/1477836819840573441
2022-01-03 03:17:53,PhishStats,ip,20.122.29.149,#phishing,https://twitter.com/PhishStats/status/1477841617461649413
2022-01-03 03:17:53,PhishStats,url,http://grup-miakhalifa-18.duckdns.org/,#phishing,https://twitter.com/PhishStats/status/1477841617461649413
2022-01-03 03:52:44,ecarlesi,url,https://we1lsafarg0.xyz/,#phishing,https://twitter.com/ecarlesi/status/1477850388598439936
2022-01-03 03:55:48,mhusnirizal,ip,198.54.115.59,#phishing #scam,https://twitter.com/mhusnirizal/status/1477851159607971842
2022-01-03 03:55:48,mhusnirizal,url,https://polkagives.com/,#phishing #scam,https://twitter.com/mhusnirizal/status/1477851159607971842
2022-01-03 03:56:40,ecarlesi,url,http://centre-netflix.support,#phishing,https://twitter.com/ecarlesi/status/1477851378508828672
2022-01-03 04:41:23,ecarlesi,url,https://eblaghir.online/dadsara.apk,#malware,https://twitter.com/ecarlesi/status/1477862632174538752
2022-01-03 04:44:13,ecarlesi,url,http://hanhou.app/,#phishing,https://twitter.com/ecarlesi/status/1477863344082243584
2022-01-03 04:45:03,HeliosCert,ip,180.249.109.229,#malware,https://twitter.com/HeliosCert/status/1477863553143029761
2022-01-03 04:45:03,HeliosCert,sha256,13f3f2c8bf514cc03325083e07aa84765b039a27e8e352b06a4cf161eec2e1f4,#malware,https://twitter.com/HeliosCert/status/1477863553143029761
2022-01-03 04:48:39,ecarlesi,url,http://trust-support.info/,#phishing,https://twitter.com/ecarlesi/status/1477864459335045120
2022-01-03 04:49:15,ecarlesi,url,http://goloisdumonde.fr,#phishing,https://twitter.com/ecarlesi/status/1477864612854968321
2022-01-03 04:53:14,ecarlesi,url,http://eblageiraniir.online/%d8%b9%d8%af%d8%a7%d9%84%d8%aa%20%d9%87%d9%85%d8%b1%d8%a7%d9%87.apk,#malware,https://twitter.com/ecarlesi/status/1477865612474998785
2022-01-03 05:02:49,ecarlesi,url,http://helpdesk-trust.info/,#phishing,https://twitter.com/ecarlesi/status/1477868023872729090
2022-01-03 05:42:57,RedBeardIOCs,sha256,561371f32670beb2d39fe51bfedbb1fda7b97ebd29e2cd04f1dfc383f1943302,#AgentTesla,https://twitter.com/RedBeardIOCs/status/1477878123974873093
2022-01-03 05:42:57,RedBeardIOCs,sha256,b29bccb769dde928c7cba9f36275abd21498b64233f56bb3839b6de2055ff31e,#AgentTesla,https://twitter.com/RedBeardIOCs/status/1477878123974873093
2022-01-03 05:42:57,RedBeardIOCs,sha256,0ad604a10f104218d1026f5b0e515cb7b4bc25d95abaac6307c37136f672e064,#AgentTesla,https://twitter.com/RedBeardIOCs/status/1477878123974873093
2022-01-03 05:42:57,RedBeardIOCs,sha256,b0154f8c609e769f317fb52ea241c620aba3f62cc7a883015a4d1b24025c31f4,#AgentTesla,https://twitter.com/RedBeardIOCs/status/1477878123974873093
2022-01-03 05:51:39,bakabanker2,ip,208.70.74.197,#phishing,https://twitter.com/bakabanker2/status/1477880315335286786
2022-01-03 05:51:39,bakabanker2,url,https://www.smbc-accout.com/login,#phishing,https://twitter.com/bakabanker2/status/1477880315335286786
2022-01-03 05:58:27,ecarlesi,url,https://hizmetinadresi.net/yen%c4%b0%20scr%c4%b0pt%2011-2020.zip,#phishing,https://twitter.com/ecarlesi/status/1477882027613556740
2022-01-03 05:59:58,ecarlesi,url,https://hizmetinadresi.net/hll_grr/,#phishing,https://twitter.com/ecarlesi/status/1477882409182015490
2022-01-03 06:10:02,HeliosCert,sha256,06a515f27f75e13a8ee18d27f05d8db077eadd826998c61547fd9ef57821e6a2,#malware,https://twitter.com/HeliosCert/status/1477884942252191746
2022-01-03 06:10:02,HeliosCert,ip,36.73.227.240,#malware,https://twitter.com/HeliosCert/status/1477884942252191746
2022-01-03 06:11:20,ecarlesi,url,http://multi-craft.top,#phishing,https://twitter.com/ecarlesi/status/1477885266648084480
2022-01-03 06:17:37,PhishStats,url,http://gumalas.velgondaads.link/,#phishing,https://twitter.com/PhishStats/status/1477886848135479296
2022-01-03 06:25:33,phishgalore,url,https://securebankofamerica.myvnc.com,#phishing,https://twitter.com/phishgalore/status/1477888845345611776
2022-01-03 06:53:55,ecarlesi,url,http://ameli-carte.live,#phishing,https://twitter.com/ecarlesi/status/1477895985053503494
2022-01-03 06:55:02,HeliosCert,ip,115.78.93.64,#malware,https://twitter.com/HeliosCert/status/1477896267430780933
2022-01-03 06:55:02,HeliosCert,sha256,e6179acea8f5a1b82d143ada41e08eb94225df8f7dba52a29082357d7c6532ab,#malware,https://twitter.com/HeliosCert/status/1477896267430780933
2022-01-03 07:10:02,HeliosCert,ip,117.251.27.27,#malware,https://twitter.com/HeliosCert/status/1477900040366698497
2022-01-03 07:10:02,HeliosCert,sha256,9348ff35903052b6874508e0fa116dacc4dca5b0a60710a6084c3ac5f01ae85f,#malware,https://twitter.com/HeliosCert/status/1477900040366698497
2022-01-03 07:40:02,HeliosCert,sha256,2a7dba35d4da238ed1402ee851330cb5e800b69e635177f3b4f2f00900852518,#malware,https://twitter.com/HeliosCert/status/1477907589207924739
2022-01-03 07:40:02,HeliosCert,ip,163.53.183.57,#malware,https://twitter.com/HeliosCert/status/1477907589207924739
2022-01-03 07:55:03,HeliosCert,sha256,97c2547aee3f7f293c81897608c649bc144e6f9cc30293e1b23afe0e9fc5ae99,#malware,https://twitter.com/HeliosCert/status/1477911368477065216
2022-01-03 07:55:03,HeliosCert,ip,103.53.113.42,#malware,https://twitter.com/HeliosCert/status/1477911368477065216
2022-01-03 07:58:09,ecarlesi,url,https://goloisdumonde.fr,#phishing,https://twitter.com/ecarlesi/status/1477912150433796111
2022-01-03 08:04:46,ecarlesi,url,https://centre-netflix.support,#phishing,https://twitter.com/ecarlesi/status/1477913813789941761
2022-01-03 08:14:10,eudyzerpa,url,http://infofedex2.temp.swtest.ru/,#phishing,https://twitter.com/eudyzerpa/status/1477916178869899265
2022-01-03 08:14:10,eudyzerpa,ip,77.222.56.111,#phishing,https://twitter.com/eudyzerpa/status/1477916178869899265
2022-01-03 08:14:11,eudyzerpa,ip,108.167.188.94,#phishing,https://twitter.com/eudyzerpa/status/1477916186994171906
2022-01-03 08:14:11,eudyzerpa,url,http://eucriomeumundo.com/,#phishing,https://twitter.com/eudyzerpa/status/1477916186994171906
2022-01-03 08:15:22,RedBeardIOCs,sha256,9b85ce554834aa93d8cfd00d75c9b674907809cbb3e0b6dccdaac5e195a6d854,#RedLine,https://twitter.com/RedBeardIOCs/status/1477916483145670658
2022-01-03 08:15:22,RedBeardIOCs,sha256,8d5ed9efa77109eb91c78908c4e8e5fa2d60b82a2c3ff11dc42aa2432a0a48da,#RedLine,https://twitter.com/RedBeardIOCs/status/1477916483145670658
2022-01-03 08:15:22,RedBeardIOCs,sha256,474bad74c1a84da457da6cfc6ff327690fd3e9a1f04221a15b0de3376f4bd7ad,#RedLine,https://twitter.com/RedBeardIOCs/status/1477916483145670658
2022-01-03 08:15:22,RedBeardIOCs,sha256,6a10aa633c79bc7e963d64b28807abe57d0b1467db1076e49cff68b86d656db0,#RedLine,https://twitter.com/RedBeardIOCs/status/1477916483145670658
2022-01-03 08:23:29,illegalFawn,url,https://www.mailsecuritys.com,#phishing,https://twitter.com/illegalFawn/status/1477918523267633153
2022-01-03 08:30:19,GootLoaderSites,url,https://hicontext.com/news.php,#GootLoader,https://twitter.com/GootLoaderSites/status/1477920245620912130
2022-01-03 08:30:20,RedBeardIOCs,sha256,0c237a7eeb1df5c1f9a31e3cbc21bb9542e0250badaaa93b7c0d59d6bdf8126a,#RedLine,https://twitter.com/RedBeardIOCs/status/1477920247420276736
2022-01-03 08:30:20,RedBeardIOCs,sha256,a8159973b5ac769fa2e1498a9b42de44e7d1dd26b67937190e116ed9c397973d,#RedLine,https://twitter.com/RedBeardIOCs/status/1477920247420276736
2022-01-03 08:30:20,RedBeardIOCs,sha256,22db4969788773614d4802747159e302361cfaa11895808cc60e0f923ca8d5dd,#RedLine,https://twitter.com/RedBeardIOCs/status/1477920247420276736
2022-01-03 08:30:20,RedBeardIOCs,sha256,72738f81be8d83dec9101decb353914b506f229b1d3202301fc99608adbe16ee,#RedLine,https://twitter.com/RedBeardIOCs/status/1477920247420276736
2022-01-03 08:35:02,HeliosCert,ip,154.179.49.0,#malware,https://twitter.com/HeliosCert/status/1477921432093011970
2022-01-03 08:35:02,HeliosCert,sha256,2f383c28b6429b54ff34ae6aea90ea064ca5d78ceb93d7ed027271960d6d9d47,#malware,https://twitter.com/HeliosCert/status/1477921432093011970
2022-01-03 08:35:03,HeliosCert,ip,188.49.119.85,#malware,https://twitter.com/HeliosCert/status/1477921434513121288
2022-01-03 08:35:03,HeliosCert,sha256,b0d7bb346b7a36e36228328c1c9dad95ef740f072a135e2a832f5003222fcab7,#malware,https://twitter.com/HeliosCert/status/1477921434513121288
2022-01-03 08:42:29,smica83,url,https://www.mexnoticias.mx/hu/,#phishing,https://twitter.com/smica83/status/1477923305445277699
2022-01-03 08:43:22,drb_ra,ip,163.181.22.1,#CobaltStrike,https://twitter.com/drb_ra/status/1477923530914336771
2022-01-03 08:43:22,drb_ra,ip,162.62.133.175,#CobaltStrike,https://twitter.com/drb_ra/status/1477923530914336771
2022-01-03 08:43:23,drb_ra,ip,79.133.177.215,#CobaltStrike,https://twitter.com/drb_ra/status/1477923534085279745
2022-01-03 08:43:23,drb_ra,ip,47.89.66.161,#CobaltStrike,https://twitter.com/drb_ra/status/1477923533011533824
2022-01-03 08:43:23,drb_ra,ip,163.181.22.208,#CobaltStrike,https://twitter.com/drb_ra/status/1477923531925213184
2022-01-03 08:43:23,drb_ra,ip,47.246.3.213,#CobaltStrike,https://twitter.com/drb_ra/status/1477923535167311872
2022-01-03 08:43:25,drb_ra,ip,149.255.35.165,#CobaltStrike,https://twitter.com/drb_ra/status/1477923539730808833
2022-01-03 08:43:26,drb_ra,ip,183.101.0.245,#CobaltStrike,https://twitter.com/drb_ra/status/1477923547251105795
2022-01-03 08:53:29,ecarlesi,url,http://samaritana.app/latest.zip,#phishing,https://twitter.com/ecarlesi/status/1477926077066579969
2022-01-03 08:55:02,HeliosCert,ip,117.214.70.141,#malware,https://twitter.com/HeliosCert/status/1477926464184061956
2022-01-03 08:55:02,HeliosCert,sha256,53fc148b044b997354e53dcc3f9ccee953322934d4405d1f7f7c33bcad9a1b82,#malware,https://twitter.com/HeliosCert/status/1477926464184061956
2022-01-03 09:00:01,dnstwist,domain,rlockchain.com,#phishing,https://twitter.com/dnstwist/status/1477927720143179777
2022-01-03 09:00:02,HeliosCert,sha256,6c3121a19a62a10d04bad0dc1204976724aba4a1f5b2c0007af8de24647e5e96,#malware,https://twitter.com/HeliosCert/status/1477927724828213254
2022-01-03 09:00:02,HeliosCert,ip,27.72.59.134,#malware,https://twitter.com/HeliosCert/status/1477927724828213254
2022-01-03 09:00:03,HeliosCert,ip,1.163.3.19,#malware,https://twitter.com/HeliosCert/status/1477927727273545730
2022-01-03 09:00:03,HeliosCert,sha256,b4fb834188d9bad7bcfda611186e948dcaf12a5d69e8020b30f0d504c0c76279,#malware,https://twitter.com/HeliosCert/status/1477927727273545730
2022-01-03 09:00:07,ecarlesi,url,https://vivnemx.com,#phishing,https://twitter.com/ecarlesi/status/1477927745376161795
2022-01-03 09:10:25,yvesago,url,https://cognac.proscot-eau.fr/colissimo-poste21340471047/rappel/,#phishing,https://twitter.com/yvesago/status/1477930337976135680
2022-01-03 09:16:02,kubotaa3,url,https://www.mercarir.gvxmjap.cn/,#phishing,https://twitter.com/kubotaa3/status/1477931751020589060
2022-01-03 09:16:02,kubotaa3,ip,155.94.235.132,#phishing,https://twitter.com/kubotaa3/status/1477931751020589060
2022-01-03 09:18:42,PhishStats,ip,208.67.17.94,#phishing,https://twitter.com/PhishStats/status/1477932420498341888
2022-01-03 09:18:42,PhishStats,url,http://smartrecovery.ws/,#phishing,https://twitter.com/PhishStats/status/1477932420498341888
2022-01-03 09:40:02,HeliosCert,sha256,d79e2d6a08672af9a3c16235086a589424e0c41320150d96d4fc46f8ca121bd1,#malware,https://twitter.com/HeliosCert/status/1477937790008631297
2022-01-03 09:40:02,HeliosCert,ip,95.26.13.181,#malware,https://twitter.com/HeliosCert/status/1477937790008631297
2022-01-03 09:46:13,KesaGataMe0,ip,23.94.255.253,#phishing,https://twitter.com/KesaGataMe0/status/1477939344002678785
2022-01-03 09:46:13,KesaGataMe0,url,https://etc.oxqk.cn,#phishing,https://twitter.com/KesaGataMe0/status/1477939344002678785
2022-01-03 09:48:33,KesaGataMe0,url,https://www.myjcb.6ay9c3.cn,#phishing,https://twitter.com/KesaGataMe0/status/1477939932190904323
2022-01-03 09:48:33,KesaGataMe0,url,https://www.myjcb.paipfg.cn,#phishing,https://twitter.com/KesaGataMe0/status/1477939932190904323
2022-01-03 09:48:33,KesaGataMe0,ip,23.225.180.136,#phishing,https://twitter.com/KesaGataMe0/status/1477939932190904323
2022-01-03 09:50:26,KesaGataMe0,url,https://www.saison.card.fyyxa.com/,#phishing,https://twitter.com/KesaGataMe0/status/1477940405690068992
2022-01-03 09:50:26,KesaGataMe0,ip,192.210.175.60,#phishing,https://twitter.com/KesaGataMe0/status/1477940405690068992
2022-01-03 09:51:02,KesaGataMe0,url,https://www.my.ts3.fwggs.com/,#phishing,https://twitter.com/KesaGataMe0/status/1477940558572421128
2022-01-03 09:55:19,KesaGataMe0,ip,173.254.202.143,#phishing,https://twitter.com/KesaGataMe0/status/1477941635057348609
2022-01-03 09:55:19,KesaGataMe0,url,https://www.netanswerplus-login.xyz,#phishing,https://twitter.com/KesaGataMe0/status/1477941635057348609
2022-01-03 10:01:28,KesaGataMe0,ip,192.185.175.202,#phishing,https://twitter.com/KesaGataMe0/status/1477943183695052802
2022-01-03 10:01:28,KesaGataMe0,url,https://archlinebc.co.zm/aakl-ppalala/,#phishing,https://twitter.com/KesaGataMe0/status/1477943183695052802
2022-01-03 10:04:21,KesaGataMe0,url,https://mericarir.mikinova.com,#phishing,https://twitter.com/KesaGataMe0/status/1477943909494198274
2022-01-03 10:04:21,KesaGataMe0,url,https://mericarir.myxhsale.com,#phishing,https://twitter.com/KesaGataMe0/status/1477943909494198274
2022-01-03 10:04:21,KesaGataMe0,url,https://mericarir.misicoco.com,#phishing,https://twitter.com/KesaGataMe0/status/1477943909494198274
2022-01-03 10:04:21,KesaGataMe0,url,https://mericarir.moyinhao.com,#phishing,https://twitter.com/KesaGataMe0/status/1477943909494198274
2022-01-03 10:04:21,KesaGataMe0,url,https://mericarir.mgtusale.com,#phishing,https://twitter.com/KesaGataMe0/status/1477943909494198274
2022-01-03 10:04:21,KesaGataMe0,url,https://mericarir.mrpesale.com,#phishing,https://twitter.com/KesaGataMe0/status/1477943909494198274
2022-01-03 10:04:21,KesaGataMe0,ip,192.161.179.242,#phishing,https://twitter.com/KesaGataMe0/status/1477943909494198274
2022-01-03 10:04:21,KesaGataMe0,url,https://mericarir.mgspeak.com,#phishing,https://twitter.com/KesaGataMe0/status/1477943909494198274
2022-01-03 10:08:07,KesaGataMe0,url,https://www.myjcb.fwpgsxq.cn,#phishing,https://twitter.com/KesaGataMe0/status/1477944856119222278
2022-01-03 10:08:07,KesaGataMe0,ip,107.174.240.163,#phishing,https://twitter.com/KesaGataMe0/status/1477944856119222278
2022-01-03 10:08:07,KesaGataMe0,url,https://www.myjcb.glqfalv.cn,#phishing,https://twitter.com/KesaGataMe0/status/1477944856119222278
2022-01-03 10:09:03,MalwarePatrol,url,http://html-5.me/,#phishing,https://twitter.com/MalwarePatrol/status/1477945090517647362
2022-01-03 10:10:02,HeliosCert,sha256,154c56bb51ad5c9f3e5deb0adaf0cd502bd37abe06fa2a33a2d08a50293c4c19,#malware,https://twitter.com/HeliosCert/status/1477945340351455235
2022-01-03 10:10:02,HeliosCert,ip,103.70.205.83,#malware,https://twitter.com/HeliosCert/status/1477945340351455235
2022-01-03 10:20:28,KesaGataMe0,url,https://ntt.docomo.cotqnaa.cn,#phishing,https://twitter.com/KesaGataMe0/status/1477947966917050368
2022-01-03 10:23:54,malwrhunterteam,sha256,54d3fbeab5f3d35d321b3fbbd32ee9bcaaf91dc779e8670173bd92f5b8928c42,,https://twitter.com/malwrhunterteam/status/1477948829043408896
2022-01-03 10:23:58,drb_ra,ip,116.206.92.26,#CobaltStrike,https://twitter.com/drb_ra/status/1477948846827311107
2022-01-03 10:23:58,Certego_Intel,domain,eblaghir.site,#malware,https://twitter.com/Certego_Intel/status/1477948844608524289
2022-01-03 10:24:10,drb_ra,ip,47.98.110.121,#CobaltStrike,https://twitter.com/drb_ra/status/1477948894940172290
2022-01-03 10:24:31,drb_ra,ip,110.42.204.253,#CobaltStrike,https://twitter.com/drb_ra/status/1477948984899551235
2022-01-03 10:24:31,drb_ra,ip,1.116.96.150,#CobaltStrike,https://twitter.com/drb_ra/status/1477948984899551235
2022-01-03 10:24:39,drb_ra,ip,81.69.202.34,#CobaltStrike,https://twitter.com/drb_ra/status/1477949016637947905
2022-01-03 10:24:40,drb_ra,ip,141.95.160.22,#CobaltStrike,https://twitter.com/drb_ra/status/1477949020685357056
2022-01-03 10:24:57,drb_ra,ip,212.86.114.58,#CobaltStrike,https://twitter.com/drb_ra/status/1477949093779582980
2022-01-03 10:31:03,ozuma5119,ip,107.174.240.163,#phishing,https://twitter.com/ozuma5119/status/1477950629515776003
2022-01-03 10:31:03,ozuma5119,url,https://ntt.docomo.cotqnaa.cn/,#phishing,https://twitter.com/ozuma5119/status/1477950629515776003
2022-01-03 10:40:02,HeliosCert,sha256,9ce656f2fdeef73ccf15b8589b150d2a5e3d22b03c1947d7e2f65e69e4909488,#malware,https://twitter.com/HeliosCert/status/1477952890086076419
2022-01-03 10:40:02,HeliosCert,ip,125.164.251.214,#malware,https://twitter.com/HeliosCert/status/1477952890086076419
2022-01-03 10:48:15,500mk500,domain,hayretmustafanaltunay.net,#malware,https://twitter.com/500mk500/status/1477954956946780162
2022-01-03 10:48:15,500mk500,domain,aytekdomezgarises.net,#malware,https://twitter.com/500mk500/status/1477954956946780162
2022-01-03 10:48:15,500mk500,domain,faydergayremezdayener.net,#malware,https://twitter.com/500mk500/status/1477954956946780162
2022-01-03 10:48:15,500mk500,domain,salsodomenezgabriel.net,#malware,https://twitter.com/500mk500/status/1477954956946780162
2022-01-03 10:48:15,500mk500,domain,mustafaelaltunay.net,#malware,https://twitter.com/500mk500/status/1477954956946780162
2022-01-03 10:48:15,500mk500,domain,tutkulamesnesderses.net,#malware,https://twitter.com/500mk500/status/1477954956946780162
2022-01-03 10:48:15,500mk500,domain,fadeyonesdemes.net,#malware,https://twitter.com/500mk500/status/1477954956946780162
2022-01-03 10:50:02,HeliosCert,sha256,61d8d160a936ba0b9f4ed306398af074f156d12e83deaa40971c0d6a91f03d6e,#malware,https://twitter.com/HeliosCert/status/1477955406098055170
2022-01-03 10:50:02,HeliosCert,ip,103.245.198.100,#malware,https://twitter.com/HeliosCert/status/1477955406098055170
2022-01-03 10:52:00,malwrhunterteam,url,https://coinbase-order29845.serveblog.net/,,https://twitter.com/malwrhunterteam/status/1477955899658407936
2022-01-03 11:01:34,kubotaa3,ip,128.1.48.121,#phishing,https://twitter.com/kubotaa3/status/1477958306849501186
2022-01-03 11:04:18,JAMESWT_MHT,domain,hipnoguard.com,#IcedID,https://twitter.com/JAMESWT_MHT/status/1477958994408919052
2022-01-03 11:04:18,JAMESWT_MHT,domain,carpricegoods.com,#IcedID,https://twitter.com/JAMESWT_MHT/status/1477958994408919052
2022-01-03 11:25:55,ecarlesi,url,http://1pautomobile.com,#phishing,https://twitter.com/ecarlesi/status/1477964438208598018
2022-01-03 11:30:58,ecarlesi,url,http://coinbasesecured.com,#phishing,https://twitter.com/ecarlesi/status/1477965707153489921
2022-01-03 11:33:40,migueljmnez,ip,54.39.129.160,#phishing,https://twitter.com/migueljmnez/status/1477966386899079169
2022-01-03 11:33:40,migueljmnez,url,https://www.improa.com.mx,#phishing,https://twitter.com/migueljmnez/status/1477966386899079169
2022-01-03 11:33:46,ecarlesi,url,http://areva-eg.com,#phishing,https://twitter.com/ecarlesi/status/1477966413469917185
2022-01-03 11:34:02,ecarlesi,url,https://craftingcreation.com/apps/,#phishing,https://twitter.com/ecarlesi/status/1477966480469856261
2022-01-03 11:36:03,ecarlesi,url,https://craftingcreation.com/apps1/,#phishing,https://twitter.com/ecarlesi/status/1477966988207181825
2022-01-03 11:36:19,ecarlesi,url,http://designingandprint.com/businessna0.zip,#phishing,https://twitter.com/ecarlesi/status/1477967054183485440
2022-01-03 11:36:27,ecarlesi,url,https://edevletaidatlar2022.com/,#phishing,https://twitter.com/ecarlesi/status/1477967088300007426
2022-01-03 11:36:35,ecarlesi,url,http://designingandprint.com/kandora_latest.zip,#phishing,https://twitter.com/ecarlesi/status/1477967119014936576
2022-01-03 11:37:44,ecarlesi,url,http://arevaegypt.com,#phishing,https://twitter.com/ecarlesi/status/1477967411525472257
2022-01-03 11:37:52,ecarlesi,url,https://craftingcreation.com/apps2/,#phishing,https://twitter.com/ecarlesi/status/1477967441514926080
2022-01-03 11:39:52,ecarlesi,url,http://fr-ntflxapplication-srv.com,#phishing,https://twitter.com/ecarlesi/status/1477967947683577860
2022-01-03 11:40:05,ecarlesi,url,https://connexionsuspecte.com,#phishing,https://twitter.com/ecarlesi/status/1477968002687676416
2022-01-03 11:40:32,ecarlesi,url,https://craftingcreation.com/apps3/,#phishing,https://twitter.com/ecarlesi/status/1477968114981785603
2022-01-03 11:42:13,ecarlesi,url,https://icometaprime.com,#phishing,https://twitter.com/ecarlesi/status/1477968537381711874
2022-01-03 11:42:22,ecarlesi,url,https://craftingcreation.com/apps4/,#phishing,https://twitter.com/ecarlesi/status/1477968574778126339
2022-01-03 11:44:47,ecarlesi,url,https://glare-egy.com,#phishing,https://twitter.com/ecarlesi/status/1477969185795756032
2022-01-03 11:49:09,ecarlesi,url,https://livecontactservers.com/,#phishing,https://twitter.com/ecarlesi/status/1477970281880821762
2022-01-03 11:50:02,HeliosCert,sha256,fded75790b19e4ca05d28137ff3fd38105df76cb7c50adaac2d512d78ed75f12,#malware,https://twitter.com/HeliosCert/status/1477970504195706880
2022-01-03 11:50:36,ecarlesi,url,https://myparcel-trackuk.com/,#phishing,https://twitter.com/ecarlesi/status/1477970648769216512
2022-01-03 11:51:23,ecarlesi,url,http://cqaidsw.com,#phishing,https://twitter.com/ecarlesi/status/1477970844647411717
2022-01-03 11:51:45,ecarlesi,url,http://mypo-delivery.com/,#phishing,https://twitter.com/ecarlesi/status/1477970938113269762
2022-01-03 11:51:55,ecarlesi,url,https://pasangindingins.com,#phishing,https://twitter.com/ecarlesi/status/1477970980551237632
2022-01-03 11:53:18,ecarlesi,url,https://online-citizens-bank-login.com,#phishing,https://twitter.com/ecarlesi/status/1477971325419405312
2022-01-03 11:56:47,ecarlesi,url,http://postoffice-packageservice.com/,#phishing,https://twitter.com/ecarlesi/status/1477972203522215939
2022-01-03 11:57:41,ecarlesi,url,https://secure03b-chase-secure-recover-panel.com,#phishing,https://twitter.com/ecarlesi/status/1477972431214100483
2022-01-03 11:57:59,ecarlesi,url,http://santanderonlinesecurity.com/,#phishing,https://twitter.com/ecarlesi/status/1477972506313121794
2022-01-03 11:58:08,ecarlesi,url,http://santanderonlinesecurity.com/login.php,#phishing,https://twitter.com/ecarlesi/status/1477972541822091264
2022-01-03 11:59:03,ecarlesi,url,https://maskweb.pro,#phishing,https://twitter.com/ecarlesi/status/1477972773549060103
2022-01-03 11:59:12,ecarlesi,url,https://review-usaa.com,#phishing,https://twitter.com/ecarlesi/status/1477972810219900929
2022-01-03 12:00:32,ecarlesi,url,http://shiftingdrifters.com/,#phishing,https://twitter.com/ecarlesi/status/1477973149018988546
2022-01-03 12:01:43,ecarlesi,url,https://parcel-infotrack.com/,#phishing,https://twitter.com/ecarlesi/status/1477973447103844357
2022-01-03 12:02:14,ecarlesi,url,https://securelscfr.com,#phishing,https://twitter.com/ecarlesi/status/1477973575235780609
2022-01-03 12:02:43,ecarlesi,url,https://secureistafr.com,#phishing,https://twitter.com/ecarlesi/status/1477973695830405123
2022-01-03 12:04:31,ecarlesi,url,https://www.rblsin.com/acc/,#phishing,https://twitter.com/ecarlesi/status/1477974151960809475
2022-01-03 12:04:36,ecarlesi,url,https://rblsin.com/,#phishing,https://twitter.com/ecarlesi/status/1477974171946786825
2022-01-03 12:06:09,ecarlesi,url,https://verified-capitalone-online.com,#phishing,https://twitter.com/ecarlesi/status/1477974561425698816
2022-01-03 12:07:26,malwrhunterteam,url,https://adcb-kyc-update.netlify.app/,,https://twitter.com/malwrhunterteam/status/1477974884588433408
2022-01-03 12:12:36,ecarlesi,url,https://uk-tax-refund783.com/gov/,#phishing,https://twitter.com/ecarlesi/status/1477976185309065218
2022-01-03 12:14:12,ecarlesi,url,https://web-portalhelp.com/,#phishing,https://twitter.com/ecarlesi/status/1477976587022778375
2022-01-03 12:14:16,malwrhunterteam,url,https://mihuellaenelplaneta.co/,,https://twitter.com/malwrhunterteam/status/1477976602587930626
2022-01-03 12:15:45,ecarlesi,url,http://wyhlwt.com/,#phishing,https://twitter.com/ecarlesi/status/1477976979244785671
2022-01-03 12:16:53,ecarlesi,url,https://web-portalhelp.com/login.php,#phishing,https://twitter.com/ecarlesi/status/1477977261936721920
2022-01-03 12:17:07,ecarlesi,url,http://www.wyhlwt.com/,#phishing,https://twitter.com/ecarlesi/status/1477977319629365253
2022-01-03 12:19:25,ecarlesi,url,https://deactivate-pairing.com/,#phishing,https://twitter.com/ecarlesi/status/1477977898833297410
2022-01-03 12:20:28,ecarlesi,url,https://wells-online.com,#phishing,https://twitter.com/ecarlesi/status/1477978164303437828
2022-01-03 12:22:14,ecarlesi,url,https://deactivate-pairing.com/login.php,#phishing,https://twitter.com/ecarlesi/status/1477978609377812487
2022-01-03 12:22:40,GootLoaderSites,url,https://human-to-dust.de/news.php,#GootLoader,https://twitter.com/GootLoaderSites/status/1477978717745995785
2022-01-03 12:28:01,ecarlesi,url,https://arevainvestmentgroup.com,#phishing,https://twitter.com/ecarlesi/status/1477980063811268609
2022-01-03 12:29:28,PhishStats,url,http://montrealidiomas.com.br/,#phishing,https://twitter.com/PhishStats/status/1477980429370236930
2022-01-03 12:29:28,PhishStats,ip,23.239.118.146,#phishing,https://twitter.com/PhishStats/status/1477980429370236930
2022-01-03 12:31:22,ecarlesi,url,https://zollic.com/newstoreupgrade_1980b2ec1c07c4fa5498_20211220065200_archive.zip,#phishing,https://twitter.com/ecarlesi/status/1477980906333868035
2022-01-03 12:36:08,ecarlesi,url,http://td-web-0728345.com/td%20telegram.zip,#phishing,https://twitter.com/ecarlesi/status/1477982108089991174
2022-01-03 12:37:47,dubstard,url,https://databaseactivation.org,#phishing,https://twitter.com/dubstard/status/1477982520721518597
2022-01-03 12:37:47,dubstard,ip,198.54.126.114,#phishing,https://twitter.com/dubstard/status/1477982520721518597
2022-01-03 12:42:54,RedBeardIOCs,sha256,e7e96e3fcdf2d9539c750c66f509c8d9d8d9a68e0fa2d944464b4095df875fda,#Formbook,https://twitter.com/RedBeardIOCs/status/1477983807903092736
2022-01-03 12:42:54,RedBeardIOCs,sha256,33dd1be2efb1cb9cfaf01bdec2e362aca98d4d4f1f00d540fe0fe2b5a6d875d9,#Formbook,https://twitter.com/RedBeardIOCs/status/1477983807903092736
2022-01-03 12:42:54,RedBeardIOCs,sha256,fbfc9fa499af65c95ad6cdc5f2176d46ca7eddb6c553e383a65bb572cf00f0ab,#Formbook,https://twitter.com/RedBeardIOCs/status/1477983807903092736
2022-01-03 12:42:54,RedBeardIOCs,sha256,d3c3519e30e5c8d6485b91f7bd63529ef294c63b5da4f7d059fb4c22cd5c9d4d,#Formbook,https://twitter.com/RedBeardIOCs/status/1477983807903092736
2022-01-03 12:45:19,RedBeardIOCs,sha256,b5be3d4d448de23c66143bba58f00e3bb3384854f772d67f006665c520b6020c,#Lokibot,https://twitter.com/RedBeardIOCs/status/1477984416681107458
2022-01-03 12:45:19,RedBeardIOCs,sha256,b81b502e281bc0b2350909e4d3bc2f0695ca1113d44785780225c2d4e0244ff8,#Lokibot,https://twitter.com/RedBeardIOCs/status/1477984416681107458
2022-01-03 12:45:19,RedBeardIOCs,sha256,c00acdb96f514d116753a05bc91fd543f0d20cf48895b206ebaa87981e638725,#Lokibot,https://twitter.com/RedBeardIOCs/status/1477984416681107458
2022-01-03 12:45:19,RedBeardIOCs,sha256,9ef9b5b300f811052a2e8509085729ba236eb6df5fd719ee66b64a464b724fbb,#Lokibot,https://twitter.com/RedBeardIOCs/status/1477984416681107458
2022-01-03 12:52:30,dubstard,ip,104.219.248.96,#phishing,https://twitter.com/dubstard/status/1477986224304439297
2022-01-03 12:52:30,dubstard,url,https://dapp-validators.live,#phishing,https://twitter.com/dubstard/status/1477986224304439297
2022-01-03 12:58:23,dubstard,url,https://integrationprotocol.info,#phishing,https://twitter.com/dubstard/status/1477987707146182664
2022-01-03 12:58:23,dubstard,ip,104.219.248.102,#phishing,https://twitter.com/dubstard/status/1477987707146182664
2022-01-03 12:58:56,IntezerLabs,md5,8d1ce6280d2f66ff3e4fe1644bf24247,,https://twitter.com/IntezerLabs/status/1477987843939213312
2022-01-03 13:04:53,dubstard,ip,198.54.126.119,#phishing,https://twitter.com/dubstard/status/1477989341112721409
2022-01-03 13:04:53,dubstard,url,https://generateauth.online,#phishing,https://twitter.com/dubstard/status/1477989341112721409
2022-01-03 13:16:12,ecarlesi,url,https://cincinnatiqqoh.xyz/sharepoint/,#phishing,https://twitter.com/ecarlesi/status/1477992188822921220
2022-01-03 13:22:57,RedBeardIOCs,sha256,e11978585a001159047fba3b5ed8901385c0854f26db38dba4aa921d63bd09e5,#AgentTesla,https://twitter.com/RedBeardIOCs/status/1477993890305163268
2022-01-03 13:22:57,RedBeardIOCs,sha256,bdb71fc41ca74046e3e879483b603b8ad2dcbc8d7bbf6bc9f079772e47f99131,#AgentTesla,https://twitter.com/RedBeardIOCs/status/1477993890305163268
2022-01-03 13:22:57,RedBeardIOCs,sha256,d30730b8dd5876b3b6125e861c48bcd3f563c1db8d8e7da98786aa3f6e3d40e3,#AgentTesla,https://twitter.com/RedBeardIOCs/status/1477993890305163268
2022-01-03 13:22:57,RedBeardIOCs,sha256,76689590f9e541009d33ec8a34f1aedf7587ca4a8e942bee8e3692bccb8904a6,#AgentTesla,https://twitter.com/RedBeardIOCs/status/1477993890305163268
2022-01-03 13:27:40,ecarlesi,url,https://decipherica.com/,#phishing,https://twitter.com/ecarlesi/status/1477995074952777729
2022-01-03 13:32:11,ecarlesi,url,https://parcelassist-depot.com/,#phishing,https://twitter.com/ecarlesi/status/1477996210862510084
2022-01-03 13:32:38,malwrhunterteam,url,https://eseured-uptated.serveftp.com/,,https://twitter.com/malwrhunterteam/status/1477996324121460739
2022-01-03 13:50:02,HeliosCert,ip,43.250.158.148,#malware,https://twitter.com/HeliosCert/status/1478000704170168322
2022-01-03 13:50:02,HeliosCert,sha256,3e5a307015fe66380fd95279f4b68130816564281a742e82c0b527ed09bf4317,#malware,https://twitter.com/HeliosCert/status/1478000704170168322
2022-01-03 13:55:02,HeliosCert,sha256,468ffb51bd57943dec05696a1db74f4b49666c7a57fb78ef70699338e0220884,#malware,https://twitter.com/HeliosCert/status/1478001963287691265
2022-01-03 13:55:02,HeliosCert,ip,109.165.13.81,#malware,https://twitter.com/HeliosCert/status/1478001963287691265
2022-01-03 13:55:41,ecarlesi,url,http://busylittlebuttons.com,#phishing,https://twitter.com/ecarlesi/status/1478002125116379137
2022-01-03 14:00:02,HeliosCert,ip,103.92.43.214,#malware,https://twitter.com/HeliosCert/status/1478003220895125505
2022-01-03 14:00:02,HeliosCert,sha256,72a0be8dd079e30f7ff7adf7aa5885a5df11a637ae04549baca73f79d6f3f175,#malware,https://twitter.com/HeliosCert/status/1478003220895125505
2022-01-03 14:00:03,HeliosCert,sha256,ca33eb91d3a1a9d13fe55f752fbdf56070fd1eaa8d4003790ec9cf1c1f0d10e7,#malware,https://twitter.com/HeliosCert/status/1478003223495843843
2022-01-03 14:00:03,HeliosCert,ip,197.210.79.182,#malware,https://twitter.com/HeliosCert/status/1478003223495843843
2022-01-03 14:00:22,RedBeardIOCs,sha256,4da68a9a5189377cf9a5c8d8cfccc756a9b77144f9d7acb37f624204134f024b,#RedLine,https://twitter.com/RedBeardIOCs/status/1478003306358267905
2022-01-03 14:00:22,RedBeardIOCs,sha256,c610b719fd263f51b017aae5095c75df54b4ce0721b4359e2e20fea42fe4d741,#RedLine,https://twitter.com/RedBeardIOCs/status/1478003306358267905
2022-01-03 14:00:22,RedBeardIOCs,sha256,4f80f6a6c6b398c7757cb04b0bbccd504a214957c641f389dbcf3073629b5a71,#RedLine,https://twitter.com/RedBeardIOCs/status/1478003306358267905
2022-01-03 14:00:22,RedBeardIOCs,sha256,dc514ad8447f86b8a14ca57d66e5737a9ab38fa76f01121204c43548b2207bac,#RedLine,https://twitter.com/RedBeardIOCs/status/1478003306358267905
2022-01-03 14:07:54,Yeti_Sec,sha256,5b802188d3616e5b5578d6ca2ef1718aab50911ac83eb2065b5f74e715271dc4,#malware #ransomware #Qakbot,https://twitter.com/Yeti_Sec/status/1478005201047072776
2022-01-03 14:29:11,malwrhunterteam,url,https://elated-kowalevski.34-92-150-246.plesk.page/home/,,https://twitter.com/malwrhunterteam/status/1478010558234476546
2022-01-03 14:30:08,pr3wtd,md5,d086e98cc813dc57c3b2b9a299ae2928,#malware #FluBot,https://twitter.com/pr3wtd/status/1478010795011235841
2022-01-03 14:30:08,pr3wtd,md5,06371fc75740162de9e6275102012e6c,#malware #FluBot,https://twitter.com/pr3wtd/status/1478010795011235841
2022-01-03 14:35:50,malwrhunterteam,sha256,e0fddbedcc4f0c1f991ed61116ca403e4a422949051c1a50a6b1cbc0d5c2bb7d,,https://twitter.com/malwrhunterteam/status/1478012231354929156
2022-01-03 14:43:30,drb_ra,ip,149.28.19.187,#CobaltStrike,https://twitter.com/drb_ra/status/1478014160923418626
2022-01-03 14:48:00,malwrhunterteam,url,https://qekeuddfyisgre-asdjeyrgejygskehtgtfg.duckdns.org/,,https://twitter.com/malwrhunterteam/status/1478015291074433025
2022-01-03 14:55:10,ecarlesi,url,https://dougkaze.com,#phishing,https://twitter.com/ecarlesi/status/1478017093702356997
2022-01-03 14:59:27,malwrhunterteam,url,https://rumbling-prickly-mochi.glitch.me/,,https://twitter.com/malwrhunterteam/status/1478018175480602629
2022-01-03 15:00:02,dnstwist,domain,dhlssl.com,#phishing,https://twitter.com/dnstwist/status/1478018319517163520
2022-01-03 15:09:03,MalwarePatrol,url,http://paws.org.au/store/admin/view/javascript/fckeditor/editor/plugins/valid.free.fr/adsl/login.php,#phishing,https://twitter.com/MalwarePatrol/status/1478020589197664268
2022-01-03 15:09:25,ecarlesi,url,https://compte-clients.com,#phishing,https://twitter.com/ecarlesi/status/1478020682772529154
2022-01-03 15:14:55,malwrhunterteam,sha256,d2ab8667d2c594bea2e58f6e76cd9634c8de214e36d24ec366c7591177df9dd3,,https://twitter.com/malwrhunterteam/status/1478022067924750336
2022-01-03 15:15:45,ecarlesi,url,https://hiruzal.com,#phishing,https://twitter.com/ecarlesi/status/1478022273659457538
2022-01-03 15:16:57,dubstard,ip,199.188.200.93,#phishing,https://twitter.com/dubstard/status/1478022575661981707
2022-01-03 15:16:57,dubstard,url,https://defiauthenticator.com,#phishing,https://twitter.com/dubstard/status/1478022575661981707
2022-01-03 15:18:32,PhishStats,url,http://www.cabsiler.com/,#phishing,https://twitter.com/PhishStats/status/1478022977744687105
2022-01-03 15:18:32,PhishStats,ip,162.241.27.24,#phishing,https://twitter.com/PhishStats/status/1478022977744687105
2022-01-03 15:19:34,ecarlesi,url,http://parcelinfotrack.com/,#phishing,https://twitter.com/ecarlesi/status/1478023238131331077
2022-01-03 15:19:39,ecarlesi,url,http://online-security-verification.com/,#phishing,https://twitter.com/ecarlesi/status/1478023257492271108
2022-01-03 15:19:46,ecarlesi,url,http://online-security-verification.com/login.php,#phishing,https://twitter.com/ecarlesi/status/1478023287506616321
2022-01-03 15:22:45,ecarlesi,url,http://net-fchecks.com,#phishing,https://twitter.com/ecarlesi/status/1478024037846511617
2022-01-03 15:25:46,ecarlesi,url,http://secureusvfr.com,#phishing,https://twitter.com/ecarlesi/status/1478024798173380608
2022-01-03 15:26:21,ecarlesi,url,https://securelsifr.com,#phishing,https://twitter.com/ecarlesi/status/1478024943745081347
2022-01-03 15:30:02,HeliosCert,sha256,79c036844d39a4c321afbf63f336eae59b9fd2214882fa48fd85daef37ef66cf,#malware,https://twitter.com/HeliosCert/status/1478025869595746309
2022-01-03 15:30:02,HeliosCert,ip,177.75.143.97,#malware,https://twitter.com/HeliosCert/status/1478025869595746309
2022-01-03 15:30:20,RedBeardIOCs,sha256,8fc4db3138e9d5d07b70d229373271eba708d5057cba962129eae05a217b9104,#RedLine,https://twitter.com/RedBeardIOCs/status/1478025945227345927
2022-01-03 15:30:20,RedBeardIOCs,sha256,0bc78b7c85f56566d4a7d5698935a3b4147648588cda45ee1b320fc2489f4c4d,#RedLine,https://twitter.com/RedBeardIOCs/status/1478025945227345927
2022-01-03 15:30:20,RedBeardIOCs,sha256,6da198512831ea302b4c7046e80460a1387a2124af241f79037f66d62faaaf65,#RedLine,https://twitter.com/RedBeardIOCs/status/1478025945227345927
2022-01-03 15:30:20,RedBeardIOCs,sha256,bf49dd8a03a975c1509ead7415e935baff9085a649439ec2f3d316e1fc0dbb3d,#RedLine,https://twitter.com/RedBeardIOCs/status/1478025945227345927
2022-01-03 15:35:05,dubstard,url,https://americanexpresscomconfirmcard.myaccountaccess.biz,,https://twitter.com/dubstard/status/1478027142399238147
2022-01-03 15:35:05,dubstard,url,https://americanexpressconfirmcard.us,,https://twitter.com/dubstard/status/1478027142399238147
2022-01-03 15:35:05,dubstard,url,https://americanexpresscomconfirmcard.online,,https://twitter.com/dubstard/status/1478027142399238147
2022-01-03 15:35:05,dubstard,url,https://americanexpressconfirmcard.myaccountaccess.biz,,https://twitter.com/dubstard/status/1478027142399238147
2022-01-03 15:38:58,drb_ra,ip,42.51.55.214,#CobaltStrike,https://twitter.com/drb_ra/status/1478028119365857288
2022-01-03 15:40:02,HeliosCert,ip,58.186.65.122,#malware,https://twitter.com/HeliosCert/status/1478028385708302337
2022-01-03 15:40:02,HeliosCert,sha256,76069759a49d18a3e88181761c36db012af420768f9c109bb819411c8516d4ce,#malware,https://twitter.com/HeliosCert/status/1478028385708302337
2022-01-03 15:45:22,ecarlesi,url,https://coolcxy.com,#phishing,https://twitter.com/ecarlesi/status/1478029728091185159
2022-01-03 15:49:39,ecarlesi,url,http://10vexh.top,#phishing,https://twitter.com/ecarlesi/status/1478030806685728769
2022-01-03 15:56:23,ecarlesi,url,https://geekcxy.com,#phishing,https://twitter.com/ecarlesi/status/1478032499695439876
2022-01-03 16:05:40,CardanoPhishing,ip,185.178.208.144,#phishing #scam,https://twitter.com/CardanoPhishing/status/1478034835658711041
2022-01-03 16:05:40,CardanoPhishing,domain,adagive22.com,#phishing #scam,https://twitter.com/CardanoPhishing/status/1478034835658711041
2022-01-03 16:06:11,CardanoPhishing,ip,185.178.208.163,#phishing #scam,https://twitter.com/CardanoPhishing/status/1478034966877507586
2022-01-03 16:06:11,CardanoPhishing,domain,adaevent22.com,#phishing #scam,https://twitter.com/CardanoPhishing/status/1478034966877507586
2022-01-03 16:06:42,CardanoPhishing,domain,m.ada-pump.com,#phishing #scam,https://twitter.com/CardanoPhishing/status/1478035098587045891
2022-01-03 16:06:42,CardanoPhishing,ip,185.178.208.169,#phishing #scam,https://twitter.com/CardanoPhishing/status/1478035098587045891
2022-01-03 16:07:18,ecarlesi,url,http://traderjoexiz.com,#phishing,https://twitter.com/ecarlesi/status/1478035247392608261
2022-01-03 16:13:08,ecarlesi,url,https://secure-clientele-securisation.com,#phishing,https://twitter.com/ecarlesi/status/1478036716820783106
2022-01-03 16:16:09,500mk500,ip,185.178.208.175,,https://twitter.com/500mk500/status/1478037474177961984
2022-01-03 16:45:27,500mk500,domain,strigoiltd.duckdns.org,,https://twitter.com/500mk500/status/1478044848691326980
2022-01-03 16:45:27,500mk500,ip,194.85.248.87,,https://twitter.com/500mk500/status/1478044848691326980
2022-01-03 17:10:02,HeliosCert,sha256,a52e5c9d39889647a84d00361954f3fe47685d0af63dfc28e3664ccea60ef600,#malware,https://twitter.com/HeliosCert/status/1478051035100942337
2022-01-03 17:10:02,HeliosCert,ip,164.163.21.70,#malware,https://twitter.com/HeliosCert/status/1478051037525299202
2022-01-03 17:10:02,HeliosCert,sha256,8de495d0f6c9b65bd1e5ef586b1f05864c0fb50485b8d71097c94ee2ca99121a,#malware,https://twitter.com/HeliosCert/status/1478051037525299202
2022-01-03 17:13:21,1ZRR4H,url,http://setup6.com/build/vcredist64.dll,#IcedID,https://twitter.com/1ZRR4H/status/1478051871608737797
2022-01-03 17:34:41,500mk500,url,http://47.93.63.179,#CobaltStrike,https://twitter.com/500mk500/status/1478057240057757698
2022-01-03 17:34:41,500mk500,ip,47.93.63.179,#CobaltStrike,https://twitter.com/500mk500/status/1478057240057757698
2022-01-03 17:43:42,jstrosch,url,https://chase.email.verification.tabriztourist.com/,#phishing,https://twitter.com/jstrosch/status/1478059509096628224
2022-01-03 17:57:00,ecarlesi,url,https://jerdeview.xyz/sharepoint/,#phishing,https://twitter.com/ecarlesi/status/1478062854368550915
2022-01-03 18:00:00,silentpush_labs,ip,192.236.178.86,#phishing,https://twitter.com/silentpush_labs/status/1478063609771143173
2022-01-03 18:00:00,silentpush_labs,domain,reschedule-mydelivery-info.com,#phishing,https://twitter.com/silentpush_labs/status/1478063609771143173
2022-01-03 18:10:02,HeliosCert,sha256,300043381661928b80cb0666f19bcbd448032cc6c25786baa14082aa38b419b9,#malware,https://twitter.com/HeliosCert/status/1478066135052562434
2022-01-03 18:10:02,HeliosCert,ip,223.187.6.255,#malware,https://twitter.com/HeliosCert/status/1478066135052562434
2022-01-03 18:18:01,PhishStats,url,http://guestpostagency.co.uk/,#phishing,https://twitter.com/PhishStats/status/1478068145965445120
2022-01-03 18:18:01,PhishStats,ip,184.154.206.216,#phishing,https://twitter.com/PhishStats/status/1478068145965445120
2022-01-03 18:24:28,malwrhunterteam,sha256,e1c24030653d15ee673627bf28f165d1a30be5027b8cd4186ac6bfd9809e8cb8,,https://twitter.com/malwrhunterteam/status/1478069767810527235
2022-01-03 18:35:02,HeliosCert,ip,31.46.198.140,#malware,https://twitter.com/HeliosCert/status/1478072427062116352
2022-01-03 18:35:02,HeliosCert,sha256,a8ff04ce40ebb64eeee9dd8aa53a196399e2f65d8ed7c31175e9724630684a5b,#malware,https://twitter.com/HeliosCert/status/1478072427062116352
2022-01-03 18:48:37,phishunt_io,ip,52.222.214.29,#phishing #scam,https://twitter.com/phishunt_io/status/1478075843347951626
2022-01-03 18:48:37,phishunt_io,url,https://santanderar.com/,#phishing #scam,https://twitter.com/phishunt_io/status/1478075843347951626
2022-01-03 19:04:50,malwrhunterteam,url,https://grabamaid-my.online/installer/grabmaid.apk,,https://twitter.com/malwrhunterteam/status/1478079926800637958
2022-01-03 19:04:50,malwrhunterteam,url,https://grabamaid-my.online/,,https://twitter.com/malwrhunterteam/status/1478079926800637958
2022-01-03 19:04:50,malwrhunterteam,sha256,9b4a0019e7743a46b49a4d8704ffd6e064db2e5d8db6da4056f7eae5369e16f9,,https://twitter.com/malwrhunterteam/status/1478079926800637958
2022-01-03 19:06:45,500mk500,domain,muapks.online,,https://twitter.com/500mk500/status/1478080408436842499
2022-01-03 19:07:53,bash0x00,url,http://87.251.86.178/pp/pp.png,#Emotet,https://twitter.com/bash0x00/status/1478080692353486848
2022-01-03 19:07:53,bash0x00,ip,87.251.86.178,#Emotet,https://twitter.com/bash0x00/status/1478080692353486848
2022-01-03 19:09:02,ecarlesi,url,http://amasafe-prime.com,#phishing,https://twitter.com/ecarlesi/status/1478080983320641551
2022-01-03 19:09:29,ecarlesi,url,https://assisantances-serveurs.com,#phishing,https://twitter.com/ecarlesi/status/1478081095870603265
2022-01-03 19:17:09,malwrhunterteam,sha256,7cd1fd4fe8bcf14da32579c5f173b4fb002740d4e8673528efb8d30da7239181,,https://twitter.com/malwrhunterteam/status/1478083027607687172
2022-01-03 19:17:09,malwrhunterteam,url,https://eblagh-sna.site/dadsara.apk,,https://twitter.com/malwrhunterteam/status/1478083027607687172
2022-01-03 19:21:15,ecarlesi,url,https://nysonford.buzz/sharepoint/,#phishing,https://twitter.com/ecarlesi/status/1478084058827665409
2022-01-03 19:23:22,ecarlesi,url,https://secureuslfr.com,#phishing,https://twitter.com/ecarlesi/status/1478084591474946052
2022-01-03 19:27:58,phishgalore,url,https://secure054wellsfargo.dns05.com,#phishing,https://twitter.com/phishgalore/status/1478085748385533954
2022-01-03 19:30:43,malwrhunterteam,url,https://app.shopappss.com/ymx/,,https://twitter.com/malwrhunterteam/status/1478086438386348033
2022-01-03 19:30:43,malwrhunterteam,url,https://app.shopappss.com/ymx/app.apk,,https://twitter.com/malwrhunterteam/status/1478086438386348033
2022-01-03 19:30:43,malwrhunterteam,sha256,89ec0d0be346bae66f1b640dc8831182d091fcbaf7b19d010fb390500a589f17,,https://twitter.com/malwrhunterteam/status/1478086438386348033
2022-01-03 19:47:22,malwrhunterteam,url,https://maidacalls.online/,,https://twitter.com/malwrhunterteam/status/1478090631578890247
2022-01-03 19:47:22,malwrhunterteam,sha256,5f8a54d54e25400f52ce317bfdbbc866e11ea784ab2d5e3bd0a082a53c6b2d7b,,https://twitter.com/malwrhunterteam/status/1478090631578890247
2022-01-03 19:47:22,malwrhunterteam,url,https://maidacalls.online/installer/1001/maidacall.apk,,https://twitter.com/malwrhunterteam/status/1478090631578890247
2022-01-03 19:48:55,500mk500,ip,27.50.59.109,,https://twitter.com/500mk500/status/1478091019115708417
2022-01-03 19:48:55,500mk500,domain,jp.dooprimeio.online,,https://twitter.com/500mk500/status/1478091019115708417
2022-01-03 19:48:55,500mk500,url,https://app.apk,,https://twitter.com/500mk500/status/1478091019115708417
2022-01-03 19:55:06,malwrhunterteam,sha256,e68896724122adbfcc44955cdd688aa9e153687d1b804d812cb1f3332a9e9bcd,,https://twitter.com/malwrhunterteam/status/1478092578050514951
2022-01-03 19:59:40,malwrhunterteam,sha256,5a6ed4e4de1e2ea22f4160949581d49bb6b8ca4c498e95bc94304a87bf536889,,https://twitter.com/malwrhunterteam/status/1478093726501249025
2022-01-03 19:59:40,malwrhunterteam,domain,sock.essesessssssss.top,,https://twitter.com/malwrhunterteam/status/1478093726501249025
2022-01-03 20:09:03,MalwarePatrol,url,http://comunicazionemetasimbolica.com/,#phishing,https://twitter.com/MalwarePatrol/status/1478096086434779144
2022-01-03 20:37:22,malwrhunterteam,sha256,b558209f19d13b0796e9919092849aaf0f8690233d7ce55f548df1584db5b390,,https://twitter.com/malwrhunterteam/status/1478103213198950400
2022-01-03 20:43:23,malwrhunterteam,sha256,ed4a7d9ee4d3a7132d2838a78a8744522b5324c7267fa2675ab70e36b73ceecf,,https://twitter.com/malwrhunterteam/status/1478104725702782977
2022-01-03 20:43:23,malwrhunterteam,url,https://raw.githubusercontent.com/taka123taka/a/main/new/tiktok.xxx.apk,,https://twitter.com/malwrhunterteam/status/1478104725702782977
2022-01-03 20:43:53,ecarlesi,url,http://trustcryptoportal.com/,#phishing,https://twitter.com/ecarlesi/status/1478104852337209347
2022-01-03 20:44:22,ecarlesi,url,https://trustcryptoportal.com/,#phishing,https://twitter.com/ecarlesi/status/1478104974219530245
2022-01-03 20:53:03,malwrhunterteam,ip,46.29.160.65,,https://twitter.com/malwrhunterteam/status/1478107160450109442
2022-01-03 20:53:03,malwrhunterteam,sha256,f4aeb5573e73ba0634a1f2a547bdd5c5dc6cbca87dec70baafacd3ac4c73d053,,https://twitter.com/malwrhunterteam/status/1478107160450109442
2022-01-03 20:55:02,HeliosCert,sha256,ef353796568563fcc37adc029986c4d7a1f8865ace61bcda92182e2478c306ce,#malware,https://twitter.com/HeliosCert/status/1478107659446505474
2022-01-03 20:55:02,HeliosCert,ip,188.49.75.204,#malware,https://twitter.com/HeliosCert/status/1478107659446505474
2022-01-03 20:55:35,malwrhunterteam,sha256,e583f8608564a269f9acd688d6bfb475e0f57e638ad29e23497f0ed7b221b55a,,https://twitter.com/malwrhunterteam/status/1478107799221678098
2022-01-03 20:55:35,malwrhunterteam,ip,49.234.235.180,,https://twitter.com/malwrhunterteam/status/1478107799221678098
2022-01-03 21:00:02,dnstwist,domain,fede-x.com,#phishing,https://twitter.com/dnstwist/status/1478108916802273284
2022-01-03 21:07:46,malwrhunterteam,ip,47.242.164.33,,https://twitter.com/malwrhunterteam/status/1478110863173300233
2022-01-03 21:07:46,malwrhunterteam,sha256,6881531ab756d62bdb0c3279040a5cbe92f9adfeccb201cca85b7d3cff7158d3,,https://twitter.com/malwrhunterteam/status/1478110863173300233
2022-01-03 21:08:27,spamrats,ip,69.14.248.22,#phishing,https://twitter.com/spamrats/status/1478111035466797059
2022-01-03 21:08:27,spamrats,url,https://s.id/llwu,#phishing,https://twitter.com/spamrats/status/1478111035466797059
2022-01-03 21:08:27,spamrats,domain,s.id,#phishing,https://twitter.com/spamrats/status/1478111035466797059
2022-01-03 21:16:03,malwrhunterteam,ip,42.193.136.16,,https://twitter.com/malwrhunterteam/status/1478112949143277574
2022-01-03 21:16:21,SpamAuditor,ip,64.78.52.190,#phishing,https://twitter.com/SpamAuditor/status/1478113023562711041
2022-01-03 21:34:13,TeamDreier,url,https://ezp.twu.edu.logezpro.xyz,#phishing,https://twitter.com/TeamDreier/status/1478117520708149254
2022-01-03 21:34:13,TeamDreier,url,https://bidi.uam.mx.logezpro.xyz,#phishing,https://twitter.com/TeamDreier/status/1478117520708149254
2022-01-03 21:51:18,ecarlesi,url,https://cipasangindingins.com,#phishing,https://twitter.com/ecarlesi/status/1478121818837995533
2022-01-03 21:57:12,malwrhunterteam,ip,110.40.188.20,,https://twitter.com/malwrhunterteam/status/1478123304955400193
2022-01-03 21:58:50,TeamDreier,url,https://danskebank-sikring.com,#phishing,https://twitter.com/TeamDreier/status/1478123716710129667
2022-01-03 21:58:50,TeamDreier,url,https://dnspod.com,#phishing,https://twitter.com/TeamDreier/status/1478123716710129667
2022-01-03 21:58:50,TeamDreier,url,https://danskebanksikker.com,#phishing,https://twitter.com/TeamDreier/status/1478123716710129667
2022-01-03 21:58:50,TeamDreier,url,https://namecheaphosting.com,#phishing,https://twitter.com/TeamDreier/status/1478123716710129667
2022-01-03 22:07:39,malwrhunterteam,ip,162.14.110.99,,https://twitter.com/malwrhunterteam/status/1478125932296773633
2022-01-03 22:08:37,500mk500,ip,121.4.240.248,#CobaltStrike,https://twitter.com/500mk500/status/1478126178909184006
2022-01-03 22:08:37,500mk500,url,http://121.4.240.248,#CobaltStrike,https://twitter.com/500mk500/status/1478126178909184006
2022-01-03 22:22:56,malwrhunterteam,ip,65.1.63.108,,https://twitter.com/malwrhunterteam/status/1478129778905522187
2022-01-03 22:24:04,drb_ra,ip,209.141.40.204,#CobaltStrike,https://twitter.com/drb_ra/status/1478130066928324611
2022-01-03 22:24:13,drb_ra,ip,45.79.253.197,#CobaltStrike,https://twitter.com/drb_ra/status/1478130103964033033
2022-01-03 22:24:21,drb_ra,ip,108.61.184.177,#CobaltStrike,https://twitter.com/drb_ra/status/1478130136662872069
2022-01-03 22:24:28,drb_ra,ip,83.220.170.85,#CobaltStrike,https://twitter.com/drb_ra/status/1478130166618632195
2022-01-03 22:24:43,drb_ra,ip,5.180.97.29,#CobaltStrike,https://twitter.com/drb_ra/status/1478130229747281920
2022-01-03 22:24:49,drb_ra,ip,149.248.61.97,#CobaltStrike,https://twitter.com/drb_ra/status/1478130253990178816
2022-01-03 22:24:54,drb_ra,ip,45.136.245.84,#CobaltStrike,https://twitter.com/drb_ra/status/1478130275389431817
2022-01-03 22:25:03,drb_ra,ip,198.13.54.77,#CobaltStrike,https://twitter.com/drb_ra/status/1478130312429596674
2022-01-03 22:25:15,drb_ra,ip,159.89.101.228,#CobaltStrike,https://twitter.com/drb_ra/status/1478130360848367623
2022-01-03 22:25:16,malwrhunterteam,sha256,bd71a410aee2bbb428f634a2b2c5dd1abf1f46e8cdc2388d5633e66bca2895c0,,https://twitter.com/malwrhunterteam/status/1478130367156609031
2022-01-03 22:25:22,drb_ra,ip,45.156.24.151,#CobaltStrike,https://twitter.com/drb_ra/status/1478130390569205765
2022-01-03 22:25:32,drb_ra,ip,91.218.114.26,#CobaltStrike,https://twitter.com/drb_ra/status/1478130432092872713
2022-01-03 22:25:45,drb_ra,ip,43.134.163.22,#CobaltStrike,https://twitter.com/drb_ra/status/1478130488111939588
2022-01-03 22:25:53,drb_ra,ip,172.104.169.147,#CobaltStrike,https://twitter.com/drb_ra/status/1478130520437440513
2022-01-03 22:26:05,drb_ra,ip,27.124.46.192,#CobaltStrike,https://twitter.com/drb_ra/status/1478130572358782983
2022-01-03 22:26:12,drb_ra,ip,27.124.46.191,#CobaltStrike,https://twitter.com/drb_ra/status/1478130600670285828
2022-01-03 22:26:24,drb_ra,ip,85.208.184.59,#CobaltStrike,https://twitter.com/drb_ra/status/1478130652239257608
2022-01-03 22:26:32,malwrhunterteam,sha256,0f9180c11b84fb4b6dbfd45aa8cdf92a7548f863ece536196f6cd7bc0998b290,,https://twitter.com/malwrhunterteam/status/1478130686900981765
2022-01-03 22:26:38,drb_ra,ip,121.4.63.248,#CobaltStrike,https://twitter.com/drb_ra/status/1478130711265751041
2022-01-03 22:29:23,malwrhunterteam,sha256,01383cd292942f754d098b5a36acf8f47223a8980a1a91f0afcad5a29bac92e0,,https://twitter.com/malwrhunterteam/status/1478131402587705349
2022-01-03 22:29:23,malwrhunterteam,ip,101.42.233.208,,https://twitter.com/malwrhunterteam/status/1478131402587705349
2022-01-03 22:36:30,malwrhunterteam,domain,baravazna.com,,https://twitter.com/malwrhunterteam/status/1478133192280391681
2022-01-03 22:36:30,malwrhunterteam,ip,179.43.176.120,,https://twitter.com/malwrhunterteam/status/1478133192280391681
2022-01-03 22:36:30,malwrhunterteam,sha256,48951d50abf8359aad5a14d14d4bd4f442ce55f21da1e1f8bd4116be41fa5daf,,https://twitter.com/malwrhunterteam/status/1478133192280391681
2022-01-03 23:06:10,ecarlesi,url,https://authentificationregister.com,#phishing,https://twitter.com/ecarlesi/status/1478140661014560769
2022-01-03 23:06:35,ecarlesi,url,http://anz-recovery.com/,#phishing,https://twitter.com/ecarlesi/status/1478140763699662848
2022-01-03 23:06:41,ecarlesi,url,http://anz-recovery.com/cloaker.php,#phishing,https://twitter.com/ecarlesi/status/1478140790761213955
2022-01-03 23:38:50,500mk500,ip,45.14.224.207,,https://twitter.com/500mk500/status/1478148879174541318
2022-01-03 23:38:50,500mk500,domain,rusts-wallet.xyz,,https://twitter.com/500mk500/status/1478148879174541318
2022-01-03 23:38:50,500mk500,domain,support-newsana.xyz,,https://twitter.com/500mk500/status/1478148879174541318
2022-01-03 23:38:50,500mk500,domain,shaparak-melllatbank-iran.xyz,,https://twitter.com/500mk500/status/1478148879174541318
2022-01-03 23:38:50,500mk500,domain,shaparak-mellat-eng.tk,,https://twitter.com/500mk500/status/1478148879174541318
2022-01-03 23:38:50,500mk500,domain,new-sana-eblaagh.xyz,,https://twitter.com/500mk500/status/1478148879174541318
2022-01-03 23:38:50,500mk500,domain,peygiri-9lg.ml,,https://twitter.com/500mk500/status/1478148879174541318
2022-01-03 23:38:50,500mk500,domain,peygiri-14f.ml,,https://twitter.com/500mk500/status/1478148879174541318
2022-01-03 23:38:50,500mk500,domain,peygiri-13p.ml,,https://twitter.com/500mk500/status/1478148879174541318
2022-01-03 23:38:50,500mk500,domain,sus-barq.ml,,https://twitter.com/500mk500/status/1478148879174541318
2022-01-03 23:38:50,500mk500,domain,peygiri-12g.ml,,https://twitter.com/500mk500/status/1478148879174541318
2022-01-03 23:46:27,devjeremy_,ip,195.242.111.44,#malware #RedLine,https://twitter.com/devjeremy_/status/1478150799268229121
2022-01-03 23:46:27,devjeremy_,md5,8f6ba118be3c4d2a1429d382c664307b,#malware #RedLine,https://twitter.com/devjeremy_/status/1478150799268229121
2022-01-03 23:48:19,pingineer_jp,url,https://upgov.net/updlhelpline/webmail.earth-core.jp2/w/index.php,#phishing,https://twitter.com/pingineer_jp/status/1478151266727768064
2022-01-03 23:48:19,pingineer_jp,url,https://upgov.net/otp/webmail.earth-core.jp2/w/index.php,#phishing,https://twitter.com/pingineer_jp/status/1478151266727768064
2022-01-03 23:52:39,ecarlesi,url,http://rwmnews.com,#phishing,https://twitter.com/ecarlesi/status/1478152357926125568
