2021-12-28 00:12:02,KesaGataMe0,url,https://micacd.co.jp.bnudtfz.com,#phishing,https://twitter.com/KesaGataMe0/status/1475620521031389184
2021-12-28 00:12:02,KesaGataMe0,ip,43.255.28.66,#phishing,https://twitter.com/KesaGataMe0/status/1475620521031389184
2021-12-28 00:19:45,romonlyht,ip,184.168.96.238,#phishing,https://twitter.com/romonlyht/status/1475622464063676418
2021-12-28 00:19:45,romonlyht,url,https://colombostores.in/redir.html,#phishing,https://twitter.com/romonlyht/status/1475622464063676418
2021-12-28 00:19:45,romonlyht,url,https://colombostores.in/ufj/jp/,#phishing,https://twitter.com/romonlyht/status/1475622464063676418
2021-12-28 00:19:45,romonlyht,ip,31.214.157.253,#phishing,https://twitter.com/romonlyht/status/1475622464063676418
2021-12-28 00:20:03,HeliosCert,sha256,c06c983a9f6d61f86c85f85ad67013c35f07bff1fba20473b37f6f598c4dbd1d,#malware,https://twitter.com/HeliosCert/status/1475622536222236676
2021-12-28 00:28:14,PhishStats,url,http://novobrbnet.com.logins-longs.tk/,#phishing,https://twitter.com/PhishStats/status/1475624598385442816
2021-12-28 00:28:14,PhishStats,ip,52.90.241.172,#phishing,https://twitter.com/PhishStats/status/1475624598385442816
2021-12-28 00:30:03,HeliosCert,sha256,5777adbe19b7303e47d7b56a0a4e8c5047ceed9ebab0372b4bec890f42a8f5af,#malware,https://twitter.com/HeliosCert/status/1475625052691476481
2021-12-28 00:36:59,romonlyht,ip,170.178.216.174,#phishing,https://twitter.com/romonlyht/status/1475626800747532288
2021-12-28 00:36:59,romonlyht,url,https://www.myjcb.yumo1858.com/index/login/index.html,#phishing,https://twitter.com/romonlyht/status/1475626800747532288
2021-12-28 00:36:59,romonlyht,ip,180.222.205.61,#phishing,https://twitter.com/romonlyht/status/1475626800747532288
2021-12-28 00:36:59,romonlyht,url,https://www.myjcb.yumo1858.com/,#phishing,https://twitter.com/romonlyht/status/1475626800747532288
2021-12-28 00:38:36,romonlyht,ip,66.152.175.176,#phishing,https://twitter.com/romonlyht/status/1475627206512902144
2021-12-28 00:38:36,romonlyht,ip,104.168.211.140,#phishing,https://twitter.com/romonlyht/status/1475627206512902144
2021-12-28 00:38:36,romonlyht,url,https://my.jcpwb.com/,#phishing,https://twitter.com/romonlyht/status/1475627206512902144
2021-12-28 00:39:27,romonlyht,url,http://myjcb.dhsutbq.cn/,#phishing,https://twitter.com/romonlyht/status/1475627418513973252
2021-12-28 00:39:27,romonlyht,url,https://myjcb.dhsutbq.cn/index/login/index.html,#phishing,https://twitter.com/romonlyht/status/1475627418513973252
2021-12-28 00:39:27,romonlyht,url,https://myjcb.dhsutbq.cn/,#phishing,https://twitter.com/romonlyht/status/1475627418513973252
2021-12-28 00:39:27,romonlyht,ip,170.178.220.91,#phishing,https://twitter.com/romonlyht/status/1475627418513973252
2021-12-28 00:39:27,romonlyht,ip,202.61.150.212,#phishing,https://twitter.com/romonlyht/status/1475627418513973252
2021-12-28 00:48:51,romonlyht,ip,106.75.9.151,#phishing,https://twitter.com/romonlyht/status/1475629785607204866
2021-12-28 00:48:51,romonlyht,ip,104.21.34.156,#phishing,https://twitter.com/romonlyht/status/1475629785607204866
2021-12-28 00:58:05,SecInfo16,url,https://www.t.sabeecad.com/,#phishing,https://twitter.com/SecInfo16/status/1475632108798636043
2021-12-28 00:59:46,romonlyht,url,https://smbc.co.jp.yarkw.com/,#phishing,https://twitter.com/romonlyht/status/1475632531290861570
2021-12-28 00:59:46,romonlyht,ip,164.70.87.34,#phishing,https://twitter.com/romonlyht/status/1475632531290861570
2021-12-28 00:59:46,romonlyht,ip,155.94.156.75,#phishing,https://twitter.com/romonlyht/status/1475632531290861570
2021-12-28 00:59:46,romonlyht,url,https://smbc.co.jp.yarkw.com/php/api/jump.php,#phishing,https://twitter.com/romonlyht/status/1475632531290861570
2021-12-28 01:00:02,HeliosCert,sha256,b12badf03872467a5fd2d8c8c40e71704f9cd442aabdf400927708080185c3c1,#malware,https://twitter.com/HeliosCert/status/1475632598969987077
2021-12-28 01:00:02,HeliosCert,ip,36.237.99.156,#malware,https://twitter.com/HeliosCert/status/1475632598969987077
2021-12-28 01:01:30,KesaGataMe0,ip,173.82.212.185,#phishing,https://twitter.com/KesaGataMe0/status/1475632968094064642
2021-12-28 01:10:02,HeliosCert,ip,61.220.251.199,#malware,https://twitter.com/HeliosCert/status/1475635115011325954
2021-12-28 01:10:02,HeliosCert,sha256,b6493b7d1cd00bf5afc515dac8542717bd15dade43f7843ae19c0612a5dd7b2b,#malware,https://twitter.com/HeliosCert/status/1475635117372674051
2021-12-28 01:10:02,HeliosCert,sha256,0c3621c7dfb296a0aa24b1086eef530c0a3a730c3ad09753570803080847b7de,#malware,https://twitter.com/HeliosCert/status/1475635115011325954
2021-12-28 01:15:02,HeliosCert,sha256,c8121467521980f412fea6df585438294f26088397657387b7a3ac64a11ffc68,#malware,https://twitter.com/HeliosCert/status/1475636376376942598
2021-12-28 01:15:02,HeliosCert,ip,201.184.135.146,#malware,https://twitter.com/HeliosCert/status/1475636376376942598
2021-12-28 01:25:02,HeliosCert,ip,41.72.202.163,#malware,https://twitter.com/HeliosCert/status/1475638892510461953
2021-12-28 01:25:02,HeliosCert,sha256,ed77f2c2b60afdc8384ace43b15dfae4189c14f25ded9a818ec6728f3e140f57,#malware,https://twitter.com/HeliosCert/status/1475638892510461953
2021-12-28 01:35:02,HeliosCert,sha256,61cc2c08464814e2bb65943821b3cf105d03b917e276861cd54ef4bef59be016,#malware,https://twitter.com/HeliosCert/status/1475641407893393408
2021-12-28 01:35:02,HeliosCert,ip,190.86.196.25,#malware,https://twitter.com/HeliosCert/status/1475641407893393408
2021-12-28 01:39:02,romonlyht,url,https://www.t.snbaeaod.com/,#phishing,https://twitter.com/romonlyht/status/1475642415868702720
2021-12-28 01:39:02,romonlyht,ip,172.245.94.163,#phishing,https://twitter.com/romonlyht/status/1475642415868702720
2021-12-28 01:39:02,romonlyht,ip,116.85.71.178,#phishing,https://twitter.com/romonlyht/status/1475642415868702720
2021-12-28 01:39:41,romonlyht,ip,116.85.4.179,#phishing,https://twitter.com/romonlyht/status/1475642577747845125
2021-12-28 01:39:41,romonlyht,url,https://www.y.sebneecd.com/,#phishing,https://twitter.com/romonlyht/status/1475642577747845125
2021-12-28 01:40:15,romonlyht,ip,116.85.9.133,#phishing,https://twitter.com/romonlyht/status/1475642719913807873
2021-12-28 01:40:15,romonlyht,url,https://www.r.snbaeaod.com/,#phishing,https://twitter.com/romonlyht/status/1475642719913807873
2021-12-28 01:40:50,romonlyht,url,https://www.q.snbaeaod.com/,#phishing,https://twitter.com/romonlyht/status/1475642868949987329
2021-12-28 01:40:50,romonlyht,ip,116.85.7.171,#phishing,https://twitter.com/romonlyht/status/1475642868949987329
2021-12-28 01:41:23,romonlyht,url,https://www.q.sabeecad.com/,#phishing,https://twitter.com/romonlyht/status/1475643006267293696
2021-12-28 01:41:23,romonlyht,ip,116.85.35.55,#phishing,https://twitter.com/romonlyht/status/1475643006267293696
2021-12-28 01:42:03,romonlyht,ip,116.85.58.4,#phishing,https://twitter.com/romonlyht/status/1475643174014296064
2021-12-28 01:42:44,romonlyht,url,https://www.e.sabeecad.com/,#phishing,https://twitter.com/romonlyht/status/1475643345708130306
2021-12-28 01:42:44,romonlyht,ip,116.85.16.110,#phishing,https://twitter.com/romonlyht/status/1475643345708130306
2021-12-28 01:43:17,romonlyht,url,https://www.r.sebneecd.com/,#phishing,https://twitter.com/romonlyht/status/1475643486527700992
2021-12-28 01:43:17,romonlyht,ip,116.85.55.156,#phishing,https://twitter.com/romonlyht/status/1475643486527700992
2021-12-28 01:43:50,romonlyht,url,https://www.y.sabeecad.com/,#phishing,https://twitter.com/romonlyht/status/1475643623543042049
2021-12-28 01:43:50,romonlyht,ip,116.85.9.169,#phishing,https://twitter.com/romonlyht/status/1475643623543042049
2021-12-28 01:44:25,romonlyht,url,https://www.r.sabeecad.com/,#phishing,https://twitter.com/romonlyht/status/1475643768162615297
2021-12-28 01:44:25,romonlyht,ip,116.85.19.169,#phishing,https://twitter.com/romonlyht/status/1475643768162615297
2021-12-28 01:46:04,7XdX7lsk7eOjorE,url,https://www.q.mareaci.com,#phishing,https://twitter.com/7XdX7lsk7eOjorE/status/1475644184342441984
2021-12-28 01:57:52,KesaGataMe0,ip,103.41.65.170,#phishing,https://twitter.com/KesaGataMe0/status/1475647153397964801
2021-12-28 01:57:52,KesaGataMe0,url,https://www.docm-ntt.1pop.co/,#phishing,https://twitter.com/KesaGataMe0/status/1475647153397964801
2021-12-28 01:59:40,KesaGataMe0,url,https://smt-docomo.com/,#phishing,https://twitter.com/KesaGataMe0/status/1475647606785454082
2021-12-28 01:59:40,KesaGataMe0,ip,45.195.15.134,#phishing,https://twitter.com/KesaGataMe0/status/1475647606785454082
2021-12-28 02:05:59,romonlyht,url,https://gzulneb.cn/?ts3webapp/totp01020123action.do,#phishing,https://twitter.com/romonlyht/status/1475649198112780289
2021-12-28 02:05:59,romonlyht,url,https://rlpghic.cn/,#phishing,https://twitter.com/romonlyht/status/1475649198112780289
2021-12-28 02:05:59,romonlyht,ip,198.23.149.170,#phishing,https://twitter.com/romonlyht/status/1475649198112780289
2021-12-28 02:05:59,romonlyht,ip,118.194.249.202,#phishing,https://twitter.com/romonlyht/status/1475649198112780289
2021-12-28 02:06:59,romonlyht,ip,172.67.132.254,#phishing,https://twitter.com/romonlyht/status/1475649448743436289
2021-12-28 02:06:59,romonlyht,ip,152.32.203.159,#phishing,https://twitter.com/romonlyht/status/1475649448743436289
2021-12-28 02:06:59,romonlyht,url,https://my-ts3cerds-com.s33r133.cn/,#phishing,https://twitter.com/romonlyht/status/1475649448743436289
2021-12-28 02:11:58,romonlyht,ip,172.245.242.27,#phishing,https://twitter.com/romonlyht/status/1475650702106304514
2021-12-28 02:11:58,romonlyht,ip,72.18.200.152,#phishing,https://twitter.com/romonlyht/status/1475650702106304514
2021-12-28 02:11:58,romonlyht,url,https://sidtf.cn/,#phishing,https://twitter.com/romonlyht/status/1475650702106304514
2021-12-28 02:32:16,romonlyht,ip,45.58.190.146,#phishing,https://twitter.com/romonlyht/status/1475655810181386242
2021-12-28 02:32:16,romonlyht,url,https://etc-meisaisecurity.top/loginaccount.php,#phishing,https://twitter.com/romonlyht/status/1475655810181386242
2021-12-28 02:33:20,romonlyht,url,https://etc-seimei.jp.gjruie0.top/indexx.php?tokne=2cf4552583744702e5f8324b8f3,#phishing,https://twitter.com/romonlyht/status/1475656081670275076
2021-12-28 02:33:20,romonlyht,ip,155.94.140.94,#phishing,https://twitter.com/romonlyht/status/1475656081670275076
2021-12-28 02:33:20,romonlyht,ip,175.6.171.45,#phishing,https://twitter.com/romonlyht/status/1475656081670275076
2021-12-28 02:33:20,romonlyht,url,https://etc-seimei.jp.gjruie0.top/,#phishing,https://twitter.com/romonlyht/status/1475656081670275076
2021-12-28 02:34:32,romonlyht,url,https://etc-meisou.jp.dfsfie7.xyz/,#phishing,https://twitter.com/romonlyht/status/1475656382762582019
2021-12-28 02:34:32,romonlyht,url,https://etc-meisou.jp.dfsfie7.xyz/indexx.php?tokne=d8d3aa96edf7dd54e56061107f5,#phishing,https://twitter.com/romonlyht/status/1475656382762582019
2021-12-28 02:34:32,romonlyht,ip,175.6.34.203,#phishing,https://twitter.com/romonlyht/status/1475656382762582019
2021-12-28 02:35:43,romonlyht,url,https://etc-caimel.jp.cvjnwdg1.top/,#phishing,https://twitter.com/romonlyht/status/1475656679023071233
2021-12-28 02:35:43,romonlyht,ip,175.6.35.93,#phishing,https://twitter.com/romonlyht/status/1475656679023071233
2021-12-28 02:36:44,romonlyht,ip,36.99.165.72,#phishing,https://twitter.com/romonlyht/status/1475656936742088707
2021-12-28 02:36:44,romonlyht,url,https://etc-melsal.jp.irkgrrt2.xyz/,#phishing,https://twitter.com/romonlyht/status/1475656936742088707
2021-12-28 02:37:52,romonlyht,ip,175.148.98.174,#phishing,https://twitter.com/romonlyht/status/1475657220612583425
2021-12-28 02:37:52,romonlyht,ip,119.42.148.218,#phishing,https://twitter.com/romonlyht/status/1475657220612583425
2021-12-28 02:37:52,romonlyht,url,http://www.etc-uhfjk.monster/,#phishing,https://twitter.com/romonlyht/status/1475657220612583425
2021-12-28 02:37:52,romonlyht,url,http://www.etc-uhfjk.monster/indexx.php?tokne=6fab174adc8bafc49b6db77bfe6,#phishing,https://twitter.com/romonlyht/status/1475657220612583425
2021-12-28 02:45:23,RedBeardIOCs,sha256,ac58a56975334d573cd85facbc0646be79a7ddb0ea87f8d65f98064fa2db589b,#RedLine,https://twitter.com/RedBeardIOCs/status/1475659113929625602
2021-12-28 02:45:23,RedBeardIOCs,sha256,fccb95b763068845ac637d4bde235332f7ca8103ccd689d05f45362ede248ff7,#RedLine,https://twitter.com/RedBeardIOCs/status/1475659113929625602
2021-12-28 02:45:23,RedBeardIOCs,sha256,8b0485daf260c313c216b5972ac5ec0f60d4f5e340cf8cc6bf3161ec41ee827e,#RedLine,https://twitter.com/RedBeardIOCs/status/1475659113929625602
2021-12-28 02:45:23,RedBeardIOCs,sha256,2d85201be89874ef88295650689211c7c5cb1f8d4476e8b3c0a1d23359584d34,#RedLine,https://twitter.com/RedBeardIOCs/status/1475659113929625602
2021-12-28 02:45:24,RedBeardIOCs,sha256,82ac68b07479792aaf1f4aa1bd78154257349ba4057f29752be2ce05ce3cc1b2,#RedLine,https://twitter.com/RedBeardIOCs/status/1475659117129875461
2021-12-28 02:45:24,RedBeardIOCs,sha256,b3400209d4b0f773b9da90fdabaae320af863b128ab774abebc3a0ad74179d07,#RedLine,https://twitter.com/RedBeardIOCs/status/1475659117129875461
2021-12-28 02:45:24,RedBeardIOCs,sha256,654574c360fcb5a7eb4f693d99d5f0c4e32f96b219a7327d41b39d7d5acde953,#RedLine,https://twitter.com/RedBeardIOCs/status/1475659115531800578
2021-12-28 02:45:24,RedBeardIOCs,sha256,f6cb90f76c5ba8a4482c8405f744103f898b7d1920c569b74fb22dd9bea7d2a4,#RedLine,https://twitter.com/RedBeardIOCs/status/1475659115531800578
2021-12-28 02:45:24,RedBeardIOCs,sha256,7ce91a1e9b7df0d018835ee8483c9e97c9718f9865b53728f958f01c740035af,#RedLine,https://twitter.com/RedBeardIOCs/status/1475659117129875461
2021-12-28 02:45:24,RedBeardIOCs,sha256,ae89cb956dfa0344b10cd381525cd3c26b1420e6e422d4ce564acea3e838a41c,#RedLine,https://twitter.com/RedBeardIOCs/status/1475659117129875461
2021-12-28 02:45:24,RedBeardIOCs,sha256,3fe128fa6b1779c21d6283f566940788dde7345e4e91063f5b60d0dcd38c3da6,#RedLine,https://twitter.com/RedBeardIOCs/status/1475659115531800578
2021-12-28 02:45:24,RedBeardIOCs,sha256,1c3f0a4ef83a504342edaba07b99f767076cc0263f7a658296e8ed3628126d50,#RedLine,https://twitter.com/RedBeardIOCs/status/1475659115531800578
2021-12-28 03:00:01,dnstwist,domain,f-edex.com,#phishing,https://twitter.com/dnstwist/status/1475662796754980866
2021-12-28 03:18:32,PhishStats,url,http://cloudxsolutions.co.uk/,#phishing,https://twitter.com/PhishStats/status/1475667455532056580
2021-12-28 03:59:21,fbgwls245,md5,bb23e3de5bcd95e4c5b47ba1276f4a39,#ransomware,https://twitter.com/fbgwls245/status/1475677726988447746
2021-12-28 04:10:05,HeliosCert,ip,190.104.174.192,#malware,https://twitter.com/HeliosCert/status/1475680426853384197
2021-12-28 04:10:05,HeliosCert,sha256,ed2c83c75f687f6e23598be242b6e53d63f90f8870338e632d390e6111c2dee3,#malware,https://twitter.com/HeliosCert/status/1475680426853384197
2021-12-28 04:11:07,romonlyht,ip,118.27.77.131,#phishing,https://twitter.com/romonlyht/status/1475680688817176576
2021-12-28 04:11:07,romonlyht,url,https://micacd.co.jp.bnudtfz.com/php/api/jump.php,#phishing,https://twitter.com/romonlyht/status/1475680688817176576
2021-12-28 04:11:07,romonlyht,url,https://micacd.co.jp.bnudtfz.com/,#phishing,https://twitter.com/romonlyht/status/1475680688817176576
2021-12-28 04:25:02,HeliosCert,ip,178.207.8.5,#malware,https://twitter.com/HeliosCert/status/1475684191564140548
2021-12-28 04:25:02,HeliosCert,sha256,e8509abc0183aaf7e5f55919e7bd5f69033a33079ae47544bc0967570d2216bf,#malware,https://twitter.com/HeliosCert/status/1475684191564140548
2021-12-28 04:30:03,HeliosCert,ip,102.45.171.120,#malware,https://twitter.com/HeliosCert/status/1475685452858413056
2021-12-28 04:30:03,HeliosCert,sha256,0cad4b137fcdba988166f6b214962bc54f54ac7ad0a5bc0768f49a94d37aa0dc,#malware,https://twitter.com/HeliosCert/status/1475685452858413056
2021-12-28 04:35:03,HeliosCert,ip,81.12.5.194,#malware,https://twitter.com/HeliosCert/status/1475686710390493184
2021-12-28 04:35:03,HeliosCert,sha256,9ec2b842def37fa2b58d8c750bb619063f57590badc63f4a38b783241381559e,#malware,https://twitter.com/HeliosCert/status/1475686710390493184
2021-12-28 04:45:21,RedBeardIOCs,sha256,ce318bc9912cc93ff988917668c4135caa686f4256ef099dd8852627e8e91c7a,#RedLine,https://twitter.com/RedBeardIOCs/status/1475689301673488387
2021-12-28 04:45:21,RedBeardIOCs,sha256,8f39620bc97bfc74582f4f537232a0ba451da123fbdd294d86d0ed9e6951e72d,#RedLine,https://twitter.com/RedBeardIOCs/status/1475689301673488387
2021-12-28 04:45:21,RedBeardIOCs,sha256,8bbdda1786e15a568a573a2f38762e95de138af969e0a13b96d7086aaa98bfc2,#RedLine,https://twitter.com/RedBeardIOCs/status/1475689301673488387
2021-12-28 04:45:21,RedBeardIOCs,sha256,db4a00c9370cc93437daa6dc30581890cac636ce9194cb5516ff88fbbc6aa7ee,#RedLine,https://twitter.com/RedBeardIOCs/status/1475689301673488387
2021-12-28 04:54:32,harugasumi,url,https://etc-cenlai.jp.zkfoefd3.xyz,#phishing,https://twitter.com/harugasumi/status/1475691615398334467
2021-12-28 05:02:38,phage_nz,ip,144.217.68.78,,https://twitter.com/phage_nz/status/1475693654601650179
2021-12-28 05:02:38,phage_nz,domain,snowmanlodge.nz,,https://twitter.com/phage_nz/status/1475693654601650179
2021-12-28 05:08:29,KesaGataMe0,url,https://www.smbc-finance.com/,#phishing,https://twitter.com/KesaGataMe0/status/1475695123543789569
2021-12-28 05:08:29,KesaGataMe0,ip,198.7.62.150,#phishing,https://twitter.com/KesaGataMe0/status/1475695123543789569
2021-12-28 05:09:04,MalwarePatrol,url,https://package-supportid44448448.logitel.com.au/,#phishing,https://twitter.com/MalwarePatrol/status/1475695270402928642
2021-12-28 05:18:23,harugasumi,url,https://www.w.muaroei.com/,#phishing,https://twitter.com/harugasumi/status/1475697614947766273
2021-12-28 05:18:27,romonlyht,ip,103.45.68.85,#phishing,https://twitter.com/romonlyht/status/1475697634845556738
2021-12-28 05:18:27,romonlyht,url,https://www.rkt-co-jp.ff61.co/,#phishing,https://twitter.com/romonlyht/status/1475697634845556738
2021-12-28 05:18:27,romonlyht,ip,106.75.78.89,#phishing,https://twitter.com/romonlyht/status/1475697634845556738
2021-12-28 05:19:19,romonlyht,url,https://www.rouayle.com/,#phishing,https://twitter.com/romonlyht/status/1475697851380674560
2021-12-28 05:19:19,romonlyht,ip,160.251.4.77,#phishing,https://twitter.com/romonlyht/status/1475697851380674560
2021-12-28 05:19:19,romonlyht,ip,172.245.156.16,#phishing,https://twitter.com/romonlyht/status/1475697851380674560
2021-12-28 05:20:15,romonlyht,ip,117.50.173.27,#phishing,https://twitter.com/romonlyht/status/1475698086747979778
2021-12-28 05:20:15,romonlyht,url,https://www.rkt-co-jp.ff44.co/,#phishing,https://twitter.com/romonlyht/status/1475698086747979778
2021-12-28 05:20:47,romonlyht,ip,106.75.48.71,#phishing,https://twitter.com/romonlyht/status/1475698219770597380
2021-12-28 05:20:47,romonlyht,url,https://www.rkt-co-jp.ff51.co/,#phishing,https://twitter.com/romonlyht/status/1475698219770597380
2021-12-28 05:23:52,harugasumi,url,https://www.smbccojp.com/,#phishing,https://twitter.com/harugasumi/status/1475698995909787649
2021-12-28 05:25:01,inquisitive_int,sha256,42112f65fb8999d7d35571f7ab71b1dac8dd97acc71bb6cb147e463634fccada,#ransomware,https://twitter.com/inquisitive_int/status/1475699285094113281
2021-12-28 06:09:11,romonlyht,ip,198.23.174.100,#phishing,https://twitter.com/romonlyht/status/1475710401707147264
2021-12-28 06:09:11,romonlyht,url,https://www.y.muaroei.com/,#phishing,https://twitter.com/romonlyht/status/1475710401707147264
2021-12-28 06:09:11,romonlyht,ip,116.85.58.47,#phishing,https://twitter.com/romonlyht/status/1475710401707147264
2021-12-28 06:09:49,romonlyht,url,https://www.w.mareaci.com/,#phishing,https://twitter.com/romonlyht/status/1475710558926405641
2021-12-28 06:09:49,romonlyht,ip,116.85.35.9,#phishing,https://twitter.com/romonlyht/status/1475710558926405641
2021-12-28 06:10:26,romonlyht,url,https://www.e.mareaci.com/,#phishing,https://twitter.com/romonlyht/status/1475710714308599808
2021-12-28 06:10:26,romonlyht,ip,116.85.60.132,#phishing,https://twitter.com/romonlyht/status/1475710714308599808
2021-12-28 06:11:13,romonlyht,ip,118.107.30.150,#phishing,https://twitter.com/romonlyht/status/1475710910736269315
2021-12-28 06:11:13,romonlyht,ip,167.160.189.225,#phishing,https://twitter.com/romonlyht/status/1475710910736269315
2021-12-28 06:12:09,romonlyht,ip,116.85.32.214,#phishing,https://twitter.com/romonlyht/status/1475711147341131779
2021-12-28 06:12:09,romonlyht,url,https://www.y.mvrcoei.com/,#phishing,https://twitter.com/romonlyht/status/1475711147341131779
2021-12-28 06:13:02,romonlyht,ip,202.162.109.181,#phishing,https://twitter.com/romonlyht/status/1475711370230628352
2021-12-28 06:13:50,romonlyht,url,https://www.t.mvrcoei.com/,#phishing,https://twitter.com/romonlyht/status/1475711569128730626
2021-12-28 06:13:50,romonlyht,ip,116.85.28.253,#phishing,https://twitter.com/romonlyht/status/1475711569128730626
2021-12-28 06:14:25,romonlyht,ip,116.85.57.195,#phishing,https://twitter.com/romonlyht/status/1475711715639980034
2021-12-28 06:14:25,romonlyht,url,https://www.t.mareaci.com/,#phishing,https://twitter.com/romonlyht/status/1475711715639980034
2021-12-28 06:15:04,romonlyht,ip,116.85.64.74,#phishing,https://twitter.com/romonlyht/status/1475711881415651329
2021-12-28 06:15:04,romonlyht,url,https://www.w.mvrcoei.com/,#phishing,https://twitter.com/romonlyht/status/1475711881415651329
2021-12-28 06:15:46,romonlyht,url,https://www.t.muaroei.com/,#phishing,https://twitter.com/romonlyht/status/1475712058880827393
2021-12-28 06:15:46,romonlyht,ip,116.85.41.201,#phishing,https://twitter.com/romonlyht/status/1475712058880827393
2021-12-28 06:16:22,romonlyht,url,https://www.r.mareaci.com/,#phishing,https://twitter.com/romonlyht/status/1475712206717300739
2021-12-28 06:16:22,romonlyht,ip,116.85.41.58,#phishing,https://twitter.com/romonlyht/status/1475712206717300739
2021-12-28 06:17:02,romonlyht,url,https://www.q.mvrcoei.com/,#phishing,https://twitter.com/romonlyht/status/1475712375429173250
2021-12-28 06:17:02,romonlyht,ip,116.85.28.151,#phishing,https://twitter.com/romonlyht/status/1475712375429173250
2021-12-28 06:17:36,romonlyht,url,https://www.r.muaroei.com/,#phishing,https://twitter.com/romonlyht/status/1475712519109226497
2021-12-28 06:17:46,PhishStats,url,http://masdas0932.co.vu/,#phishing,https://twitter.com/PhishStats/status/1475712560699789318
2021-12-28 06:17:46,PhishStats,ip,162.241.194.33,#phishing,https://twitter.com/PhishStats/status/1475712560699789318
2021-12-28 06:19:35,romonlyht,ip,192.236.160.212,#phishing,https://twitter.com/romonlyht/status/1475713019598761986
2021-12-28 06:19:35,romonlyht,ip,198.144.159.131,#phishing,https://twitter.com/romonlyht/status/1475713019598761986
2021-12-28 06:19:35,romonlyht,url,https://hnw7amt.cn/,#phishing,https://twitter.com/romonlyht/status/1475713019598761986
2021-12-28 06:33:58,KesaGataMe0,ip,204.44.94.229,#phishing,https://twitter.com/KesaGataMe0/status/1475716637068529666
2021-12-28 06:33:58,KesaGataMe0,url,https://www.smbccojp.com,#phishing,https://twitter.com/KesaGataMe0/status/1475716637068529666
2021-12-28 06:39:25,KesaGataMe0,url,https://m.coincheck-nft.org,#phishing,https://twitter.com/KesaGataMe0/status/1475718010984087558
2021-12-28 06:39:25,KesaGataMe0,url,https://m.coincheck-nft.info,#phishing,https://twitter.com/KesaGataMe0/status/1475718010984087558
2021-12-28 06:39:25,KesaGataMe0,ip,206.119.117.166,#phishing,https://twitter.com/KesaGataMe0/status/1475718010984087558
2021-12-28 06:41:27,KesaGataMe0,url,https://mercarjp.xyz/jp/login/,#phishing,https://twitter.com/KesaGataMe0/status/1475718521175031813
2021-12-28 06:42:25,romonlyht,ip,204.44.87.22,#phishing,https://twitter.com/romonlyht/status/1475718764188803072
2021-12-28 06:42:25,romonlyht,ip,160.251.14.106,#phishing,https://twitter.com/romonlyht/status/1475718764188803072
2021-12-28 06:42:25,romonlyht,url,https://amaxcn.nouumm.xyz/,#phishing,https://twitter.com/romonlyht/status/1475718764188803072
2021-12-28 06:43:13,romonlyht,url,https://safeltysmitama.co/?vpass=899,#phishing,https://twitter.com/romonlyht/status/1475718965007888389
2021-12-28 06:43:13,romonlyht,ip,106.75.218.215,#phishing,https://twitter.com/romonlyht/status/1475718965007888389
2021-12-28 06:43:13,romonlyht,ip,104.194.235.29,#phishing,https://twitter.com/romonlyht/status/1475718965007888389
2021-12-28 06:43:13,romonlyht,url,https://safeltysmitama.co/pc/amazonall_signin1.php,#phishing,https://twitter.com/romonlyht/status/1475718965007888389
2021-12-28 06:43:54,romonlyht,ip,172.245.228.134,#phishing,https://twitter.com/romonlyht/status/1475719135380541446
2021-12-28 06:43:54,romonlyht,url,https://amaznoli.co.jp.yylwh.net/,#phishing,https://twitter.com/romonlyht/status/1475719135380541446
2021-12-28 06:43:54,romonlyht,ip,117.50.176.109,#phishing,https://twitter.com/romonlyht/status/1475719135380541446
2021-12-28 06:44:31,romonlyht,ip,106.75.8.183,#phishing,https://twitter.com/romonlyht/status/1475719293015031809
2021-12-28 06:44:31,romonlyht,url,https://amaznllo.co.jp.amauioda.net/,#phishing,https://twitter.com/romonlyht/status/1475719293015031809
2021-12-28 06:44:31,romonlyht,ip,107.174.228.119,#phishing,https://twitter.com/romonlyht/status/1475719293015031809
2021-12-28 06:48:39,romonlyht,url,https://etc.knzsarb.cn/pc/index.php?token=da35ba85db725baf687467e2ad7,#phishing,https://twitter.com/romonlyht/status/1475720331562483715
2021-12-28 06:48:39,romonlyht,url,https://etc.knzsarb.cn/,#phishing,https://twitter.com/romonlyht/status/1475720331562483715
2021-12-28 06:48:39,romonlyht,ip,202.61.150.207,#phishing,https://twitter.com/romonlyht/status/1475720331562483715
2021-12-28 07:15:25,RedBeardIOCs,sha256,f9ef6593728faa397918c49cb618ef0bcc2fd47cc0762d8869befcd1d8c9b557,#Remcos,https://twitter.com/RedBeardIOCs/status/1475727070600867841
2021-12-28 07:15:25,RedBeardIOCs,sha256,4858775c3d188c082f38069d4b0421df59d74f0a2041435a85650a924604c3f2,#Raccoon,https://twitter.com/RedBeardIOCs/status/1475727068881113089
2021-12-28 07:15:25,RedBeardIOCs,sha256,8b277c5772ba6d736eb2534e8fd3c44384db80f75ff8510d0fc1ff28141c6ce4,#Remcos,https://twitter.com/RedBeardIOCs/status/1475727070600867841
2021-12-28 07:15:25,RedBeardIOCs,sha256,3d0d76684c62f664c682b3e780eab0801441a03d8b0083da13e7f4f8ae83b72a,#Raccoon,https://twitter.com/RedBeardIOCs/status/1475727068881113089
2021-12-28 07:15:25,RedBeardIOCs,sha256,61b382a29dfaed8e4b120ed541c738c540be8e7a43d1bed8829856d789b37453,#Raccoon,https://twitter.com/RedBeardIOCs/status/1475727068881113089
2021-12-28 07:15:25,RedBeardIOCs,sha256,e58996f46445d82389625e2a7b0caf17907b75fb3ef4ed89c85b0b8395cefa58,#Remcos,https://twitter.com/RedBeardIOCs/status/1475727070600867841
2021-12-28 07:15:25,RedBeardIOCs,sha256,c074be945a997b37819c65a2020112f926c51da2b3e347f1b5aad2c695d56633,#Remcos,https://twitter.com/RedBeardIOCs/status/1475727070600867841
2021-12-28 07:15:25,RedBeardIOCs,sha256,64c26a939c025c2750f8d1e28afd0d215527b8878ec2a5c594dbf1524b6036ea,#Raccoon,https://twitter.com/RedBeardIOCs/status/1475727068881113089
2021-12-28 07:15:26,RedBeardIOCs,sha256,d2c92c95cbeb7bdb1fb3e8936925bc5c6fe80427d176f873670572f1cd2b90c5,#Remcos,https://twitter.com/RedBeardIOCs/status/1475727072295362568
2021-12-28 07:15:26,RedBeardIOCs,sha256,bca71e3873b26e4a4d88dbd1ab2f87ad8a311d07958ca5a63b4d374f0182dc78,#Remcos,https://twitter.com/RedBeardIOCs/status/1475727072295362568
2021-12-28 07:15:26,RedBeardIOCs,sha256,e1769daecb10e10607125cef6485874f162a7cfe56381d5515de87ac3aacf27e,#Remcos,https://twitter.com/RedBeardIOCs/status/1475727072295362568
2021-12-28 07:15:26,RedBeardIOCs,sha256,a9b215fdb7193ab23a85f8fcbf3cfe1dd9db07df85d163d1fe928f96a7fee13f,#Remcos,https://twitter.com/RedBeardIOCs/status/1475727072295362568
2021-12-28 07:15:26,RedBeardIOCs,sha256,dfa5b99ba10217fdff9640eba8ec64fb26f85cecbfe950ac21197602d058543d,#Remcos,https://twitter.com/RedBeardIOCs/status/1475727073775865857
2021-12-28 07:15:26,RedBeardIOCs,sha256,1b9fbd41f576b8963d329d668628e3ea0e40b220a4053f5fc4581428f703a03a,#Remcos,https://twitter.com/RedBeardIOCs/status/1475727073775865857
2021-12-28 07:15:26,RedBeardIOCs,sha256,6e299688be54bfbe432b3b380a6eedaa8486d90373817d2e8bd57fb3dc16dd25,#Remcos,https://twitter.com/RedBeardIOCs/status/1475727073775865857
2021-12-28 07:15:26,RedBeardIOCs,sha256,95a5d7891b412c650a5b7cad8efd66cf676a6d36b4b4665b22ad03cce7231d26,#Remcos,https://twitter.com/RedBeardIOCs/status/1475727073775865857
2021-12-28 07:15:27,RedBeardIOCs,sha256,fba31d0da6710eaab65a1f92ac7ab12d4e9657036abb03090f80b2d21694be85,#Remcos,https://twitter.com/RedBeardIOCs/status/1475727075373985793
2021-12-28 07:15:27,RedBeardIOCs,sha256,e8395390f06dce60e9668e08e582fa9fd0294c1673a742a2bdc01c7b79581707,#Remcos,https://twitter.com/RedBeardIOCs/status/1475727075373985793
2021-12-28 07:15:27,RedBeardIOCs,sha256,e744623f3cbfcf5b694ecc1f86783437ac9edf582b79c414e00fc11f9100f1ab,#Remcos,https://twitter.com/RedBeardIOCs/status/1475727078465191936
2021-12-28 07:15:27,RedBeardIOCs,sha256,64ad64be0bc889a6c1b5f5a86bcd1e75f627567d93b562e5b0bde09e95dd7391,#Remcos,https://twitter.com/RedBeardIOCs/status/1475727078465191936
2021-12-28 07:15:27,RedBeardIOCs,sha256,f68ac688d49e4d2f42d095eaaa22a0c5e6e02500fdada3b345e60f77d815aab5,#Remcos,https://twitter.com/RedBeardIOCs/status/1475727076900679680
2021-12-28 07:15:27,RedBeardIOCs,sha256,ab1db9db61ee943b6d6142aec9e85a32ead0b5820c6508330c7a6f1758f7ac11,#Remcos,https://twitter.com/RedBeardIOCs/status/1475727076900679680
2021-12-28 07:15:27,RedBeardIOCs,sha256,7fbb85617ba4fee7e8f6ab5f55bd078ee30314d47e0df74af444ff00065951f7,#Remcos,https://twitter.com/RedBeardIOCs/status/1475727076900679680
2021-12-28 07:15:27,RedBeardIOCs,sha256,9ffea1ce758612e0d1fedc9c78e4d6cdc8b752b36555f18d882ddbdd57cf0b96,#Remcos,https://twitter.com/RedBeardIOCs/status/1475727076900679680
2021-12-28 07:15:27,RedBeardIOCs,sha256,52e84f357516d61bc5261eaa95f96e17999fc8195f48c0cd6569659e460b791b,#Remcos,https://twitter.com/RedBeardIOCs/status/1475727078465191936
2021-12-28 07:15:27,RedBeardIOCs,sha256,4f8dd24778b6af3940c3c10bb5aae70a06202b44c158867e2bf4d10005fe9848,#Remcos,https://twitter.com/RedBeardIOCs/status/1475727075373985793
2021-12-28 07:15:27,RedBeardIOCs,sha256,f3b696cce5128311001d604a2e882e372b128453c9750d2638de97aeaa3e4ea5,#Remcos,https://twitter.com/RedBeardIOCs/status/1475727078465191936
2021-12-28 07:15:27,RedBeardIOCs,sha256,7f3063510e518d49e1214ca71ef5bf45719a200588d455d92ad380f3e4e0ee29,#Remcos,https://twitter.com/RedBeardIOCs/status/1475727075373985793
2021-12-28 07:15:28,RedBeardIOCs,sha256,94e631c727934b5cb20ca7ae78a9598c181c73322a07aaead40e2c5fc35c1feb,#Remcos,https://twitter.com/RedBeardIOCs/status/1475727082936283139
2021-12-28 07:15:28,RedBeardIOCs,sha256,14d9cea4fb3e8680f6a85e86317bfa9268974130aebcc32be8e2353e87c4c019,#Remcos,https://twitter.com/RedBeardIOCs/status/1475727081401167873
2021-12-28 07:15:28,RedBeardIOCs,sha256,91efad94df92bcda14a255d32ebf363083c06409d5c996eb8056777a3e0edc0e,#Remcos,https://twitter.com/RedBeardIOCs/status/1475727081401167873
2021-12-28 07:15:28,RedBeardIOCs,sha256,97611578a23f6207cbcacdd41d7440cffe7f4f62e3b20d16857dd238118aceab,#Remcos,https://twitter.com/RedBeardIOCs/status/1475727082936283139
2021-12-28 07:15:28,RedBeardIOCs,sha256,763e4360b40e080afb8034a355f4abe90158a4b440a8ee757796f391eb35aea3,#Remcos,https://twitter.com/RedBeardIOCs/status/1475727082936283139
2021-12-28 07:15:28,RedBeardIOCs,sha256,bc9574d6571b043dbf9e4032805ef2496d35dd1bca5652bef48b6c41d46b4cd9,#Remcos,https://twitter.com/RedBeardIOCs/status/1475727081401167873
2021-12-28 07:15:28,RedBeardIOCs,sha256,033d8ac24f7c78595e0416f7a2c93950baef917308943a6bacf1da25318330ef,#Remcos,https://twitter.com/RedBeardIOCs/status/1475727079916322821
2021-12-28 07:15:28,RedBeardIOCs,sha256,4e0f06735274e803442a47ab320512263e9e342a2770d4755447157578aa2404,#Remcos,https://twitter.com/RedBeardIOCs/status/1475727081401167873
2021-12-28 07:15:28,RedBeardIOCs,sha256,55f461629056360e9a4a11b5c4cd14a5f64c3fe17d2996d86af9088b0b943272,#Remcos,https://twitter.com/RedBeardIOCs/status/1475727079916322821
2021-12-28 07:15:28,RedBeardIOCs,sha256,ded723fb5322ab40f8c1f66afbb0d72b044c86696e5b023ed372ce53c7c951cc,#Remcos,https://twitter.com/RedBeardIOCs/status/1475727079916322821
2021-12-28 07:15:28,RedBeardIOCs,sha256,6e0b889bdce7b91a8d2c5f4e1168b487fbb6f159cbc1214d719318ea08bc28af,#Remcos,https://twitter.com/RedBeardIOCs/status/1475727082936283139
2021-12-28 07:15:28,RedBeardIOCs,sha256,b60bcaf49f246d51226f251ee51d95236894a76a6bb93b94fdfe5e550a5af8d2,#Remcos,https://twitter.com/RedBeardIOCs/status/1475727079916322821
2021-12-28 07:22:36,RedBeardIOCs,sha256,470aaaf35b01ab225e29cd4f44ef433aaed23f3634783488da1a3955069fe293,#AgentTesla,https://twitter.com/RedBeardIOCs/status/1475728874709389312
2021-12-28 07:22:36,RedBeardIOCs,sha256,6380b4197ecdc3f6089f6c7b55a380673a9b58021de47d02d4e287a9930dfab9,#AgentTesla,https://twitter.com/RedBeardIOCs/status/1475728874709389312
2021-12-28 07:22:36,RedBeardIOCs,sha256,2547bacb78c3185a45c066698cc7acc8c0b5d58ebe52838cab16347fa21dd353,#AgentTesla,https://twitter.com/RedBeardIOCs/status/1475728874709389312
2021-12-28 07:22:36,RedBeardIOCs,sha256,52c7f4e1b185fa991cce822cd4a4bad5b7f44cdd26663ebf22772ea38efbeec5,#AgentTesla,https://twitter.com/RedBeardIOCs/status/1475728874709389312
2021-12-28 07:30:49,pingineer_jp,url,https://www.e.sebneecd.com/,#phishing #scam,https://twitter.com/pingineer_jp/status/1475730942409211905
2021-12-28 07:30:52,pingineer_jp,url,https://www.t.sebneecd.com/,#phishing #scam,https://twitter.com/pingineer_jp/status/1475730956980228096
2021-12-28 07:30:52,pingineer_jp,url,https://www.q.sebneecd.com/,#phishing #scam,https://twitter.com/pingineer_jp/status/1475730956980228096
2021-12-28 07:33:18,pingineer_jp,url,https://www.q.muaroei.com/,#phishing #scam,https://twitter.com/pingineer_jp/status/1475731569247911938
2021-12-28 07:33:19,_CyberHunt_,sha256,e0c0e663bf44c9820b049f73f2910843ede20fd3e6cd0c9a22cbd2a48e1a228a,#ransomware,https://twitter.com/_CyberHunt_/status/1475731572942770180
2021-12-28 07:35:18,pingineer_jp,url,https://www.o.mycjeabc.com/,#phishing #scam,https://twitter.com/pingineer_jp/status/1475732073457790979
2021-12-28 07:35:18,pingineer_jp,url,https://www.s.mcecaaeri.com/,#phishing #scam,https://twitter.com/pingineer_jp/status/1475732073457790979
2021-12-28 07:35:18,pingineer_jp,url,http://myjcb.kfyqpyv.cn/,#phishing #scam,https://twitter.com/pingineer_jp/status/1475732073457790979
2021-12-28 07:35:22,pingineer_jp,url,https://www.a.mycjeabc.com/,#phishing #scam,https://twitter.com/pingineer_jp/status/1475732089907847168
2021-12-28 07:35:22,pingineer_jp,url,https://www.myjcb.hbnwkrs.cn/,#phishing #scam,https://twitter.com/pingineer_jp/status/1475732089907847168
2021-12-28 07:35:22,pingineer_jp,url,https://www.e.mcecaaeri.com/,#phishing #scam,https://twitter.com/pingineer_jp/status/1475732089907847168
2021-12-28 07:35:22,pingineer_jp,url,https://www.a.mcecaaeri.com/,#phishing #scam,https://twitter.com/pingineer_jp/status/1475732089907847168
2021-12-28 07:35:22,pingineer_jp,url,https://www.c.mcecaaeri.com/,#phishing #scam,https://twitter.com/pingineer_jp/status/1475732089907847168
2021-12-28 07:36:56,pingineer_jp,url,https://www.amazon-co-jp.uuou2.co/,#phishing #scam,https://twitter.com/pingineer_jp/status/1475732482222063619
2021-12-28 07:36:56,pingineer_jp,url,https://aesron.rhsnkh.cn/,#phishing #scam,https://twitter.com/pingineer_jp/status/1475732482222063619
2021-12-28 07:36:56,pingineer_jp,url,https://lisaoae.acaeor.xyz/,#phishing #scam,https://twitter.com/pingineer_jp/status/1475732482222063619
2021-12-28 07:36:56,pingineer_jp,url,https://oanmce.hjwxkugs.cn/,#phishing #scam,https://twitter.com/pingineer_jp/status/1475732482222063619
2021-12-28 07:36:56,pingineer_jp,url,https://amazom.castee.xyz,#phishing #scam,https://twitter.com/pingineer_jp/status/1475732482222063619
2021-12-28 07:39:39,pingineer_jp,url,https://www.e.sccbe-ac.com/,#phishing #scam,https://twitter.com/pingineer_jp/status/1475733167638454273
2021-12-28 07:39:39,pingineer_jp,url,https://www.c.sccbe-ac.com/,#phishing #scam,https://twitter.com/pingineer_jp/status/1475733167638454273
2021-12-28 07:42:16,pingineer_jp,url,https://www.n.macteacsd.com/,#phishing #scam,https://twitter.com/pingineer_jp/status/1475733824126726146
2021-12-28 07:42:16,pingineer_jp,url,https://www.c.macteacsd.com/,#phishing #scam,https://twitter.com/pingineer_jp/status/1475733824126726146
2021-12-28 07:42:16,pingineer_jp,url,https://www.o.macteacsd.com/,#phishing #scam,https://twitter.com/pingineer_jp/status/1475733824126726146
2021-12-28 07:42:19,pingineer_jp,url,https://www.o.maoeacari.com/,#phishing #scam,https://twitter.com/pingineer_jp/status/1475733839213654017
2021-12-28 07:42:19,pingineer_jp,url,https://www.a.macteacsd.com/,#phishing #scam,https://twitter.com/pingineer_jp/status/1475733839213654017
2021-12-28 07:42:19,pingineer_jp,url,https://www.s.maoeacari.com/,#phishing #scam,https://twitter.com/pingineer_jp/status/1475733839213654017
2021-12-28 07:42:19,pingineer_jp,url,https://www.s.macteacsd.com/,#phishing #scam,https://twitter.com/pingineer_jp/status/1475733839213654017
2021-12-28 07:43:43,pingineer_jp,url,https://ts3-card.japanbdc.com,#phishing #scam,https://twitter.com/pingineer_jp/status/1475734188624330754
2021-12-28 07:43:43,pingineer_jp,url,https://ts3cacd.almpx.com,#phishing #scam,https://twitter.com/pingineer_jp/status/1475734188624330754
2021-12-28 07:43:43,pingineer_jp,url,https://my-ts3cerds-com.s33r133.cn,#phishing #scam,https://twitter.com/pingineer_jp/status/1475734188624330754
2021-12-28 07:47:28,pingineer_jp,url,https://www.c.espcoes.com/,#phishing #scam,https://twitter.com/pingineer_jp/status/1475735132950900737
2021-12-28 07:47:28,pingineer_jp,url,https://www.e.espcoes.com/,#phishing #scam,https://twitter.com/pingineer_jp/status/1475735132950900737
2021-12-28 07:48:47,pingineer_jp,url,https://cr-mfug.jeisinc.com,#phishing #scam,https://twitter.com/pingineer_jp/status/1475735463868907521
2021-12-28 07:48:47,pingineer_jp,url,https://cr-mfug.iaasplus.com,#phishing #scam,https://twitter.com/pingineer_jp/status/1475735463868907521
2021-12-28 07:54:04,malwrhunterteam,url,https://diedeutschepostinformiert.web.app/,,https://twitter.com/malwrhunterteam/status/1475736794922639364
2021-12-28 07:54:04,malwrhunterteam,url,https://redirectdepost.web.app/,,https://twitter.com/malwrhunterteam/status/1475736794922639364
2021-12-28 07:54:40,pingineer_jp,url,https://iaioesac.oasweas.xyz/,#phishing #scam,https://twitter.com/pingineer_jp/status/1475736946093998082
2021-12-28 07:54:40,pingineer_jp,url,http://conmeonzcom.edonuzoac.xyz,#phishing #scam,https://twitter.com/pingineer_jp/status/1475736946093998082
2021-12-28 07:54:40,pingineer_jp,url,https://azsdonmc.aercmon.xyz/,#phishing #scam,https://twitter.com/pingineer_jp/status/1475736946093998082
2021-12-28 07:54:40,pingineer_jp,url,https://amazom.asdutwnv.xyz,#phishing #scam,https://twitter.com/pingineer_jp/status/1475736946093998082
2021-12-28 07:54:40,pingineer_jp,url,https://amazom.nbhaafuih.xyz,#phishing #scam,https://twitter.com/pingineer_jp/status/1475736946093998082
2021-12-28 07:54:40,pingineer_jp,url,https://amazom.sotewq.xyz,#phishing #scam,https://twitter.com/pingineer_jp/status/1475736946093998082
2021-12-28 07:55:00,pingineer_jp,url,https://www.amazon-co-jp.rtyi12.co/,#phishing #scam,https://twitter.com/pingineer_jp/status/1475737028239437826
2021-12-28 07:55:00,pingineer_jp,url,https://www.amazon-co-jp.rtyi2.co/,#phishing #scam,https://twitter.com/pingineer_jp/status/1475737028239437826
2021-12-28 07:55:00,pingineer_jp,url,https://www.amazon-co-jp.rtyi1.co/,#phishing #scam,https://twitter.com/pingineer_jp/status/1475737028239437826
2021-12-28 07:55:00,pingineer_jp,url,https://www.amazon-co-jp.rtyi4.co/,#phishing #scam,https://twitter.com/pingineer_jp/status/1475737028239437826
2021-12-28 07:55:03,pingineer_jp,url,https://www.ameozonn.wzplw.cn/,#phishing #scam,https://twitter.com/pingineer_jp/status/1475737043829665792
2021-12-28 07:55:03,pingineer_jp,url,https://loengregkuetngferu.live/,#phishing #scam,https://twitter.com/pingineer_jp/status/1475737043829665792
2021-12-28 07:55:03,pingineer_jp,url,https://arrnazan.ymeo.cn/,#phishing #scam,https://twitter.com/pingineer_jp/status/1475737043829665792
2021-12-28 07:55:03,pingineer_jp,url,https://amaozn.co.jp.5jp8ah.cn/,#phishing #scam,https://twitter.com/pingineer_jp/status/1475737043829665792
2021-12-28 07:56:31,pingineer_jp,url,https://netstation2-aplus-co-jp.linhanyao.xyz,#phishing #scam,https://twitter.com/pingineer_jp/status/1475737409866600450
2021-12-28 07:56:31,pingineer_jp,url,https://netstation2-aplus-co-jp.hzqcanshine.xyz,#phishing #scam,https://twitter.com/pingineer_jp/status/1475737409866600450
2021-12-28 07:56:34,pingineer_jp,url,https://netstation2-aplus-co-jp.mycloudtest.xyz,#phishing #scam,https://twitter.com/pingineer_jp/status/1475737425289019393
2021-12-28 07:56:34,pingineer_jp,url,https://netstation2-aplus-co-jp.fenghui1314.xyz,#phishing #scam,https://twitter.com/pingineer_jp/status/1475737425289019393
2021-12-28 07:59:22,pingineer_jp,url,https://www.n.mascraeni.com/,#phishing #scam,https://twitter.com/pingineer_jp/status/1475738126975139841
2021-12-28 07:59:22,pingineer_jp,url,https://www.m.mascraeni.com/,#phishing #scam,https://twitter.com/pingineer_jp/status/1475738126975139841
2021-12-28 07:59:22,pingineer_jp,url,https://www.c.mceaenesi.com/,#phishing #scam,https://twitter.com/pingineer_jp/status/1475738126975139841
2021-12-28 07:59:22,pingineer_jp,url,https://www.n.mceaenesi.com/,#phishing #scam,https://twitter.com/pingineer_jp/status/1475738126975139841
2021-12-28 07:59:22,pingineer_jp,url,https://www.e.maeraceci.com/,#phishing #scam,https://twitter.com/pingineer_jp/status/1475738126975139841
2021-12-28 07:59:22,pingineer_jp,url,https://www.a.mascraeni.com/,#phishing #scam,https://twitter.com/pingineer_jp/status/1475738126975139841
2021-12-28 07:59:36,pingineer_jp,url,https://jp-meircari-com.chwc5t.cn,#phishing #scam,https://twitter.com/pingineer_jp/status/1475738186337124355
2021-12-28 07:59:36,pingineer_jp,url,https://jp-meircari-com.nyi1r.cn,#phishing #scam,https://twitter.com/pingineer_jp/status/1475738186337124355
2021-12-28 07:59:36,pingineer_jp,url,https://jp-meircari-com.te79r.cn,#phishing #scam,https://twitter.com/pingineer_jp/status/1475738186337124355
2021-12-28 07:59:43,pingineer_jp,url,https://www.jp.mercari.ghoue15lfnbf.fkdslg.com,#phishing #scam,https://twitter.com/pingineer_jp/status/1475738217978941440
2021-12-28 07:59:43,pingineer_jp,url,https://www.jp.mercari.djgkr5kgk.fhgksk.com,#phishing #scam,https://twitter.com/pingineer_jp/status/1475738217978941440
2021-12-28 08:00:06,pingineer_jp,url,https://alpus.moxiox.com,#phishing #scam,https://twitter.com/pingineer_jp/status/1475738314728960002
2021-12-28 08:01:28,pingineer_jp,url,https://gzulneb.cn,#phishing #scam,https://twitter.com/pingineer_jp/status/1475738658393423875
2021-12-28 08:02:35,pingineer_jp,url,https://www.u.secdc-ac.com/,#phishing #scam,https://twitter.com/pingineer_jp/status/1475738939181117440
2021-12-28 08:02:35,pingineer_jp,url,https://www.e.seodo-ao.com/,#phishing #scam,https://twitter.com/pingineer_jp/status/1475738939181117440
2021-12-28 08:02:35,pingineer_jp,url,https://www.c.secdc-ac.com/,#phishing #scam,https://twitter.com/pingineer_jp/status/1475738939181117440
2021-12-28 08:02:35,pingineer_jp,url,https://www.u.seodo-ao.com/,#phishing #scam,https://twitter.com/pingineer_jp/status/1475738939181117440
2021-12-28 08:04:51,pingineer_jp,url,https://foiqyh8.cn,#phishing #scam,https://twitter.com/pingineer_jp/status/1475739507735810059
2021-12-28 08:05:43,pingineer_jp,url,https://api-saisoncard-co-jp.hgkje.top,#phishing #scam,https://twitter.com/pingineer_jp/status/1475739728955985925
2021-12-28 08:07:26,pingineer_jp,url,https://www.a.secdc-ac.com/,#phishing #scam,https://twitter.com/pingineer_jp/status/1475740159258013697
2021-12-28 08:10:26,pingineer_jp,url,https://www.rekutcn.shop,#phishing #scam,https://twitter.com/pingineer_jp/status/1475740915608489986
2021-12-28 08:10:26,pingineer_jp,url,https://dzhe-hupvqs.ga,#phishing #scam,https://twitter.com/pingineer_jp/status/1475740915608489986
2021-12-28 08:11:31,pingineer_jp,url,http://jcb.twzu5nw.cn/,#phishing #scam,https://twitter.com/pingineer_jp/status/1475741186480799747
2021-12-28 08:11:31,pingineer_jp,url,https://jcb.twzu5nw.cn/,#phishing #scam,https://twitter.com/pingineer_jp/status/1475741186480799747
2021-12-28 08:14:09,KesaGataMe0,ip,5.188.38.199,#phishing,https://twitter.com/KesaGataMe0/status/1475741848736272384
2021-12-28 08:14:09,KesaGataMe0,url,http://mercarisecese.ga,#phishing,https://twitter.com/KesaGataMe0/status/1475741848736272384
2021-12-28 08:14:09,KesaGataMe0,url,http://mercariseceseseas.cf,#phishing,https://twitter.com/KesaGataMe0/status/1475741848736272384
2021-12-28 08:14:09,KesaGataMe0,url,http://mercarisecesesd.ml,#phishing,https://twitter.com/KesaGataMe0/status/1475741848736272384
2021-12-28 08:14:09,KesaGataMe0,url,http://mercariseceseset.ga,#phishing,https://twitter.com/KesaGataMe0/status/1475741848736272384
2021-12-28 08:14:26,eudyzerpa,ip,69.49.115.40,#phishing,https://twitter.com/eudyzerpa/status/1475741921628893186
2021-12-28 08:14:26,eudyzerpa,url,http://tecmachine.com.br/,#phishing,https://twitter.com/eudyzerpa/status/1475741921628893186
2021-12-28 08:14:29,eudyzerpa,ip,185.27.134.217,#phishing,https://twitter.com/eudyzerpa/status/1475741931611303936
2021-12-28 08:14:29,eudyzerpa,url,http://mrcadolibrre.prohosts.org/,#phishing,https://twitter.com/eudyzerpa/status/1475741931611303936
2021-12-28 08:19:10,illegalFawn,url,https://paypalsg.com/mt,#phishing,https://twitter.com/illegalFawn/status/1475743113260015626
2021-12-28 08:20:02,HeliosCert,sha256,f4fce5635400f4663593f85e2707e2da36d62ffdc75b1ecc000f749d0fbff687,#malware,https://twitter.com/HeliosCert/status/1475743331661529088
2021-12-28 08:20:02,HeliosCert,ip,95.167.220.241,#malware,https://twitter.com/HeliosCert/status/1475743331661529088
2021-12-28 08:34:47,ozuma5119,domain,q.mareaci.com,#phishing,https://twitter.com/ozuma5119/status/1475747043708657664
2021-12-28 08:34:47,ozuma5119,domain,e.mareaci.com,#phishing,https://twitter.com/ozuma5119/status/1475747043708657664
2021-12-28 08:34:47,ozuma5119,domain,q.muaroei.com,#phishing,https://twitter.com/ozuma5119/status/1475747043708657664
2021-12-28 08:34:47,ozuma5119,domain,e.mvrcoei.com,#phishing,https://twitter.com/ozuma5119/status/1475747043708657664
2021-12-28 08:34:47,ozuma5119,domain,e.muaroei.com,#phishing,https://twitter.com/ozuma5119/status/1475747043708657664
2021-12-28 08:40:02,HeliosCert,ip,103.249.81.86,#malware,https://twitter.com/HeliosCert/status/1475748365040300039
2021-12-28 08:40:02,HeliosCert,sha256,c58a066cd7cf1e7d350f24c25a68f6282bc14ccb550f004288c51de84a400d06,#malware,https://twitter.com/HeliosCert/status/1475748365040300039
2021-12-28 08:42:59,drb_ra,ip,45.132.74.204,#CobaltStrike,https://twitter.com/drb_ra/status/1475749104915464192
2021-12-28 08:43:10,drb_ra,ip,123.51.185.89,#CobaltStrike,https://twitter.com/drb_ra/status/1475749150859931656
2021-12-28 08:43:17,drb_ra,ip,152.136.104.211,#CobaltStrike,https://twitter.com/drb_ra/status/1475749181658746880
2021-12-28 08:43:33,drb_ra,ip,68.183.252.42,#CobaltStrike,https://twitter.com/drb_ra/status/1475749249962893312
2021-12-28 08:43:33,drb_ra,ip,134.209.190.139,#CobaltStrike,https://twitter.com/drb_ra/status/1475749249962893312
2021-12-28 08:44:11,drb_ra,ip,123.57.191.159,#CobaltStrike,https://twitter.com/drb_ra/status/1475749409166135297
2021-12-28 08:44:27,drb_ra,ip,162.14.79.254,#CobaltStrike,https://twitter.com/drb_ra/status/1475749476014989312
2021-12-28 09:15:02,HeliosCert,sha256,87419edfd39f99f9c5538486aa9020304a6c7f138cc7af098cfdb170d87868e8,#malware,https://twitter.com/HeliosCert/status/1475757169362493442
2021-12-28 09:15:02,HeliosCert,ip,182.69.75.204,#malware,https://twitter.com/HeliosCert/status/1475757169362493442
2021-12-28 09:20:02,HeliosCert,sha256,6a003a742a960af31f7ec1b57c9fdbdef6197d88dd0793b80510c610a8ad7d6a,#malware,https://twitter.com/HeliosCert/status/1475758430967283713
2021-12-28 09:20:02,HeliosCert,ip,188.159.61.102,#malware,https://twitter.com/HeliosCert/status/1475758430967283713
2021-12-28 09:30:03,HeliosCert,sha256,5aec6e6089d7281fe47ea64d1685e420f6cd99828137dbe8c6674c90a65dc52a,#malware,https://twitter.com/HeliosCert/status/1475760951324557317
2021-12-28 09:30:03,HeliosCert,ip,183.89.40.162,#malware,https://twitter.com/HeliosCert/status/1475760951324557317
2021-12-28 09:35:51,500mk500,ip,54.38.108.51,#malware,https://twitter.com/500mk500/status/1475762410782920704
2021-12-28 09:35:51,500mk500,ip,31.185.113.201,#malware,https://twitter.com/500mk500/status/1475762410782920704
2021-12-28 09:35:51,500mk500,domain,hocamnsuas.me,#malware,https://twitter.com/500mk500/status/1475762410782920704
2021-12-28 09:35:51,500mk500,ip,176.31.95.228,#malware,https://twitter.com/500mk500/status/1475762410782920704
2021-12-28 09:35:51,500mk500,ip,31.185.114.246,#malware,https://twitter.com/500mk500/status/1475762410782920704
2021-12-28 09:35:51,500mk500,ip,146.59.132.183,#malware,https://twitter.com/500mk500/status/1475762410782920704
2021-12-28 09:35:51,500mk500,domain,00000000.me,#malware,https://twitter.com/500mk500/status/1475762410782920704
2021-12-28 09:41:52,phishunt_io,ip,167.160.188.131,#phishing #scam,https://twitter.com/phishunt_io/status/1475763924943450112
2021-12-28 09:41:52,phishunt_io,url,https://amazon.co.jp.awir.cn/,#phishing #scam,https://twitter.com/phishunt_io/status/1475763924943450112
2021-12-28 09:46:11,TeamDreier,url,https://ezproxy.mef.edu.tr.logezpro.xyz/login/login.html,#phishing,https://twitter.com/TeamDreier/status/1475765012199354368
2021-12-28 09:46:11,TeamDreier,ip,144.76.87.157,#phishing,https://twitter.com/TeamDreier/status/1475765012199354368
2021-12-28 10:02:26,phishgalore,url,https://swiss-post-ch.aladdinxpress.pt/com,#phishing,https://twitter.com/phishgalore/status/1475769098642546690
2021-12-28 10:05:02,HeliosCert,sha256,8ada02ff371c50d4f627bf0cb55b529290e291a1363b59f92724d0b19b01d41b,#malware,https://twitter.com/HeliosCert/status/1475769754069700611
2021-12-28 10:05:02,HeliosCert,ip,89.237.194.55,#malware,https://twitter.com/HeliosCert/status/1475769754069700611
2021-12-28 10:09:10,illegalFawn,url,https://mystifying-nightingale.92-63-173-85.plesk.page/0odwplc-de,#phishing,https://twitter.com/illegalFawn/status/1475770795397947396
2021-12-28 10:09:10,illegalFawn,url,https://thirsty-hofstadter.92-63-173-117.plesk.page/frew,#phishing,https://twitter.com/illegalFawn/status/1475770795397947396
2021-12-28 10:15:52,GootLoaderSites,url,https://help.maccompta.ch/news.php,#GootLoader,https://twitter.com/GootLoaderSites/status/1475772479993831425
2021-12-28 10:20:39,mhusnirizal,url,https://protocoltodapps.live/,#phishing #scam,https://twitter.com/mhusnirizal/status/1475773685529075713
2021-12-28 10:20:39,mhusnirizal,ip,198.54.126.24,#phishing #scam,https://twitter.com/mhusnirizal/status/1475773685529075713
2021-12-28 10:21:41,drb_ra,ip,150.158.92.53,#CobaltStrike,https://twitter.com/drb_ra/status/1475773945202843652
2021-12-28 10:21:49,drb_ra,ip,110.42.172.37,#CobaltStrike,https://twitter.com/drb_ra/status/1475773976894976001
2021-12-28 10:21:55,drb_ra,ip,82.157.35.123,#CobaltStrike,https://twitter.com/drb_ra/status/1475774003486896128
2021-12-28 10:22:08,drb_ra,ip,82.156.248.209,#CobaltStrike,https://twitter.com/drb_ra/status/1475774056536363009
2021-12-28 10:22:18,drb_ra,ip,39.107.254.95,#CobaltStrike,https://twitter.com/drb_ra/status/1475774097397276672
2021-12-28 10:22:26,drb_ra,ip,1.117.93.65,#CobaltStrike,https://twitter.com/drb_ra/status/1475774134915379204
2021-12-28 10:22:33,drb_ra,ip,101.43.95.105,#CobaltStrike,https://twitter.com/drb_ra/status/1475774162895523848
2021-12-28 10:22:33,drb_ra,ip,47.98.110.121,#CobaltStrike,https://twitter.com/drb_ra/status/1475774162895523848
2021-12-28 10:22:39,drb_ra,ip,91.219.236.92,#CobaltStrike,https://twitter.com/drb_ra/status/1475774188912844800
2021-12-28 10:22:50,drb_ra,ip,101.35.116.133,#CobaltStrike,https://twitter.com/drb_ra/status/1475774235012390916
2021-12-28 10:23:23,drb_ra,ip,121.37.1.120,#CobaltStrike,https://twitter.com/drb_ra/status/1475774370115207169
2021-12-28 10:27:23,mhusnirizal,url,https://protocoldapps.live/,#phishing #scam,https://twitter.com/mhusnirizal/status/1475775378027208708
2021-12-28 10:27:23,mhusnirizal,ip,192.64.118.48,#phishing #scam,https://twitter.com/mhusnirizal/status/1475775378027208708
2021-12-28 10:32:20,mhusnirizal,url,http://dapps-protocols.live/,#phishing #scam,https://twitter.com/mhusnirizal/status/1475776625266491392
2021-12-28 10:32:20,mhusnirizal,ip,68.65.122.220,#phishing #scam,https://twitter.com/mhusnirizal/status/1475776625266491392
2021-12-28 10:53:28,sS55752750,url,https://www.facebook.com/darrian.mcarthur.7,#scam,https://twitter.com/sS55752750/status/1475781941274324998
2021-12-28 11:09:01,malwrhunterteam,sha256,d24e44cb7f993e90f8bbf8a94544f84fd165cf48cc0619e1cd4114305c0bd9e0,,https://twitter.com/malwrhunterteam/status/1475785855793049603
2021-12-28 11:10:04,HeliosCert,sha256,455185e7bdfab196c09c07c41eedebe9094b2230a6c7cea089b581ecb05f3b71,#malware,https://twitter.com/HeliosCert/status/1475786118511702016
2021-12-28 11:10:04,HeliosCert,ip,88.247.48.129,#malware,https://twitter.com/HeliosCert/status/1475786118511702016
2021-12-28 11:14:57,D3LabIT,md5,dc91d64e1a98e97d46d57a9381b37ed3,#malware,https://twitter.com/D3LabIT/status/1475787347677618180
2021-12-28 11:14:57,D3LabIT,md5,b6b3935fcec22671b5be40a242b41599,#malware,https://twitter.com/D3LabIT/status/1475787347677618180
2021-12-28 11:25:12,honeymoon_ioc,ip,219.71.86.72,#malware,https://twitter.com/honeymoon_ioc/status/1475789928722219009
2021-12-28 11:39:34,malwrhunterteam,url,https://heuristic-chatterjee.35-201-11-131.plesk.page/web/de/packaging/,,https://twitter.com/malwrhunterteam/status/1475793542106726404
2021-12-28 11:52:58,drb_ra,ip,172.241.27.113,#CobaltStrike,https://twitter.com/drb_ra/status/1475796915149324289
2021-12-28 11:53:10,drb_ra,ip,172.241.27.208,#CobaltStrike,https://twitter.com/drb_ra/status/1475796966768627717
2021-12-28 12:00:02,HeliosCert,ip,46.159.41.219,#malware,https://twitter.com/HeliosCert/status/1475798696113623046
2021-12-28 12:00:02,HeliosCert,sha256,5088b63e7e8a91c6ad01cb9ab1eb50585a06fd48300b8efd3e95959ac45d8897,#malware,https://twitter.com/HeliosCert/status/1475798696113623046
2021-12-28 12:31:10,PhishStats,url,http://www.amazonhome.sfrmobiles.com/,#phishing,https://twitter.com/PhishStats/status/1475806527915274244
2021-12-28 12:31:10,PhishStats,ip,178.18.251.187,#phishing,https://twitter.com/PhishStats/status/1475806527915274244
2021-12-28 13:00:03,HeliosCert,ip,23.95.191.215,#malware,https://twitter.com/HeliosCert/status/1475813796539244546
2021-12-28 13:00:03,HeliosCert,sha256,761c6f1737f2b059214b31bfe7659285f4c2c9688a7ada65f92cba6d65f55253,#malware,https://twitter.com/HeliosCert/status/1475813796539244546
2021-12-28 13:10:39,malwrhunterteam,url,https://collbasecoinbase.duckdns.org/,,https://twitter.com/malwrhunterteam/status/1475816466490482691
2021-12-28 13:14:00,kubotaa3,ip,208.70.74.197,#phishing,https://twitter.com/kubotaa3/status/1475817307419340800
2021-12-28 13:14:00,kubotaa3,url,https://smdc-lt.com/,#phishing,https://twitter.com/kubotaa3/status/1475817307419340800
2021-12-28 13:14:00,kubotaa3,url,https://www.smdc-lt.com/,#phishing,https://twitter.com/kubotaa3/status/1475817307419340800
2021-12-28 13:21:50,ShadowChasing1,md5,c9ab403bd43649b5fd57efac4bf83b7c,,https://twitter.com/ShadowChasing1/status/1475819281648553986
2021-12-28 13:21:50,ShadowChasing1,ip,107.174.68.60,,https://twitter.com/ShadowChasing1/status/1475819281648553986
2021-12-28 13:21:50,ShadowChasing1,ip,192.227.147.152,,https://twitter.com/ShadowChasing1/status/1475819281648553986
2021-12-28 13:26:32,ShadowChasing1,md5,748ae5af58e52e940ab806bdbbe61c4c,,https://twitter.com/ShadowChasing1/status/1475820461476900869
2021-12-28 13:42:54,phishunt_io,url,https://apply-discord.com/,#phishing #scam,https://twitter.com/phishunt_io/status/1475824581189541890
2021-12-28 13:42:54,phishunt_io,ip,185.63.191.248,#phishing #scam,https://twitter.com/phishunt_io/status/1475824581189541890
2021-12-28 13:58:33,phishgalore,url,https://sys-secure-societe-generale.snackeg.com/sg,#phishing,https://twitter.com/phishgalore/status/1475828521121587209
2021-12-28 14:00:00,TheDFIRReport,domain,nirvax.net,#CobaltStrike,https://twitter.com/TheDFIRReport/status/1475828887364026371
2021-12-28 14:00:00,TheDFIRReport,domain,bunced.net,#CobaltStrike,https://twitter.com/TheDFIRReport/status/1475828887364026371
2021-12-28 14:00:00,TheDFIRReport,domain,ravenzt.com,#CobaltStrike,https://twitter.com/TheDFIRReport/status/1475828887364026371
2021-12-28 14:00:00,TheDFIRReport,domain,baravazna.com,#CobaltStrike,https://twitter.com/TheDFIRReport/status/1475828887364026371
2021-12-28 14:00:00,TheDFIRReport,domain,grinf.net,#CobaltStrike,https://twitter.com/TheDFIRReport/status/1475828887364026371
2021-12-28 14:22:04,malwrhunterteam,sha256,de74c319db2b480bfbf3bc0ad0520142e9dd79bedc25d112a9a351b299b4863f,,https://twitter.com/malwrhunterteam/status/1475834438064001026
2021-12-28 14:32:44,elhackernet,url,https://envios-sending.com/,,https://twitter.com/elhackernet/status/1475837122321989632
2021-12-28 14:32:44,elhackernet,url,https://envios-mrw.com,,https://twitter.com/elhackernet/status/1475837122321989632
2021-12-28 14:36:01,malwrhunterteam,sha256,c09bafc706787b087860c38edf470a66793c4c4b095905a676d59246e5d7648b,,https://twitter.com/malwrhunterteam/status/1475837950214742031
2021-12-28 14:43:03,drb_ra,ip,141.105.66.36,#CobaltStrike,https://twitter.com/drb_ra/status/1475839717811892232
2021-12-28 14:43:30,CardanoPhishing,ip,190.115.18.159,#phishing #scam,https://twitter.com/CardanoPhishing/status/1475839831196540932
2021-12-28 14:43:30,CardanoPhishing,domain,adatoday.net,#phishing #scam,https://twitter.com/CardanoPhishing/status/1475839831196540932
2021-12-28 14:43:52,drb_ra,ip,172.241.27.198,#CobaltStrike,https://twitter.com/drb_ra/status/1475839925656465410
2021-12-28 14:44:11,drb_ra,ip,104.194.11.249,#CobaltStrike,https://twitter.com/drb_ra/status/1475840004538650626
2021-12-28 14:44:27,drb_ra,ip,182.92.211.102,#CobaltStrike,https://twitter.com/drb_ra/status/1475840073035923458
2021-12-28 14:44:50,drb_ra,ip,8.141.167.57,#CobaltStrike,https://twitter.com/drb_ra/status/1475840166430482434
2021-12-28 14:44:50,drb_ra,ip,101.226.28.204,#CobaltStrike,https://twitter.com/drb_ra/status/1475840166430482434
2021-12-28 14:44:54,drb_ra,ip,1.116.159.72,#CobaltStrike,https://twitter.com/drb_ra/status/1475840183010537481
2021-12-28 14:46:29,ecarlesi,url,https://78hfgs.com,#phishing,https://twitter.com/ecarlesi/status/1475840581700050956
2021-12-28 14:47:48,ecarlesi,url,https://alumchoix.com/stock/core/js/lib_head.js.php?lang=fr_fr&amp;layout=classic&amp;version=14.0.4,#phishing,https://twitter.com/ecarlesi/status/1475840914732253188
2021-12-28 14:49:10,ecarlesi,url,https://assist365-centre.com/,#phishing,https://twitter.com/ecarlesi/status/1475841257813553155
2021-12-28 14:53:50,ecarlesi,url,https://colliab.land,#phishing,https://twitter.com/ecarlesi/status/1475842431161675783
2021-12-28 14:54:31,ecarlesi,url,https://dacentralands.shop,#phishing,https://twitter.com/ecarlesi/status/1475842603467919366
2021-12-28 14:55:29,ecarlesi,url,https://bfy5edg.com,#phishing,https://twitter.com/ecarlesi/status/1475842849660932101
2021-12-28 14:55:29,ecarlesi,url,https://com-iuytreyimc.com/ceryer/,#phishing,https://twitter.com/ecarlesi/status/1475842849644199937
2021-12-28 14:56:01,ecarlesi,url,https://com-iuytreyimc.com/cgi-bin/,#phishing,https://twitter.com/ecarlesi/status/1475842981349445633
2021-12-28 14:56:50,malwrhunterteam,url,https://cdn.discordapp.com/attachments/924158564728184885/925022516664225872/resim.apk,,https://twitter.com/malwrhunterteam/status/1475843186643898368
2021-12-28 14:56:50,malwrhunterteam,sha256,288e1b030ca1bb5a5a0708ee94250d3acb4a5c571e58c338959f3065c1246900,,https://twitter.com/malwrhunterteam/status/1475843186643898368
2021-12-28 14:57:02,ecarlesi,url,http://bfy5edg.com,#phishing,https://twitter.com/ecarlesi/status/1475843236317040640
2021-12-28 14:59:29,ecarlesi,url,http://comutiyer.com/nfduyrw/,#phishing,https://twitter.com/ecarlesi/status/1475843854138023947
2021-12-28 15:00:49,ecarlesi,url,https://getnewtrustgifts.sbs/,#phishing,https://twitter.com/ecarlesi/status/1475844189606883330
2021-12-28 15:02:50,ecarlesi,url,https://farisma.store/laporan_kerusakan.zip,#phishing,https://twitter.com/ecarlesi/status/1475844699898335236
2021-12-28 15:03:11,ecarlesi,url,https://getnewtrustgifts.sbs/index.html,#phishing,https://twitter.com/ecarlesi/status/1475844784707227652
2021-12-28 15:03:43,ecarlesi,url,https://cryptoruzfx.org/company/11011637.html,#phishing,https://twitter.com/ecarlesi/status/1475844919893897219
2021-12-28 15:04:35,ecarlesi,url,https://getnewtrustgifts.sbs/privacy-and-policy.html,#phishing,https://twitter.com/ecarlesi/status/1475845136248627209
2021-12-28 15:04:54,ecarlesi,url,https://localoffice-redelivery-fees.com/,#phishing,https://twitter.com/ecarlesi/status/1475845219333595137
2021-12-28 15:06:28,ecarlesi,url,https://maindevice-secure.com/santander/,#phishing,https://twitter.com/ecarlesi/status/1475845611220090881
2021-12-28 15:07:30,malwrhunterteam,sha256,04428ffdeade12fe9cd7051840f0798f32ab7237e85214c64dea2cfeb8e90aeb,,https://twitter.com/malwrhunterteam/status/1475845871229190147
2021-12-28 15:07:30,ecarlesi,url,https://kinesiologyphysiotherapy.com/iems.zip,#phishing,https://twitter.com/ecarlesi/status/1475845871837368330
2021-12-28 15:08:11,ecarlesi,url,http://hsbc-securitycheck.com/,#phishing,https://twitter.com/ecarlesi/status/1475846042973310980
2021-12-28 15:09:03,MalwarePatrol,url,http://www.lookatmynewphotos.com/,#phishing,https://twitter.com/MalwarePatrol/status/1475846262830379009
2021-12-28 15:09:11,ecarlesi,url,https://getnewtrustgifts.sbs/contact.html,#phishing,https://twitter.com/ecarlesi/status/1475846296867119104
2021-12-28 15:10:03,HeliosCert,sha256,4b91d89808f07084d061aace8b57d22b0c69b17d4e8edef6d42d3b7629f3ad28,#malware,https://twitter.com/HeliosCert/status/1475846512508874762
2021-12-28 15:10:03,HeliosCert,ip,46.98.143.86,#malware,https://twitter.com/HeliosCert/status/1475846512508874762
2021-12-28 15:10:22,ecarlesi,url,http://hsbc-securitycheck.com/login.php,#phishing,https://twitter.com/ecarlesi/status/1475846594281025540
2021-12-28 15:10:26,ecarlesi,url,https://maindevice-secure.com/santander/login.php,#phishing,https://twitter.com/ecarlesi/status/1475846612211613702
2021-12-28 15:11:08,ecarlesi,url,https://grabmymaid.online/installer//grabmaid.apk,#malware,https://twitter.com/ecarlesi/status/1475846784715046915
2021-12-28 15:12:28,ecarlesi,url,http://manage-onlineservices.com/santander/,#phishing,https://twitter.com/ecarlesi/status/1475847123614715913
2021-12-28 15:12:34,ecarlesi,url,https://getnewtrustgifts.sbs/wallet.php,#phishing,https://twitter.com/ecarlesi/status/1475847148675739651
2021-12-28 15:13:10,ecarlesi,url,https://bradgo.com,#phishing,https://twitter.com/ecarlesi/status/1475847296679956481
2021-12-28 15:13:10,ecarlesi,url,https://po-parcel-help.com/,#phishing,https://twitter.com/ecarlesi/status/1475847298995343366
2021-12-28 15:13:14,500mk500,domain,eyedm.com,,https://twitter.com/500mk500/status/1475847316741492740
2021-12-28 15:13:23,ecarlesi,url,http://po-package-reschedule.com/,#phishing,https://twitter.com/ecarlesi/status/1475847351755591683
2021-12-28 15:13:48,ecarlesi,url,https://post-office-branch-fees.com/,#phishing,https://twitter.com/ecarlesi/status/1475847455866507275
2021-12-28 15:14:32,ecarlesi,url,https://processedamzon.com,#phishing,https://twitter.com/ecarlesi/status/1475847644350140416
2021-12-28 15:14:39,ecarlesi,url,https://maindevice-verify.com/,#phishing,https://twitter.com/ecarlesi/status/1475847672045219841
2021-12-28 15:15:14,ecarlesi,url,https://saudiarabiaexams.com/admin.zip,#phishing,https://twitter.com/ecarlesi/status/1475847816874496009
2021-12-28 15:16:04,ecarlesi,url,https://maindevice-verify.com/login.php,#phishing,https://twitter.com/ecarlesi/status/1475848028082814979
2021-12-28 15:17:55,ecarlesi,url,https://online-citi-bank-secure-logon.com,#phishing,https://twitter.com/ecarlesi/status/1475848495491911681
2021-12-28 15:17:59,PhishStats,url,http://monespacelclparticulierslcl-docssl.com/,#phishing,https://twitter.com/PhishStats/status/1475848508653641735
2021-12-28 15:17:59,PhishStats,ip,34.67.177.29,#phishing,https://twitter.com/PhishStats/status/1475848508653641735
2021-12-28 15:18:12,ecarlesi,url,https://protections.digital/,#phishing,https://twitter.com/ecarlesi/status/1475848566879014912
2021-12-28 15:19:48,ecarlesi,url,https://postage-failure.com/,#phishing,https://twitter.com/ecarlesi/status/1475848966629642245
2021-12-28 15:19:54,ecarlesi,url,http://postoffices-parceltrack.com/,#phishing,https://twitter.com/ecarlesi/status/1475848993817206785
2021-12-28 15:20:03,HeliosCert,sha256,6af42a9026223db1b3a0a5ebb788d8935dabfd9dfe34093957b739cb531619a0,#malware,https://twitter.com/HeliosCert/status/1475849028646707206
2021-12-28 15:20:03,HeliosCert,ip,156.200.176.101,#malware,https://twitter.com/HeliosCert/status/1475849028646707206
2021-12-28 15:21:17,ecarlesi,url,http://uk-tax-refund806.com/gov/,#phishing,https://twitter.com/ecarlesi/status/1475849339255894025
2021-12-28 15:21:18,ecarlesi,url,https://meeting.tube/jupitermeet.zip,#phishing,https://twitter.com/ecarlesi/status/1475849346256150537
2021-12-28 15:22:25,ecarlesi,url,http://uk-tax-refund807.com/gov/,#phishing,https://twitter.com/ecarlesi/status/1475849625944924170
2021-12-28 15:23:13,ecarlesi,url,http://voiledf.com,#phishing,https://twitter.com/ecarlesi/status/1475849826722095109
2021-12-28 15:23:46,ecarlesi,url,http://your-trust-wallet.com/,#phishing,https://twitter.com/ecarlesi/status/1475849966262358017
2021-12-28 15:24:51,ecarlesi,url,http://your-trust-wallet.com/secure.php,#phishing,https://twitter.com/ecarlesi/status/1475850236463566857
2021-12-28 15:25:02,HeliosCert,sha256,67b3b1b4621eb4c208a591f87110f758d3cab94d49c35c30b650bed18f8600f1,#malware,https://twitter.com/HeliosCert/status/1475850284014485506
2021-12-28 15:25:08,ecarlesi,url,https://hscbfinance.com/about.php,#phishing,https://twitter.com/ecarlesi/status/1475850310228889601
2021-12-28 15:25:38,ecarlesi,url,http://your-trust-wallet.com/?,#phishing,https://twitter.com/ecarlesi/status/1475850435189784578
2021-12-28 15:26:03,ecarlesi,url,https://web-db-home.com/,#phishing,https://twitter.com/ecarlesi/status/1475850542400348162
2021-12-28 15:27:48,ecarlesi,url,http://your-trust-wallet.com/secure.php?,#phishing,https://twitter.com/ecarlesi/status/1475850981086830593
2021-12-28 15:28:12,ecarlesi,url,http://your-trust-wallet.com/recovery.php,#phishing,https://twitter.com/ecarlesi/status/1475851082173722625
2021-12-28 15:29:08,ecarlesi,url,http://your-trust-wallet.com/recovery.php?,#phishing,https://twitter.com/ecarlesi/status/1475851315221778434
2021-12-28 15:30:56,ecarlesi,url,https://users-info.online,#phishing,https://twitter.com/ecarlesi/status/1475851768156368899
2021-12-28 15:31:13,ecarlesi,url,https://update-service.online/dhl/billingukkkkkk.zip,#phishing,https://twitter.com/ecarlesi/status/1475851842055774212
2021-12-28 15:33:23,ecarlesi,url,https://valuma-ver.com/,#phishing,https://twitter.com/ecarlesi/status/1475852386807726092
2021-12-28 15:34:11,ecarlesi,url,http://com-utiyers.com/cretsa/,#phishing,https://twitter.com/ecarlesi/status/1475852587261784064
2021-12-28 15:34:34,ecarlesi,url,https://uk-tax-refund805.com/gov/,#phishing,https://twitter.com/ecarlesi/status/1475852683621937156
2021-12-28 15:35:24,ecarlesi,url,https://asunelek.limited,#phishing,https://twitter.com/ecarlesi/status/1475852893769150472
2021-12-28 15:35:34,ecarlesi,url,http://slaymodzz.xyz/injector.exe,#malware,https://twitter.com/ecarlesi/status/1475852934084763651
2021-12-28 15:37:28,ecarlesi,url,http://uk-tax-refund805.com/gov/,#phishing,https://twitter.com/ecarlesi/status/1475853415372795912
2021-12-28 15:37:55,ecarlesi,url,http://slaymodzz.xyz/slay39.dll,#malware,https://twitter.com/ecarlesi/status/1475853527335510019
2021-12-28 15:39:58,ecarlesi,url,http://wel1s1f1arg0.xyz/,#phishing,https://twitter.com/ecarlesi/status/1475854041196466184
2021-12-28 15:40:12,ecarlesi,url,https://o2automated-phonebilling.com/,#phishing,https://twitter.com/ecarlesi/status/1475854103427301379
2021-12-28 15:42:42,ecarlesi,url,https://trust-aird.com/,#phishing,https://twitter.com/ecarlesi/status/1475854729276186624
2021-12-28 15:43:03,dubstard,url,https://wallet-connect.store,#phishing #scam,https://twitter.com/dubstard/status/1475854820200402950
2021-12-28 15:43:03,dubstard,ip,162.213.255.47,#phishing #scam,https://twitter.com/dubstard/status/1475854820200402950
2021-12-28 15:44:49,ecarlesi,url,https://trust-aird.com/confirm.html,#phishing,https://twitter.com/ecarlesi/status/1475855263932600330
2021-12-28 16:04:15,ecarlesi,url,https://lastevo.online/download/last%20evolution.zip,#malware,https://twitter.com/ecarlesi/status/1475860154596065282
2021-12-28 16:25:23,drb_ra,ip,139.196.184.48,#CobaltStrike,https://twitter.com/drb_ra/status/1475865470901399555
2021-12-28 16:25:46,drb_ra,ip,82.157.153.153,#CobaltStrike,https://twitter.com/drb_ra/status/1475865568632877063
2021-12-28 16:29:44,dubstard,url,https://dotevent.io,#scam,https://twitter.com/dubstard/status/1475866567233749001
2021-12-28 16:30:17,RedBeardIOCs,sha256,8d7caeb73c9e3f280f63ac25d5299b2c880557297e7b36b22a5db6f5d2b6a008,#Remcos,https://twitter.com/RedBeardIOCs/status/1475866705259859971
2021-12-28 16:30:17,RedBeardIOCs,sha256,2c9cfe60a64be9aef25f2648cd645d93b7c693133035c40af2b5ca23cb2c8a3d,#Remcos,https://twitter.com/RedBeardIOCs/status/1475866705259859971
2021-12-28 16:30:17,RedBeardIOCs,sha256,b89e4f3b58de699122a9c45362628d4ad45a2cb35d8fba884ffbd5efbbf0075f,#Remcos,https://twitter.com/RedBeardIOCs/status/1475866705259859971
2021-12-28 16:30:17,RedBeardIOCs,sha256,4e126a7d53c7d1ef329a3dabd097c438b694b8d24c4ac14884657592528f4211,#Remcos,https://twitter.com/RedBeardIOCs/status/1475866705259859971
2021-12-28 17:03:02,InQuest,sha256,0228f32824749cb3740d1fa001847e50273c7f38d4ef70cb0ff020c803b81ab3,,https://twitter.com/InQuest/status/1475874948770144261
2021-12-28 17:35:36,ecarlesi,url,http://tlytela.com/cloud/school_setup.exe,#malware,https://twitter.com/ecarlesi/status/1475883141835407370
2021-12-28 17:43:42,ecarlesi,url,http://lxcswoool.com/%e9%be%8d%e8%a1%8c%e5%a4%a9%e4%b8%8b.zip,#malware,https://twitter.com/ecarlesi/status/1475885181223460876
2021-12-28 17:44:16,phishunt_io,ip,38.18.155.75,#phishing #scam,https://twitter.com/phishunt_io/status/1475885322735173637
2021-12-28 17:44:16,phishunt_io,url,https://googletj.com.cn/,#phishing #scam,https://twitter.com/phishunt_io/status/1475885322735173637
2021-12-28 18:00:00,silentpush_labs,domain,cryptotanks.reward-support.com,#phishing,https://twitter.com/silentpush_labs/status/1475889283630202881
2021-12-28 18:00:00,silentpush_labs,ip,162.241.27.32,#phishing,https://twitter.com/silentpush_labs/status/1475889283630202881
2021-12-28 18:01:16,ecarlesi,url,https://avalanchemythic.com/css.zip,#phishing,https://twitter.com/ecarlesi/status/1475889603060056069
2021-12-28 18:05:03,HeliosCert,ip,182.156.110.114,#malware,https://twitter.com/HeliosCert/status/1475890554961637383
2021-12-28 18:05:03,HeliosCert,sha256,2d7389454316b1bed0ee85e1e41cdf69e606f8b2c9af1d6c72262a38e02748c8,#malware,https://twitter.com/HeliosCert/status/1475890554961637383
2021-12-28 18:06:40,honeymoon_ioc,ip,167.71.13.196,#Log4shell,https://twitter.com/honeymoon_ioc/status/1475890962257920002
2021-12-28 18:07:51,500mk500,ip,5.39.56.221,#malware,https://twitter.com/500mk500/status/1475891257595543558
2021-12-28 18:07:51,500mk500,domain,hotwebcams.site,#malware,https://twitter.com/500mk500/status/1475891257595543558
2021-12-28 18:08:50,ecarlesi,url,https://archietrace.buzz/office/,#phishing,https://twitter.com/ecarlesi/status/1475891506364006412
2021-12-28 18:16:11,ecarlesi,url,https://eblagh1.com/%d8%b9%d8%af%d8%a7%d9%84%d8%aa%20%d9%87%d9%85%d8%b1%d8%a7%d9%87.apk,#malware,https://twitter.com/ecarlesi/status/1475893354105917444
2021-12-28 18:20:21,PhishStats,url,http://micheltanguy03orangefr.ctcin.bio/,#phishing,https://twitter.com/PhishStats/status/1475894406397968396
2021-12-28 18:20:21,PhishStats,ip,185.19.204.7,#phishing,https://twitter.com/PhishStats/status/1475894406397968396
2021-12-28 18:47:46,ecarlesi,url,http://parcelinfo-support-redelivery.com/,#phishing,https://twitter.com/ecarlesi/status/1475901302639108098
2021-12-28 18:48:34,ecarlesi,url,https://parcelinfo-support-redelivery.com/,#phishing,https://twitter.com/ecarlesi/status/1475901505110777859
2021-12-28 18:52:15,malwrhunterteam,url,https://skidware.cc/,,https://twitter.com/malwrhunterteam/status/1475902431410204674
2021-12-28 19:48:54,malwrhunterteam,url,https://cdn.discordapp.com/attachments/922963841090981910/925430339239825478/google_play_store.apk,,https://twitter.com/malwrhunterteam/status/1475916690504491014
2021-12-28 19:48:54,malwrhunterteam,sha256,496f2dcbd0a821e42c915e034ca9e7d049835e7b54a7406c864296d175d47ca1,,https://twitter.com/malwrhunterteam/status/1475916690504491014
2021-12-28 20:05:24,ecarlesi,url,https://comauterum.bar/lgninaccntonflix.com/,#phishing,https://twitter.com/ecarlesi/status/1475920840743133187
2021-12-28 20:16:39,ecarlesi,url,https://comauterum.org,#phishing,https://twitter.com/ecarlesi/status/1475923673706123264
2021-12-28 20:43:10,drb_ra,ip,120.24.182.185,#CobaltStrike,https://twitter.com/drb_ra/status/1475930347015708675
2021-12-28 20:43:16,drb_ra,ip,152.32.216.182,#CobaltStrike,https://twitter.com/drb_ra/status/1475930371468533765
2021-12-28 20:43:31,drb_ra,ip,92.255.85.44,#CobaltStrike,https://twitter.com/drb_ra/status/1475930431946121227
2021-12-28 20:49:19,malwrhunterteam,sha256,931a179c79654e0b0b8f227e42537f53d5693142e1e6d1647c4513d0233a19cc,,https://twitter.com/malwrhunterteam/status/1475931892784451586
2021-12-28 20:49:19,malwrhunterteam,domain,tencentvip.tk,,https://twitter.com/malwrhunterteam/status/1475931892784451586
2021-12-28 20:53:06,spamrats,domain,teledata.mz,#phishing,https://twitter.com/spamrats/status/1475932844518109185
2021-12-28 20:53:06,spamrats,domain,s.id,#phishing,https://twitter.com/spamrats/status/1475932844518109185
2021-12-28 20:57:50,malwrhunterteam,sha256,be81f11cd3b848bf01579b77fd91948e7360be7c8225ac437edaea6a3190ff98,,https://twitter.com/malwrhunterteam/status/1475934035364954113
2021-12-28 21:06:18,malwrhunterteam,ip,23.224.70.154,,https://twitter.com/malwrhunterteam/status/1475936167237496832
2021-12-28 21:09:27,malwrhunterteam,ip,119.23.172.17,,https://twitter.com/malwrhunterteam/status/1475936962032852992
2021-12-28 21:09:27,malwrhunterteam,sha256,b015c91dd55d4beaebbe2cd9489dc4d647b98e6af1a96a43ac200131e2f4ed79,,https://twitter.com/malwrhunterteam/status/1475936962032852992
2021-12-28 21:10:02,dnstwist,domain,googleweb.co.uk,#phishing,https://twitter.com/dnstwist/status/1475937105243095040
2021-12-28 21:10:02,HeliosCert,ip,176.62.84.110,#malware,https://twitter.com/HeliosCert/status/1475937107982143495
2021-12-28 21:10:02,HeliosCert,sha256,3bae088144ef5d7af909a7617f4b9712212099415364c6cccb432ae2313e2752,#malware,https://twitter.com/HeliosCert/status/1475937107982143495
2021-12-28 21:13:18,SpamAuditor,domain,zpr.io,#phishing,https://twitter.com/SpamAuditor/status/1475937928203235331
2021-12-28 21:13:18,SpamAuditor,ip,106.75.116.247,#phishing,https://twitter.com/SpamAuditor/status/1475937928203235331
2021-12-28 21:16:06,ecarlesi,url,https://auoeiruco.com/,#phishing,https://twitter.com/ecarlesi/status/1475938634314526731
2021-12-28 21:16:42,ecarlesi,url,https://monespacelclmessagerieconseiller.vercel.app/,#phishing,https://twitter.com/ecarlesi/status/1475938784437051405
2021-12-28 21:17:43,PhishStats,url,http://americanexpress-auth.azurewebsites.net/,#phishing,https://twitter.com/PhishStats/status/1475939038599254022
2021-12-28 21:17:43,PhishStats,ip,20.43.43.32,#phishing,https://twitter.com/PhishStats/status/1475939038599254022
2021-12-28 21:21:35,gorkemguler_,domain,paribu.link,#phishing,https://twitter.com/gorkemguler_/status/1475940013498060812
2021-12-28 21:25:02,HeliosCert,ip,202.93.141.6,#malware,https://twitter.com/HeliosCert/status/1475940880813023238
2021-12-28 21:25:02,HeliosCert,sha256,fd04906a7e6fca9337ed149df7bb49774f3ad70d11f0994dadeaa49f7cbc4be9,#malware,https://twitter.com/HeliosCert/status/1475940880813023238
2021-12-28 21:32:13,ecarlesi,url,http://schreiberville.com/web_design/templates/1957/1957.zip,#phishing,https://twitter.com/ecarlesi/status/1475942689547894784
2021-12-28 21:32:22,ecarlesi,url,https://msgauthconsei1.com/,#phishing,https://twitter.com/ecarlesi/status/1475942725253943297
2021-12-28 21:34:08,ecarlesi,url,https://msgauthconsei.com/,#phishing,https://twitter.com/ecarlesi/status/1475943172836675585
2021-12-28 21:50:02,HeliosCert,ip,36.90.172.185,#malware,https://twitter.com/HeliosCert/status/1475947174819155971
2021-12-28 21:50:02,HeliosCert,sha256,6ce0a58ebfb450dbab4df9f5c4e9bd127c1499a7e936c172e639d0d4c61f024b,#malware,https://twitter.com/HeliosCert/status/1475947174819155971
2021-12-28 21:52:01,phishunt_io,url,https://microsoftupdate-613fc9.webflow.io/,#phishing #scam,https://twitter.com/phishunt_io/status/1475947672779563008
2021-12-28 21:52:01,phishunt_io,ip,151.101.113.95,#phishing #scam,https://twitter.com/phishunt_io/status/1475947672779563008
2021-12-28 22:01:29,ecarlesi,url,http://trustwallet.computer/,#phishing,https://twitter.com/ecarlesi/status/1475950055622389777
2021-12-28 22:05:40,ecarlesi,url,https://kawaiimeishi-club.com/dev/trust%20wallet%202/,#phishing,https://twitter.com/ecarlesi/status/1475951107214032896
2021-12-28 22:10:02,HeliosCert,ip,154.236.109.47,#malware,https://twitter.com/HeliosCert/status/1475952205077356551
2021-12-28 22:10:02,HeliosCert,sha256,516d5817ae46bdf224e78cb3917cbc2356d581ad31b4b69f7003c05fce066277,#malware,https://twitter.com/HeliosCert/status/1475952205077356551
2021-12-28 22:13:17,drb_ra,ip,23.105.222.234,#CobaltStrike,https://twitter.com/drb_ra/status/1475953024208146434
2021-12-28 22:13:28,drb_ra,ip,69.172.75.132,#CobaltStrike,https://twitter.com/drb_ra/status/1475953070005760000
2021-12-28 22:13:35,drb_ra,ip,158.247.204.65,#CobaltStrike,https://twitter.com/drb_ra/status/1475953100485767168
2021-12-28 22:13:47,drb_ra,ip,101.43.109.165,#CobaltStrike,https://twitter.com/drb_ra/status/1475953148342771712
2021-12-28 22:13:55,drb_ra,ip,45.77.24.139,#CobaltStrike,https://twitter.com/drb_ra/status/1475953182400565250
2021-12-28 22:13:55,drb_ra,ip,103.100.208.30,#CobaltStrike,https://twitter.com/drb_ra/status/1475953182400565250
2021-12-28 22:14:01,drb_ra,ip,175.24.16.155,#CobaltStrike,https://twitter.com/drb_ra/status/1475953209730609164
2021-12-28 22:14:01,drb_ra,ip,58.243.200.63,#CobaltStrike,https://twitter.com/drb_ra/status/1475953209730609164
2021-12-28 22:14:01,drb_ra,ip,223.85.108.20,#CobaltStrike,https://twitter.com/drb_ra/status/1475953209730609164
2021-12-28 22:14:01,drb_ra,ip,58.49.157.154,#CobaltStrike,https://twitter.com/drb_ra/status/1475953209730609164
2021-12-28 22:14:12,ecarlesi,url,http://vpnserverpro.com,#phishing,https://twitter.com/ecarlesi/status/1475953255049883648
2021-12-28 22:14:16,drb_ra,ip,83.220.170.85,#CobaltStrike,https://twitter.com/drb_ra/status/1475953270908760072
2021-12-28 22:14:23,drb_ra,ip,65.108.104.178,#CobaltStrike,https://twitter.com/drb_ra/status/1475953301371953152
2021-12-28 22:14:31,drb_ra,ip,143.244.178.247,#CobaltStrike,https://twitter.com/drb_ra/status/1475953334808944649
2021-12-28 22:14:38,drb_ra,ip,45.32.113.146,#CobaltStrike,https://twitter.com/drb_ra/status/1475953363082690562
2021-12-28 22:14:46,drb_ra,ip,134.122.134.64,#CobaltStrike,https://twitter.com/drb_ra/status/1475953397631225864
2021-12-28 22:14:46,drb_ra,ip,134.122.134.62,#CobaltStrike,https://twitter.com/drb_ra/status/1475953397631225864
2021-12-28 22:14:53,drb_ra,ip,35.175.228.110,#CobaltStrike,https://twitter.com/drb_ra/status/1475953426882347017
2021-12-28 22:15:01,drb_ra,ip,143.92.61.230,#CobaltStrike,https://twitter.com/drb_ra/status/1475953460910698504
2021-12-28 22:15:13,drb_ra,ip,35.241.127.243,#CobaltStrike,https://twitter.com/drb_ra/status/1475953509828808705
2021-12-28 22:15:23,drb_ra,ip,103.146.179.86,#CobaltStrike,https://twitter.com/drb_ra/status/1475953551516082184
2021-12-28 22:15:32,drb_ra,ip,45.227.255.157,#CobaltStrike,https://twitter.com/drb_ra/status/1475953590011322374
2021-12-28 22:15:45,drb_ra,ip,108.61.127.94,#CobaltStrike,https://twitter.com/drb_ra/status/1475953644235280389
2021-12-28 22:15:54,drb_ra,ip,60.205.184.192,#CobaltStrike,https://twitter.com/drb_ra/status/1475953684135788558
2021-12-28 22:16:05,drb_ra,ip,146.19.230.20,#CobaltStrike,https://twitter.com/drb_ra/status/1475953730205933572
2021-12-28 22:16:14,drb_ra,ip,45.76.197.149,#CobaltStrike,https://twitter.com/drb_ra/status/1475953764683202560
2021-12-28 22:16:21,drb_ra,ip,108.166.201.112,#CobaltStrike,https://twitter.com/drb_ra/status/1475953794282401797
2021-12-28 22:16:21,drb_ra,ip,50.7.251.251,#CobaltStrike,https://twitter.com/drb_ra/status/1475953794282401797
2021-12-28 22:16:21,drb_ra,ip,50.7.251.250,#CobaltStrike,https://twitter.com/drb_ra/status/1475953795377082381
2021-12-28 22:16:21,drb_ra,ip,50.7.251.252,#CobaltStrike,https://twitter.com/drb_ra/status/1475953796413108230
2021-12-28 22:20:02,HeliosCert,sha256,58648bea00b4f75ea319cb72b1abfd58a78248a490940c7603b9001901602f06,#malware,https://twitter.com/HeliosCert/status/1475954721085083657
2021-12-28 22:26:21,ecarlesi,url,http://dhldeliverybooking.com/,#phishing,https://twitter.com/ecarlesi/status/1475956314568380417
2021-12-28 22:30:03,HeliosCert,ip,111.255.127.213,#malware,https://twitter.com/HeliosCert/status/1475957242340024324
2021-12-28 22:30:03,HeliosCert,sha256,6e93943fe9bb47522658205404bbbda65015e4fc3a42e909ca42707eeeacc1df,#malware,https://twitter.com/HeliosCert/status/1475957242340024324
2021-12-28 22:30:03,HeliosCert,ip,190.115.75.5,#malware,https://twitter.com/HeliosCert/status/1475957244957130752
2021-12-28 22:30:03,HeliosCert,sha256,fe8e1eb9950c6ebbc5b931b46ba55cfd8443b2faf45e57a8887d151f26d9b739,#malware,https://twitter.com/HeliosCert/status/1475957244957130752
2021-12-28 22:31:19,ecarlesi,url,https://dhldeliverybooking.com/book/,#phishing,https://twitter.com/ecarlesi/status/1475957560482086914
2021-12-28 22:41:42,ecarlesi,url,https://volksbank-personal.com/,#phishing,https://twitter.com/ecarlesi/status/1475960176851226635
2021-12-28 23:11:26,ecarlesi,url,https://colinqtrail.buzz/office/,#phishing,https://twitter.com/ecarlesi/status/1475967656662605832
2021-12-28 23:39:31,KesaGataMe0,url,https://smbc.cear-ne.jp/mem/index,#phishing,https://twitter.com/KesaGataMe0/status/1475974723658223616
2021-12-28 23:39:31,KesaGataMe0,url,https://smbc.cear-ne.com/mem/index,#phishing,https://twitter.com/KesaGataMe0/status/1475974723658223616
2021-12-28 23:39:31,KesaGataMe0,url,https://smbc.cared-ne.com/mem/index,#phishing,https://twitter.com/KesaGataMe0/status/1475974723658223616
2021-12-28 23:39:31,KesaGataMe0,url,https://smbc.cear-ne.net/mem/index,#phishing,https://twitter.com/KesaGataMe0/status/1475974723658223616
2021-12-28 23:39:31,KesaGataMe0,ip,162.240.35.133,#phishing,https://twitter.com/KesaGataMe0/status/1475974723658223616
2021-12-28 23:55:45,KesaGataMe0,url,https://etc.znhcf.cn,#phishing,https://twitter.com/KesaGataMe0/status/1475978808948068353
2021-12-28 23:55:45,KesaGataMe0,ip,173.82.100.28,#phishing,https://twitter.com/KesaGataMe0/status/1475978808948068353
