2021-09-04 00:09:03,MalwarePatrol,url,http://www.jasonmaiolo.com/okay/cmd-login=c7060c871fcdb4d12ea8f18374f4b441/,#phishing,https://twitter.com/MalwarePatrol/status/1433945165941678085
2021-09-04 00:09:03,MalwarePatrol,md5,c7060c871fcdb4d12ea8f18374f4b441,#phishing,https://twitter.com/MalwarePatrol/status/1433945165941678085
2021-09-04 00:10:03,HeliosCert,ip,103.234.94.229,#malware,https://twitter.com/HeliosCert/status/1433945415989219331
2021-09-04 00:10:03,HeliosCert,sha256,df4d016b36b0e0a6d4ab51c80988e25e1d3b5a92dba0247f431c7f83e75aa533,#malware,https://twitter.com/HeliosCert/status/1433945415989219331
2021-09-04 00:18:09,secbird1,url,https://jaeesservice-tranid-jalg00001-00m.anenlarge.cn/,#phishing,https://twitter.com/secbird1/status/1433947456153088000
2021-09-04 00:18:09,secbird1,ip,211.253.129.200,#phishing,https://twitter.com/secbird1/status/1433947456153088000
2021-09-04 00:21:59,secbird1,url,https://jaeesservice-tranid-jalg00001-00m.annegative.cn/,#phishing,https://twitter.com/secbird1/status/1433948419609952257
2021-09-04 00:23:03,secbird1,url,https://jaeesservice-tranid-jalg00001-00m.anmuscle.cn/,#phishing,https://twitter.com/secbird1/status/1433948690410999812
2021-09-04 00:24:04,secbird1,url,https://jaeesservice-tranid-jalg00001-00m.anmonitor.cn/,#phishing,https://twitter.com/secbird1/status/1433948945873391616
2021-09-04 00:34:44,drb_ra,ip,173.82.232.176,#CobaltStrike,https://twitter.com/drb_ra/status/1433951628235784196
2021-09-04 00:34:44,drb_ra,ip,162.244.83.95,#CobaltStrike,https://twitter.com/drb_ra/status/1433951628235784196
2021-09-04 01:01:09,ozuma5119,ip,155.235.250.82,#phishing,https://twitter.com/ozuma5119/status/1433958278858305538
2021-09-04 01:01:09,ozuma5119,url,https://www.ye.cyocksaco.com/,#phishing,https://twitter.com/ozuma5119/status/1433958278858305538
2021-09-04 01:07:49,secbird1,url,https://sadqe.com/,#phishing,https://twitter.com/secbird1/status/1433959953576828931
2021-09-04 01:07:49,secbird1,ip,204.44.94.217,#phishing,https://twitter.com/secbird1/status/1433959953576828931
2021-09-04 01:13:12,ozuma5119,domain,cyocksacc.com,#phishing,https://twitter.com/ozuma5119/status/1433961309318516738
2021-09-04 01:13:12,ozuma5119,ip,155.235.250.141,#phishing,https://twitter.com/ozuma5119/status/1433961309318516738
2021-09-04 01:21:35,ozuma5119,ip,116.85.25.44,#phishing,https://twitter.com/ozuma5119/status/1433963418793365507
2021-09-04 01:21:35,ozuma5119,ip,116.85.37.31,#phishing,https://twitter.com/ozuma5119/status/1433963418793365507
2021-09-04 01:21:37,ecarlesi,url,http://amanz-securityupdat3.info/,#phishing,https://twitter.com/ecarlesi/status/1433963428083912707
2021-09-04 01:22:23,ecarlesi,url,https://amanz-securityupdat3.info/,#phishing,https://twitter.com/ecarlesi/status/1433963621101486081
2021-09-04 01:26:53,secbird1,url,http://ruketansjp.com/,#phishing,https://twitter.com/secbird1/status/1433964750736482304
2021-09-04 01:26:53,secbird1,ip,18.223.29.6,#phishing,https://twitter.com/secbird1/status/1433964750736482304
2021-09-04 01:43:44,KesaGataMe0,ip,14.63.173.44,#phishing,https://twitter.com/KesaGataMe0/status/1433968991458893824
2021-09-04 01:59:19,KesaGataMe0,url,https://www.saison.jp.etn2ya.cn,#phishing,https://twitter.com/KesaGataMe0/status/1433972913053462534
2021-09-04 01:59:19,KesaGataMe0,url,https://www.saison.jp.syfcbw5.cn,#phishing,https://twitter.com/KesaGataMe0/status/1433972913053462534
2021-09-04 01:59:19,KesaGataMe0,ip,185.149.23.99,#phishing,https://twitter.com/KesaGataMe0/status/1433972913053462534
2021-09-04 01:59:19,KesaGataMe0,url,https://www.saison.jp.svh2iri.cn,#phishing,https://twitter.com/KesaGataMe0/status/1433972913053462534
2021-09-04 01:59:19,KesaGataMe0,url,https://www.saison.jp.tuj35iy.cn,#phishing,https://twitter.com/KesaGataMe0/status/1433972913053462534
2021-09-04 02:09:54,ecarlesi,url,https://elsmorezkh.xyz/www/,#phishing,https://twitter.com/ecarlesi/status/1433975579024445440
2021-09-04 02:16:16,KesaGataMe0,url,https://bue8888.xyz/,#phishing,https://twitter.com/KesaGataMe0/status/1433977182028632065
2021-09-04 02:16:16,KesaGataMe0,ip,72.44.73.82,#phishing,https://twitter.com/KesaGataMe0/status/1433977182028632065
2021-09-04 02:19:35,ecarlesi,url,https://hillzcitymn.top/char/,#phishing,https://twitter.com/ecarlesi/status/1433978015512506372
2021-09-04 02:22:47,ecarlesi,url,https://charlieplaza.top/gree/,#phishing,https://twitter.com/ecarlesi/status/1433978820722368512
2021-09-04 02:22:58,ecarlesi,url,https://h1l9o.top/,#phishing,https://twitter.com/ecarlesi/status/1433978868667351041
2021-09-04 02:31:25,KesaGataMe0,url,https://jaeesservice-tranid-jalg00001-00m.anmonitor.cn,#phishing,https://twitter.com/KesaGataMe0/status/1433980992973205513
2021-09-04 02:31:25,KesaGataMe0,url,https://jaeesservice-tranid-jalg00001-00m.anmuscle.cn,#phishing,https://twitter.com/KesaGataMe0/status/1433980992973205513
2021-09-04 02:31:25,KesaGataMe0,url,https://jaeesservice-tranid-jalg00001-00m.anmanage.cn,#phishing,https://twitter.com/KesaGataMe0/status/1433980992973205513
2021-09-04 02:34:43,ecarlesi,url,https://volgawvq.xyz/jkl/adobe2020/,#phishing,https://twitter.com/ecarlesi/status/1433981824833933315
2021-09-04 02:35:07,phishunt_io,ip,103.9.168.140,#phishing #scam,https://twitter.com/phishunt_io/status/1433981924834377731
2021-09-04 02:35:07,phishunt_io,url,https://www.dianeappleby.com/,#phishing #scam,https://twitter.com/phishunt_io/status/1433981924834377731
2021-09-04 02:36:56,ecarlesi,url,https://vodafone-nl.xyz/abn/,#phishing,https://twitter.com/ecarlesi/status/1433982380373692416
2021-09-04 02:37:03,ecarlesi,url,https://vodafone-nl.xyz/ing/,#phishing,https://twitter.com/ecarlesi/status/1433982410761326593
2021-09-04 02:37:47,ecarlesi,url,https://suptracks.net,#phishing,https://twitter.com/ecarlesi/status/1433982594429997058
2021-09-04 02:37:54,ecarlesi,url,https://vodafone-nl.xyz/knab/,#phishing,https://twitter.com/ecarlesi/status/1433982625878839296
2021-09-04 02:38:01,ecarlesi,url,https://vodafone-nl.xyz/rabo/,#phishing,https://twitter.com/ecarlesi/status/1433982656014860290
2021-09-04 02:38:10,ecarlesi,url,https://vodafone-nl.xyz/regio/,#phishing,https://twitter.com/ecarlesi/status/1433982691481948163
2021-09-04 02:38:16,ecarlesi,url,https://vodafone-nl.xyz/sns/,#phishing,https://twitter.com/ecarlesi/status/1433982716744196096
2021-09-04 02:52:35,ecarlesi,url,https://mcrsftoff-natrim.xyz/,#phishing,https://twitter.com/ecarlesi/status/1433986319370366980
2021-09-04 02:54:20,ecarlesi,url,https://verliislandsu.top/prop_doc97934/,#phishing,https://twitter.com/ecarlesi/status/1433986758404833284
2021-09-04 02:58:14,ecarlesi,url,https://mapility.live/all/logs.txt,#phishing,https://twitter.com/ecarlesi/status/1433987741059014657
2021-09-04 03:01:52,ozuma5119,url,https://bitbak.web.app/login,#phishing,https://twitter.com/ozuma5119/status/1433988654611906564
2021-09-04 03:02:39,ecarlesi,url,https://olympusdao.fund,#phishing,https://twitter.com/ecarlesi/status/1433988851182276610
2021-09-04 03:09:12,PhishChicken,url,https://app-uniswap.loopring,,https://twitter.com/PhishChicken/status/1433990499619287042
2021-09-04 03:19:35,PhishStats,url,http://crew4mellc.top/,#phishing,https://twitter.com/PhishStats/status/1433993114751012865
2021-09-04 03:19:35,PhishStats,ip,162.241.123.80,#phishing,https://twitter.com/PhishStats/status/1433993114751012865
2021-09-04 03:25:53,secbird1,url,http://www.smbc-card-vpsas.xyz/,#phishing,https://twitter.com/secbird1/status/1433994700050948096
2021-09-04 03:25:53,secbird1,ip,115.144.69.45,#phishing,https://twitter.com/secbird1/status/1433994700050948096
2021-09-04 03:28:40,ecarlesi,url,https://sharonport.xyz/xggcells.zip,#phishing,https://twitter.com/ecarlesi/status/1433995400625758209
2021-09-04 03:35:07,HeliosCert,ip,177.97.119.225,#malware,https://twitter.com/HeliosCert/status/1433997025746558980
2021-09-04 03:35:07,HeliosCert,sha256,b9a6a9c72b8e0d136fcedc5f53bef9dea0eb7b22907659c2234cf203a236f9d8,#malware,https://twitter.com/HeliosCert/status/1433997025746558980
2021-09-04 04:42:01,secbird1,ip,104.223.15.65,#phishing,https://twitter.com/secbird1/status/1434013859891671040
2021-09-04 04:45:05,secbird1,url,http://eyzczzmsjx.duckdns.org,#phishing,https://twitter.com/secbird1/status/1434014632209895425
2021-09-04 04:45:36,secbird1,url,http://avfhejdhzy.duckdns.org,#phishing,https://twitter.com/secbird1/status/1434014761394454528
2021-09-04 04:46:21,secbird1,url,http://wzlqlillbk.duckdns.org,#phishing,https://twitter.com/secbird1/status/1434014951270613002
2021-09-04 04:46:58,secbird1,url,http://maoictuhrt.duckdns.org,#phishing,https://twitter.com/secbird1/status/1434015107067961344
2021-09-04 04:47:38,secbird1,url,http://betqmvrkyk.duckdns.org,#phishing,https://twitter.com/secbird1/status/1434015273036615688
2021-09-04 04:48:17,secbird1,url,http://oexxdhkudo.duckdns.org,#phishing,https://twitter.com/secbird1/status/1434015437046497280
2021-09-04 04:49:09,secbird1,url,http://uubduilkvy.duckdns.org,#phishing,https://twitter.com/secbird1/status/1434015654965755904
2021-09-04 04:49:42,secbird1,url,http://drinxkaolk.duckdns.org,#phishing,https://twitter.com/secbird1/status/1434015791561674752
2021-09-04 04:50:22,secbird1,url,http://docomowalo.duckdns.org,#phishing,https://twitter.com/secbird1/status/1434015960466223109
2021-09-04 04:52:06,ecarlesi,url,http://alamatcha.fun,#phishing,https://twitter.com/ecarlesi/status/1434016398787891201
2021-09-04 04:54:09,secbird1,url,http://docomolnkg.duckdns.org,#phishing,https://twitter.com/secbird1/status/1434016915014389762
2021-09-04 04:54:45,secbird1,url,http://txibqhskny.duckdns.org,#phishing,https://twitter.com/secbird1/status/1434017062196629505
2021-09-04 05:05:57,ecarlesi,url,https://alcoveqnyz.buzz/apol/,#phishing,https://twitter.com/ecarlesi/status/1434019883650584578
2021-09-04 05:09:03,MalwarePatrol,url,http://owa.sunpharma.org.in/,#phishing,https://twitter.com/MalwarePatrol/status/1434020664508391424
2021-09-04 05:14:00,CardanoPhishing,ip,162.213.255.41,#phishing #scam,https://twitter.com/CardanoPhishing/status/1434021908371095554
2021-09-04 05:14:00,CardanoPhishing,domain,ada-event2021.net,#phishing #scam,https://twitter.com/CardanoPhishing/status/1434021908371095554
2021-09-04 05:25:53,ecarlesi,url,https://alamatcha.fun,#phishing,https://twitter.com/ecarlesi/status/1434024899811725314
2021-09-04 05:45:02,HeliosCert,ip,82.81.169.209,#malware,https://twitter.com/HeliosCert/status/1434029720459530240
2021-09-04 05:45:02,HeliosCert,sha256,8ea4f13844bc7973065eec7c9095beea833ad11fb32613b0ca078d8d0ac2eefd,#malware,https://twitter.com/HeliosCert/status/1434029720459530240
2021-09-04 06:05:02,HeliosCert,ip,101.78.11.14,#malware,https://twitter.com/HeliosCert/status/1434034750008827906
2021-09-04 06:05:02,HeliosCert,sha256,4a790d4054c1e835069731f71cc4c2a77b4e8279011a7939c0d2da8422b55af5,#malware,https://twitter.com/HeliosCert/status/1434034750008827906
2021-09-04 06:14:52,PhishStats,url,http://pageshelpandsupportcenter.co.vu/,#phishing,https://twitter.com/PhishStats/status/1434037227974189058
2021-09-04 06:14:52,PhishStats,ip,205.144.171.63,#phishing,https://twitter.com/PhishStats/status/1434037227974189058
2021-09-04 06:38:35,phishunt_io,url,https://creditosantanderway.com/itaucard1/home.php?key=j0ja8clhcgki,#phishing #scam,https://twitter.com/phishunt_io/status/1434043193839034370
2021-09-04 06:38:35,phishunt_io,ip,104.21.82.34,#phishing #scam,https://twitter.com/phishunt_io/status/1434043193839034370
2021-09-04 07:00:17,ReBensk,sha256,ab7cb035fe9c46027f27fe5dc153e806ab4783c671aba73b6f87a9dde2c15f84,#malware,https://twitter.com/ReBensk/status/1434048654596198403
2021-09-04 07:00:17,ReBensk,domain,tatamm.oss-us-west-1.aliyuncs.com,#malware,https://twitter.com/ReBensk/status/1434048654596198403
2021-09-04 07:01:10,m0zar7,ip,192.185.93.11,#phishing,https://twitter.com/m0zar7/status/1434048876034486275
2021-09-04 07:01:10,m0zar7,domain,primesecurity.pk,#phishing,https://twitter.com/m0zar7/status/1434048876034486275
2021-09-04 07:01:10,m0zar7,url,https://primesecurity.pk/iosis/hss/login.php?ss=2&amp;....,#phishing,https://twitter.com/m0zar7/status/1434048876034486275
2021-09-04 07:02:56,m0zar7,url,https://masiha.org/cvbnmo/non-true/login.php?ss=2&amp;....,#phishing,https://twitter.com/m0zar7/status/1434049322719399937
2021-09-04 07:02:56,m0zar7,domain,masiha.org,#phishing,https://twitter.com/m0zar7/status/1434049322719399937
2021-09-04 07:02:56,m0zar7,ip,192.185.159.45,#phishing,https://twitter.com/m0zar7/status/1434049322719399937
2021-09-04 07:14:29,eudyzerpa,url,http://pchnchabanc.ultimatefreehost.in/,#phishing,https://twitter.com/eudyzerpa/status/1434052230819336194
2021-09-04 07:14:29,eudyzerpa,ip,185.27.134.138,#phishing,https://twitter.com/eudyzerpa/status/1434052230819336194
2021-09-04 07:14:31,eudyzerpa,url,http://kfzhjffleq.duckdns.org/,#phishing,https://twitter.com/eudyzerpa/status/1434052237408587776
2021-09-04 07:14:31,eudyzerpa,ip,91.234.99.235,#phishing,https://twitter.com/eudyzerpa/status/1434052237408587776
2021-09-04 07:24:19,ecarlesi,url,https://nandielcaw.com/kundenservices-informationens/,#phishing,https://twitter.com/ecarlesi/status/1434054701939507202
2021-09-04 07:28:03,harugasumi,url,https://vzpcynzntsgjdpgxfqkpjdutkvbwznwderksbwpp.peuyot.shop/,#phishing,https://twitter.com/harugasumi/status/1434055642772172806
2021-09-04 07:34:50,secbird1,ip,96.43.88.243,#phishing,https://twitter.com/secbird1/status/1434057349610704903
2021-09-04 07:34:50,secbird1,url,https://vzpcynzntsgjdpgxfqkpjdutkvbwznwderksbwpp.peuyot.shop/wctx1d1dfxfdg.do.php,#phishing,https://twitter.com/secbird1/status/1434057349610704903
2021-09-04 07:37:16,ecarlesi,url,https://bmapekj.com/support.accessid-information/,#phishing,https://twitter.com/ecarlesi/status/1434057962104963075
2021-09-04 07:39:05,ecarlesi,url,https://season20star.com/css.zip,#phishing,https://twitter.com/ecarlesi/status/1434058420542451712
2021-09-04 07:46:58,harugasumi,url,https://www.saison.jp.hyj76c7.cn,#phishing,https://twitter.com/harugasumi/status/1434060402619342851
2021-09-04 07:55:47,ecarlesi,url,http://leofjdhgvjdfs.com,#phishing,https://twitter.com/ecarlesi/status/1434062622823964675
2021-09-04 07:57:50,secbird1,ip,107.150.7.84,#phishing,https://twitter.com/secbird1/status/1434063136517070853
2021-09-04 08:01:20,ecarlesi,url,https://myuspshiqed.com,#phishing,https://twitter.com/ecarlesi/status/1434064017665007617
2021-09-04 08:02:21,harugasumi,url,https://aemanm.itnhjtr4.top,#phishing,https://twitter.com/harugasumi/status/1434064273261559809
2021-09-04 08:07:08,K_N1kolenko,ip,31.14.40.207,#Trickbot,https://twitter.com/K_N1kolenko/status/1434065480868896768
2021-09-04 08:09:04,ecarlesi,url,https://sanfordharb.buzz/sanf/,#phishing,https://twitter.com/ecarlesi/status/1434065964203659267
2021-09-04 08:10:33,ecarlesi,url,http://ed-bot.com/,#phishing,https://twitter.com/ecarlesi/status/1434066336993452034
2021-09-04 08:11:00,harugasumi,url,https://www.etc-meisai.jp.mmzszy.shop,#phishing,https://twitter.com/harugasumi/status/1434066451116085249
2021-09-04 08:16:18,ecarlesi,url,http://ed-bot.com/signin.php,#phishing,https://twitter.com/ecarlesi/status/1434067785047552008
2021-09-04 08:20:02,HeliosCert,ip,110.136.12.165,#malware,https://twitter.com/HeliosCert/status/1434068725179748353
2021-09-04 08:20:02,HeliosCert,sha256,edbd3f838de61781e12cb84b7725c5cfa03ed1db23a3d2a6b1156ecfe1753de6,#malware,https://twitter.com/HeliosCert/status/1434068725179748353
2021-09-04 08:24:28,harugasumi,url,https://rakutoni-jp.minraksd.com,#phishing,https://twitter.com/harugasumi/status/1434069839908261888
2021-09-04 08:25:16,ecarlesi,url,http://goldminoa.com/,#phishing,https://twitter.com/ecarlesi/status/1434070041671225354
2021-09-04 08:26:53,ecarlesi,url,http://goldminoa.com/_wildcard_/,#phishing,https://twitter.com/ecarlesi/status/1434070450594852870
2021-09-04 08:30:45,ecarlesi,url,http://goldminoa.com/_wildcard_/cgi-bin/,#phishing,https://twitter.com/ecarlesi/status/1434071421425274882
2021-09-04 08:32:27,ecarlesi,url,https://tentangangan.com,#phishing,https://twitter.com/ecarlesi/status/1434071850330599426
2021-09-04 08:34:49,ecarlesi,url,http://homeloanswithiz.com/,#phishing,https://twitter.com/ecarlesi/status/1434072447452598277
2021-09-04 08:40:02,HeliosCert,ip,117.54.221.74,#malware,https://twitter.com/HeliosCert/status/1434073758541750272
2021-09-04 08:40:02,HeliosCert,sha256,d3a6baedd035b313253c45b064058f1951ada385fe44d91a5c9ab2e8ffffe335,#malware,https://twitter.com/HeliosCert/status/1434073758541750272
2021-09-04 08:52:36,ecarlesi,url,https://portale-id-email.com/,#phishing,https://twitter.com/ecarlesi/status/1434076919402745857
2021-09-04 09:00:17,ecarlesi,url,https://curemzjblizar.com/myaccount.supportinformation/,#phishing,https://twitter.com/ecarlesi/status/1434078856063995907
2021-09-04 09:06:29,ecarlesi,url,https://ordablediscjock.com/amazkn/mazon/,#phishing,https://twitter.com/ecarlesi/status/1434080414583308289
2021-09-04 09:10:03,HeliosCert,ip,171.7.27.78,#malware,https://twitter.com/HeliosCert/status/1434081310885257219
2021-09-04 09:10:03,HeliosCert,sha256,dc3c0c8083bf085fcec444af0b6184a15a2698348ce4fd40690f52955bf4de7d,#malware,https://twitter.com/HeliosCert/status/1434081310885257219
2021-09-04 09:10:56,Phisheidon,url,https://districono.com/es-cp/checkouten/,#phishing,https://twitter.com/Phisheidon/status/1434081536211628034
2021-09-04 09:13:42,ecarlesi,url,http://amanz-securitylimit3.com/,#phishing,https://twitter.com/ecarlesi/status/1434082229861367809
2021-09-04 09:14:22,ecarlesi,url,https://ksa-livraison.com/home.zip,#phishing,https://twitter.com/ecarlesi/status/1434082398606708737
2021-09-04 09:15:44,PhishStats,url,http://www.filtrosmil.com.br/,#phishing,https://twitter.com/PhishStats/status/1434082741247692802
2021-09-04 09:15:44,PhishStats,ip,168.90.51.158,#phishing,https://twitter.com/PhishStats/status/1434082741247692802
2021-09-04 09:16:51,ecarlesi,url,http://districk-securelyaccess.com,#phishing,https://twitter.com/ecarlesi/status/1434083025344778247
2021-09-04 09:20:00,ecarlesi,url,https://ordablediscjock.com/amazkn/mazon/63617/,#phishing,https://twitter.com/ecarlesi/status/1434083817946447873
2021-09-04 09:20:02,dnstwist,domain,dropibox.com,#phishing,https://twitter.com/dnstwist/status/1434083823764090884
2021-09-04 09:20:02,dnstwist,domain,zoomq.us,#phishing,https://twitter.com/dnstwist/status/1434083824653279234
2021-09-04 09:20:02,HeliosCert,ip,95.9.185.37,#malware,https://twitter.com/HeliosCert/status/1434083825005568003
2021-09-04 09:20:02,HeliosCert,sha256,b90382ed0462a0c27a4edec0bc952549846f0616e2e4c700d9c2da065bb28208,#malware,https://twitter.com/HeliosCert/status/1434083825005568003
2021-09-04 09:22:24,Phisheidon,url,https://bring6dfjhkdfh0kdlfhjklf8.ru/es-trackjnhjkhf9pjhhgdstfwaq3gbnw/,#phishing,https://twitter.com/Phisheidon/status/1434084421762682880
2021-09-04 09:26:29,ecarlesi,url,http://data3citizens.com,#phishing,https://twitter.com/ecarlesi/status/1434085447161024521
2021-09-04 09:26:46,Phisheidon,url,https://hatonia.com/es-cp/checkouten/,,https://twitter.com/Phisheidon/status/1434085520112500736
2021-09-04 09:27:59,drb_ra,ip,81.69.249.180,#CobaltStrike,https://twitter.com/drb_ra/status/1434085827580149760
2021-09-04 09:28:06,drb_ra,ip,60.26.153.40,#CobaltStrike,https://twitter.com/drb_ra/status/1434085854042103812
2021-09-04 09:28:10,drb_ra,ip,18.163.187.78,#CobaltStrike,https://twitter.com/drb_ra/status/1434085869804195844
2021-09-04 09:28:15,drb_ra,ip,81.69.34.215,#CobaltStrike,https://twitter.com/drb_ra/status/1434085893716029440
2021-09-04 09:28:21,drb_ra,ip,59.175.148.60,#CobaltStrike,https://twitter.com/drb_ra/status/1434085916008648706
2021-09-04 09:28:28,drb_ra,ip,101.37.173.189,#CobaltStrike,https://twitter.com/drb_ra/status/1434085947298172931
2021-09-04 09:28:32,drb_ra,ip,47.101.37.196,#CobaltStrike,https://twitter.com/drb_ra/status/1434085965484658696
2021-09-04 09:28:37,drb_ra,ip,51.254.151.189,#CobaltStrike,https://twitter.com/drb_ra/status/1434085986565304324
2021-09-04 09:28:51,drb_ra,ip,121.4.23.101,#CobaltStrike,https://twitter.com/drb_ra/status/1434086043356127232
2021-09-04 09:28:55,drb_ra,ip,47.103.142.250,#CobaltStrike,https://twitter.com/drb_ra/status/1434086062247317510
2021-09-04 09:35:18,ecarlesi,url,http://reports-boi.com/,#phishing,https://twitter.com/ecarlesi/status/1434087667906588677
2021-09-04 09:39:20,ecarlesi,url,http://paypl.org/,#phishing,https://twitter.com/ecarlesi/status/1434088681153957895
2021-09-04 09:39:46,ecarlesi,url,https://paypl.org/,#phishing,https://twitter.com/ecarlesi/status/1434088790633717761
2021-09-04 09:39:49,ecarlesi,url,https://reports-boi.com/,#phishing,https://twitter.com/ecarlesi/status/1434088805083099136
2021-09-04 09:49:36,ecarlesi,url,https://data3citizens.com,#phishing,https://twitter.com/ecarlesi/status/1434091267554693123
2021-09-04 09:50:13,ecarlesi,url,https://ptbsmp.com/perpus.zip,#phishing,https://twitter.com/ecarlesi/status/1434091422848884736
2021-09-04 09:51:08,JAMESWT_MHT,ip,1.14.66.81,#CobaltStrike,https://twitter.com/JAMESWT_MHT/status/1434091653132869634
2021-09-04 09:51:58,ecarlesi,url,http://secure-po.com/,#phishing,https://twitter.com/ecarlesi/status/1434091860042166278
2021-09-04 09:54:24,drb_ra,ip,46.166.161.103,#CobaltStrike,https://twitter.com/drb_ra/status/1434092473794666496
2021-09-04 09:54:29,drb_ra,ip,104.237.147.242,#CobaltStrike,https://twitter.com/drb_ra/status/1434092493172314112
2021-09-04 09:54:32,drb_ra,ip,170.130.28.40,#CobaltStrike,https://twitter.com/drb_ra/status/1434092508947038215
2021-09-04 09:54:36,drb_ra,ip,104.243.33.222,#CobaltStrike,https://twitter.com/drb_ra/status/1434092524134617090
2021-09-04 09:54:40,drb_ra,ip,107.181.161.197,#CobaltStrike,https://twitter.com/drb_ra/status/1434092539611652100
2021-09-04 09:54:44,drb_ra,ip,23.225.169.204,#CobaltStrike,https://twitter.com/drb_ra/status/1434092556292431873
2021-09-04 09:54:47,drb_ra,ip,31.14.41.225,#CobaltStrike,https://twitter.com/drb_ra/status/1434092569990995968
2021-09-04 09:54:51,drb_ra,ip,103.195.100.89,#CobaltStrike,https://twitter.com/drb_ra/status/1434092585220546562
2021-09-04 09:54:55,drb_ra,ip,107.181.161.198,#CobaltStrike,https://twitter.com/drb_ra/status/1434092605634138114
2021-09-04 09:55:14,drb_ra,ip,23.108.57.186,#CobaltStrike,https://twitter.com/drb_ra/status/1434092682037575686
2021-09-04 10:00:07,secbird1,url,https://mercari-jpmer.com/login/index.php,#phishing,https://twitter.com/secbird1/status/1434093912172339200
2021-09-04 10:00:07,secbird1,ip,107.150.6.16,#phishing,https://twitter.com/secbird1/status/1434093912172339200
2021-09-04 10:01:30,ecarlesi,url,http://drsaludtrd.com/adlinkfly-v-6.4.0.zip,#phishing,https://twitter.com/ecarlesi/status/1434094258806566912
2021-09-04 10:07:28,Phisheidon,url,https://g62z.com/2e14,#phishing,https://twitter.com/Phisheidon/status/1434095759876665346
2021-09-04 10:15:44,BumbledBubble,domain,pastebin.fun,,https://twitter.com/BumbledBubble/status/1434097843451666432
2021-09-04 10:20:57,phishgalore,domain,accorium.wisteriacreek.com,,https://twitter.com/phishgalore/status/1434099153332801539
2021-09-04 10:23:05,RedBeardIOCs,sha256,ccee4af77bd3023d2262104a85110b4e7587bd4341b8b1736ee7c64e542567aa,#AgentTesla,https://twitter.com/RedBeardIOCs/status/1434099691533262852
2021-09-04 10:23:05,RedBeardIOCs,sha256,e58060babede4e69dc7bfe8020d56badfde5284cfd8f7b07a8267fdc1bd02876,#AgentTesla,https://twitter.com/RedBeardIOCs/status/1434099691533262852
2021-09-04 10:23:05,RedBeardIOCs,sha256,776b39f510e60894fa8dd48194970dbc1f47c6008c37a3a4d6f658a2c6f7c596,#AgentTesla,https://twitter.com/RedBeardIOCs/status/1434099691533262852
2021-09-04 10:23:05,RedBeardIOCs,sha256,b63ce0776928d0e938880e7ce42b657b4f7a3d8cd35e5579678bb545268ec5de,#AgentTesla,https://twitter.com/RedBeardIOCs/status/1434099691533262852
2021-09-04 10:31:34,ecarlesi,url,https://thetatokenfund.com,#phishing,https://twitter.com/ecarlesi/status/1434101827583238146
2021-09-04 10:34:07,ecarlesi,url,https://secure10bc-onlinebanking.com/x-chase.zip,#phishing,https://twitter.com/ecarlesi/status/1434102469383106562
2021-09-04 10:34:59,OryxOfficiel,url,http://new.fbmmsnhj-pages-log.v0m3ljmqvg-jqp3vvon7350.p.runcloud.link/,#phishing,https://twitter.com/OryxOfficiel/status/1434102687168143363
2021-09-04 10:34:59,OryxOfficiel,ip,167.71.82.157,#phishing,https://twitter.com/OryxOfficiel/status/1434102687168143363
2021-09-04 10:39:20,phishunt_io,url,https://paypal.ca-verify.info/,#phishing #scam,https://twitter.com/phishunt_io/status/1434103782678347779
2021-09-04 10:39:20,phishunt_io,ip,190.14.37.100,#phishing #scam,https://twitter.com/phishunt_io/status/1434103782678347779
2021-09-04 10:41:30,ecarlesi,url,http://ptbsmp.com/perpus.zip,#phishing,https://twitter.com/ecarlesi/status/1434104327157714948
2021-09-04 10:45:02,HeliosCert,ip,1.164.10.119,#malware,https://twitter.com/HeliosCert/status/1434105217012977667
2021-09-04 10:45:02,HeliosCert,sha256,5781310830f7cb5cc5151f2a5447ed363dc9f7a076721bfed33a0c8dcc5efcff,#malware,https://twitter.com/HeliosCert/status/1434105217012977667
2021-09-04 10:45:05,ecarlesi,url,https://jasbrg.com,#phishing,https://twitter.com/ecarlesi/status/1434105228098473987
2021-09-04 10:50:02,HeliosCert,ip,223.165.5.1,#malware,https://twitter.com/HeliosCert/status/1434106476050661376
2021-09-04 10:50:02,HeliosCert,sha256,9572f0042e08bbbae98682ade188bc4699a0cd6634c18b4db2d863cedf639e9e,#malware,https://twitter.com/HeliosCert/status/1434106476050661376
2021-09-04 10:50:03,HeliosCert,ip,180.252.81.134,#malware,https://twitter.com/HeliosCert/status/1434106478961602564
2021-09-04 10:50:03,HeliosCert,sha256,11107b3af6d2367043b95056bc6e564400441a285d690cc304434ae039f19b15,#malware,https://twitter.com/HeliosCert/status/1434106478961602564
2021-09-04 10:52:37,ecarlesi,url,http://amanz-securitylimit3.info/,#phishing,https://twitter.com/ecarlesi/status/1434107123986796544
2021-09-04 10:55:59,ecarlesi,url,http://blackgoomhz.com/myaccount.supportinformation/,#phishing,https://twitter.com/ecarlesi/status/1434107970418319363
2021-09-04 10:59:48,ecarlesi,url,https://blackgoomhz.com/myaccount.supportinformation/,#phishing,https://twitter.com/ecarlesi/status/1434108933938065410
2021-09-04 11:07:10,secbird1,url,http://www.saisoncarid-info.com/,#phishing,https://twitter.com/secbird1/status/1434110786536759297
2021-09-04 11:07:10,secbird1,ip,103.143.72.59,#phishing,https://twitter.com/secbird1/status/1434110786536759297
2021-09-04 11:12:43,KesaGataMe0,url,https://www.etc-meisai.shop,#phishing,https://twitter.com/KesaGataMe0/status/1434112181935558658
2021-09-04 11:12:43,KesaGataMe0,url,https://www.etc-meisai.buzz,#phishing,https://twitter.com/KesaGataMe0/status/1434112181935558658
2021-09-04 11:12:43,KesaGataMe0,ip,182.16.74.146,#phishing,https://twitter.com/KesaGataMe0/status/1434112181935558658
2021-09-04 11:14:51,KesaGataMe0,url,https://www.saison.jp.gy5rahg.cn,#phishing,https://twitter.com/KesaGataMe0/status/1434112721037889543
2021-09-04 11:14:51,KesaGataMe0,url,https://www.saison.jp.g9oz0pr.cn,#phishing,https://twitter.com/KesaGataMe0/status/1434112721037889543
2021-09-04 11:14:51,KesaGataMe0,url,https://www.saison.jp.hrf5rtq.cn,#phishing,https://twitter.com/KesaGataMe0/status/1434112721037889543
2021-09-04 11:14:51,KesaGataMe0,ip,45.89.106.200,#phishing,https://twitter.com/KesaGataMe0/status/1434112721037889543
2021-09-04 11:19:14,ecarlesi,url,http://preautentlcations-amazonaccountss.com/,#phishing,https://twitter.com/ecarlesi/status/1434113824404107270
2021-09-04 11:20:33,ecarlesi,url,http://payment-gov.com/,#phishing,https://twitter.com/ecarlesi/status/1434114151840768002
2021-09-04 11:20:48,KesaGataMe0,url,http://www.smbc-card-vpsas.xyz,#phishing,https://twitter.com/KesaGataMe0/status/1434114218337308674
2021-09-04 11:20:48,KesaGataMe0,url,http://smbc-card-vpsas.xyz,#phishing,https://twitter.com/KesaGataMe0/status/1434114218337308674
2021-09-04 11:25:52,ecarlesi,url,http://sing-accountmmtaffve4ssmydsdhqpl-amazon.com/,#phishing,https://twitter.com/ecarlesi/status/1434115491870789632
2021-09-04 11:30:29,ecarlesi,url,https://payment-gov.com/,#phishing,https://twitter.com/ecarlesi/status/1434116653302915072
2021-09-04 11:30:38,ecarlesi,url,https://sing-accountmmtaffve4ssmydsdhqpl-amazon.com/,#phishing,https://twitter.com/ecarlesi/status/1434116692293074945
2021-09-04 11:41:54,secbird1,url,https://nttdocomo.jp.dscs.co/login.php,#phishing,https://twitter.com/secbird1/status/1434119526786867204
2021-09-04 11:41:54,secbird1,ip,155.94.178.113,#phishing,https://twitter.com/secbird1/status/1434119526786867204
2021-09-04 12:23:06,ecarlesi,url,https://agalleryfdrems.com/amazkn/mazon/,#phishing,https://twitter.com/ecarlesi/status/1434129896574439424
2021-09-04 12:23:09,ecarlesi,url,https://afgraffixcom.com/amazkn/mazon/,#phishing,https://twitter.com/ecarlesi/status/1434129908607954944
2021-09-04 12:25:06,ecarlesi,url,https://agalleryfdrems.com/amazkn/mazon/7c1ed/,#phishing,https://twitter.com/ecarlesi/status/1434130398032900099
2021-09-04 12:27:33,BushidoToken,domain,hali-portal-device-review.com,#phishing,https://twitter.com/BushidoToken/status/1434131015442784256
2021-09-04 12:27:33,BushidoToken,ip,185.61.152.72,#phishing,https://twitter.com/BushidoToken/status/1434131015442784256
2021-09-04 12:30:29,ecarlesi,url,https://amamser.com/mazon/,#phishing,https://twitter.com/ecarlesi/status/1434131751522209795
2021-09-04 12:33:13,ecarlesi,url,https://amamser.com/mazon/33e07/,#phishing,https://twitter.com/ecarlesi/status/1434132439300026369
2021-09-04 12:34:57,drb_ra,ip,45.77.33.35,#CobaltStrike,https://twitter.com/drb_ra/status/1434132879315963906
2021-09-04 12:45:41,ecarlesi,url,https://amamser.com/mazon/d8eb2/,#phishing,https://twitter.com/ecarlesi/status/1434135579671814145
2021-09-04 12:51:08,ecarlesi,url,http://delivery-serviceuk.com/,#phishing,https://twitter.com/ecarlesi/status/1434136950181703681
2021-09-04 13:00:02,HeliosCert,ip,14.177.125.62,#malware,https://twitter.com/HeliosCert/status/1434139189881229315
2021-09-04 13:00:02,HeliosCert,sha256,64587fd1141d08acdf994278e9d9ce99b042ec3645416153412bb74d1754fb4e,#malware,https://twitter.com/HeliosCert/status/1434139189881229315
2021-09-04 13:00:54,ecarlesi,url,https://logisticadezotex.com/lcl-onsolidations.html,#phishing,https://twitter.com/ecarlesi/status/1434139408727412742
2021-09-04 13:10:40,ecarlesi,url,http://afgraffixcom.com/amazkn/mazon/,#phishing,https://twitter.com/ecarlesi/status/1434141867264913408
2021-09-04 13:13:25,secbird1,url,http://tahptrjbbf.duckdns.org,#phishing,https://twitter.com/secbird1/status/1434142559371075586
2021-09-04 13:13:50,secbird1,url,http://jelpacsoss.duckdns.org,#phishing,https://twitter.com/secbird1/status/1434142662362218505
2021-09-04 13:14:19,secbird1,url,http://mldncqaolz.duckdns.org,#phishing,https://twitter.com/secbird1/status/1434142784030580736
2021-09-04 13:14:55,secbird1,url,http://jszjrsihgm.duckdns.org,#phishing,https://twitter.com/secbird1/status/1434142933876240387
2021-09-04 13:15:48,secbird1,url,http://kteevtenfc.duckdns.org,#phishing,https://twitter.com/secbird1/status/1434143158724481028
2021-09-04 13:16:55,secbird1,url,http://gcrqnpxojy.duckdns.org,#phishing,https://twitter.com/secbird1/status/1434143437134057480
2021-09-04 13:17:31,secbird1,url,http://iuazjlqeoj.duckdns.org,#phishing,https://twitter.com/secbird1/status/1434143587583758342
2021-09-04 13:18:06,secbird1,url,http://gxgfjbnpla.duckdns.org,#phishing,https://twitter.com/secbird1/status/1434143738398314498
2021-09-04 13:26:26,ecarlesi,url,http://afgraffixcom.com/amazkn/mazon/f692c/,#phishing,https://twitter.com/ecarlesi/status/1434145833772101632
2021-09-04 13:35:07,KesaGataMe0,url,https://nojlma.top,#phishing,https://twitter.com/KesaGataMe0/status/1434148017532063746
2021-09-04 13:35:07,KesaGataMe0,ip,204.44.68.66,#phishing,https://twitter.com/KesaGataMe0/status/1434148017532063746
2021-09-04 13:37:28,KesaGataMe0,ip,155.94.128.218,#phishing,https://twitter.com/KesaGataMe0/status/1434148609620992013
2021-09-04 13:39:42,KesaGataMe0,ip,103.237.103.135,#phishing,https://twitter.com/KesaGataMe0/status/1434149173801013249
2021-09-04 13:47:56,drb_ra,ip,107.155.127.246,#CobaltStrike,https://twitter.com/drb_ra/status/1434151242759016463
2021-09-04 13:48:01,drb_ra,ip,43.254.216.98,#CobaltStrike,https://twitter.com/drb_ra/status/1434151263583756298
2021-09-04 13:48:17,drb_ra,ip,110.42.139.68,#CobaltStrike,https://twitter.com/drb_ra/status/1434151332290629636
2021-09-04 14:28:07,ecarlesi,url,http://askamam.com/mazon/,#phishing,https://twitter.com/ecarlesi/status/1434161357084049410
2021-09-04 14:30:01,ecarlesi,url,https://drsaludtrd.com/adlinkfly-v-6.4.0.zip,#phishing,https://twitter.com/ecarlesi/status/1434161835326988291
2021-09-04 14:31:38,bakabanker2,url,https://www.paypay-lo1ng.com,#phishing,https://twitter.com/bakabanker2/status/1434162243344551953
2021-09-04 14:34:32,secbird1,url,https://nttdocomo.jp.hzxh.co/login.php,#phishing,https://twitter.com/secbird1/status/1434162970385272840
2021-09-04 14:34:49,ecarlesi,url,http://askamam.com/mazon/33c15/,#phishing,https://twitter.com/ecarlesi/status/1434163040707035138
2021-09-04 14:42:49,phishunt_io,url,https://m-facebook-item-marketplace0212.jones-david.com/,#phishing #scam,https://twitter.com/phishunt_io/status/1434165057391374340
2021-09-04 14:42:49,phishunt_io,ip,199.59.242.150,#phishing #scam,https://twitter.com/phishunt_io/status/1434165057391374340
2021-09-04 14:47:31,unidentified0xc,domain,ufxvwmqhoim1w3mfw94q.xyz,#Alienbot,https://twitter.com/unidentified0xc/status/1434166238159196161
2021-09-04 14:47:31,unidentified0xc,sha256,e28a0b1f783edfa2dd3a62926f48432b3127da693b1f0550a4fa1a11030b7f67,#Alienbot,https://twitter.com/unidentified0xc/status/1434166238159196161
2021-09-04 14:56:59,unidentified0xc,domain,olayolangunlerde.com,,https://twitter.com/unidentified0xc/status/1434168622805655556
2021-09-04 14:56:59,unidentified0xc,sha256,dd9130bceb889d9e6aa3421ce50478cc2428a12b19448cfee9d35e47592333d2,,https://twitter.com/unidentified0xc/status/1434168622805655556
2021-09-04 15:05:10,secbird1,url,https://nttdocomo.jp.jgvip328.com/login.php,#phishing,https://twitter.com/secbird1/status/1434170681701257227
2021-09-04 15:05:10,secbird1,ip,204.44.82.34,#phishing,https://twitter.com/secbird1/status/1434170681701257227
2021-09-04 15:08:36,unidentified0xc,domain,adamhaolmadibudagitti.site,,https://twitter.com/unidentified0xc/status/1434171545249796106
2021-09-04 15:08:36,unidentified0xc,sha256,c4648a8011f5d3e18feeb69c079e6af6e8c51321a9e7b5493bbf50e6fbfc1bfe,,https://twitter.com/unidentified0xc/status/1434171545249796106
2021-09-04 15:09:02,MalwarePatrol,md5,978913f1b016db9fe72a4dcf841a98f4,#phishing,https://twitter.com/MalwarePatrol/status/1434171655396466698
2021-09-04 15:09:02,MalwarePatrol,url,http://www.jasonmaiolo.com/okay/cmd-login=978913f1b016db9fe72a4dcf841a98f4/,#phishing,https://twitter.com/MalwarePatrol/status/1434171655396466698
2021-09-04 15:15:28,PhishStats,url,http://kteevtenfc.duckdns.org/,#phishing,https://twitter.com/PhishStats/status/1434173272585801729
2021-09-04 15:35:02,HeliosCert,ip,143.255.206.179,#malware,https://twitter.com/HeliosCert/status/1434178198565175298
2021-09-04 15:35:02,HeliosCert,sha256,c1ba5193a51eb99ea04cae082e25c9f8ff34764d91a8af53672448dc7d5538a7,#malware,https://twitter.com/HeliosCert/status/1434178198565175298
2021-09-04 15:47:55,secbird1,url,https://mercari-jpmercai.com/,#phishing,https://twitter.com/secbird1/status/1434181439608684547
2021-09-04 16:08:16,ecarlesi,url,http://helpruleform.com/,#phishing,https://twitter.com/ecarlesi/status/1434186559968927747
2021-09-04 16:19:44,ecarlesi,url,https://helpruleform.com/,#phishing,https://twitter.com/ecarlesi/status/1434189445293563911
2021-09-04 16:20:59,ReBensk,url,http://v2.someideaapk.com/sdk-v2-release/sdk-v2-release-1.txt,#malware,https://twitter.com/ReBensk/status/1434189762470940672
2021-09-04 16:20:59,ReBensk,md5,6151ccef0b6c839616c2e54099f607eb,#malware,https://twitter.com/ReBensk/status/1434189762470940672
2021-09-04 16:38:29,ecarlesi,url,https://saludtips1.com/adlinkfly-v-6.4.0.zip,#phishing,https://twitter.com/ecarlesi/status/1434194162941894668
2021-09-04 16:56:08,bad_packets,ip,107.155.104.162,#ProxyShell,https://twitter.com/bad_packets/status/1434198605703774211
2021-09-04 16:56:08,bad_packets,ip,172.93.195.29,#ProxyShell,https://twitter.com/bad_packets/status/1434198605703774211
2021-09-04 17:03:47,secbird1,ip,14.63.193.27,#phishing,https://twitter.com/secbird1/status/1434200529492529155
2021-09-04 17:06:07,ReBensk,url,https://cdn.discordapp.com/attachments/883473777613213767/883697599251632168/google_play_store.apk,#malware,https://twitter.com/ReBensk/status/1434201120268689412
2021-09-04 17:06:07,ReBensk,url,http://hakbulesgaymeres.net,#malware,https://twitter.com/ReBensk/status/1434201120268689412
2021-09-04 17:11:20,secbird1,ip,211.253.129.254,#phishing,https://twitter.com/secbird1/status/1434202429453574150
2021-09-04 17:19:01,drb_ra,ip,139.59.103.164,#CobaltStrike,https://twitter.com/drb_ra/status/1434204365124997121
2021-09-04 17:19:07,drb_ra,ip,157.230.181.90,#CobaltStrike,https://twitter.com/drb_ra/status/1434204388093014016
2021-09-04 17:19:12,drb_ra,ip,121.199.68.210,#CobaltStrike,https://twitter.com/drb_ra/status/1434204410708643844
2021-09-04 17:19:17,drb_ra,ip,91.241.19.95,#CobaltStrike,https://twitter.com/drb_ra/status/1434204431302680577
2021-09-04 17:19:20,drb_ra,ip,16.162.7.120,#CobaltStrike,https://twitter.com/drb_ra/status/1434204446368620554
2021-09-04 17:19:26,drb_ra,ip,156.233.254.174,#CobaltStrike,https://twitter.com/drb_ra/status/1434204468007088135
2021-09-04 17:19:30,drb_ra,ip,13.233.179.172,#CobaltStrike,https://twitter.com/drb_ra/status/1434204486222897155
2021-09-04 17:19:35,drb_ra,ip,91.92.109.58,#CobaltStrike,https://twitter.com/drb_ra/status/1434204507848773637
2021-09-04 17:19:40,drb_ra,ip,89.43.33.93,#CobaltStrike,https://twitter.com/drb_ra/status/1434204528170110977
2021-09-04 17:19:44,drb_ra,ip,35.220.155.214,#CobaltStrike,https://twitter.com/drb_ra/status/1434204547426263040
2021-09-04 17:19:50,drb_ra,ip,80.78.22.30,#CobaltStrike,https://twitter.com/drb_ra/status/1434204568494252032
2021-09-04 17:19:54,drb_ra,ip,23.160.193.55,#CobaltStrike,https://twitter.com/drb_ra/status/1434204588102594562
2021-09-04 17:19:54,drb_ra,ip,107.167.2.123,#CobaltStrike,https://twitter.com/drb_ra/status/1434204588102594562
2021-09-04 17:19:58,drb_ra,ip,198.23.239.151,#CobaltStrike,https://twitter.com/drb_ra/status/1434204604183482373
2021-09-04 17:20:03,drb_ra,ip,109.234.39.130,#CobaltStrike,https://twitter.com/drb_ra/status/1434204626241396742
2021-09-04 17:20:08,drb_ra,ip,18.130.108.244,#CobaltStrike,https://twitter.com/drb_ra/status/1434204646474752003
2021-09-04 17:20:08,drb_ra,ip,18.135.104.59,#CobaltStrike,https://twitter.com/drb_ra/status/1434204646474752003
2021-09-04 17:20:08,drb_ra,ip,35.177.94.43,#CobaltStrike,https://twitter.com/drb_ra/status/1434204646474752003
2021-09-04 17:20:16,drb_ra,ip,104.156.231.150,#CobaltStrike,https://twitter.com/drb_ra/status/1434204679068655623
2021-09-04 17:20:20,drb_ra,ip,156.233.247.91,#CobaltStrike,https://twitter.com/drb_ra/status/1434204697393602562
2021-09-04 17:20:25,drb_ra,ip,45.32.250.126,#CobaltStrike,https://twitter.com/drb_ra/status/1434204717484216324
2021-09-04 17:20:35,drb_ra,ip,149.28.85.210,#CobaltStrike,https://twitter.com/drb_ra/status/1434204757900644356
2021-09-04 17:20:49,drb_ra,md5,d73b0f3079e24f5a8dbb12e59b0cb3ca,#CobaltStrike,https://twitter.com/drb_ra/status/1434204818692878341
2021-09-04 17:20:49,drb_ra,ip,139.9.145.68,#CobaltStrike,https://twitter.com/drb_ra/status/1434204818692878341
2021-09-04 17:20:57,drb_ra,ip,34.240.15.191,#CobaltStrike,https://twitter.com/drb_ra/status/1434204852222107651
2021-09-04 17:30:53,CardanoPhishing,domain,cardano-event2021.live,#phishing #scam,https://twitter.com/CardanoPhishing/status/1434207351633072128
2021-09-04 17:30:53,CardanoPhishing,ip,68.65.120.249,#phishing #scam,https://twitter.com/CardanoPhishing/status/1434207351633072128
2021-09-04 17:31:24,CardanoPhishing,domain,event-cardano.live,#phishing #scam,https://twitter.com/CardanoPhishing/status/1434207481560018945
2021-09-04 17:31:24,CardanoPhishing,ip,162.213.255.42,#phishing #scam,https://twitter.com/CardanoPhishing/status/1434207481560018945
2021-09-04 17:31:55,CardanoPhishing,domain,livecardano.us,#phishing #scam,https://twitter.com/CardanoPhishing/status/1434207612090847239
2021-09-04 17:31:55,CardanoPhishing,ip,204.11.59.145,#phishing #scam,https://twitter.com/CardanoPhishing/status/1434207612090847239
2021-09-04 17:32:27,CardanoPhishing,domain,live-cardano.com,#phishing #scam,https://twitter.com/CardanoPhishing/status/1434207744794537986
2021-09-04 17:32:27,CardanoPhishing,ip,162.213.255.43,#phishing #scam,https://twitter.com/CardanoPhishing/status/1434207744794537986
2021-09-04 17:32:58,CardanoPhishing,domain,gift-ada.net,#phishing #scam,https://twitter.com/CardanoPhishing/status/1434207875027636231
2021-09-04 17:32:58,CardanoPhishing,ip,172.67.177.101,#phishing #scam,https://twitter.com/CardanoPhishing/status/1434207875027636231
2021-09-04 17:33:29,CardanoPhishing,ip,185.217.93.218,#phishing #scam,https://twitter.com/CardanoPhishing/status/1434208006745600001
2021-09-04 17:33:29,CardanoPhishing,domain,youtubecardano.com,#phishing #scam,https://twitter.com/CardanoPhishing/status/1434208006745600001
2021-09-04 17:34:01,CardanoPhishing,ip,146.59.29.125,#phishing #scam,https://twitter.com/CardanoPhishing/status/1434208138111107075
2021-09-04 17:34:01,CardanoPhishing,domain,cardano-give-ada.com,#phishing #scam,https://twitter.com/CardanoPhishing/status/1434208138111107075
2021-09-04 17:34:32,CardanoPhishing,domain,cardano-ada-give.com,#phishing #scam,https://twitter.com/CardanoPhishing/status/1434208270013681672
2021-09-04 17:34:32,CardanoPhishing,ip,185.13.5.58,#phishing #scam,https://twitter.com/CardanoPhishing/status/1434208270013681672
2021-09-04 17:35:03,CardanoPhishing,domain,iohk-ada.com,#phishing #scam,https://twitter.com/CardanoPhishing/status/1434208400506753026
2021-09-04 17:35:03,CardanoPhishing,ip,185.201.11.182,#phishing #scam,https://twitter.com/CardanoPhishing/status/1434208400506753026
2021-09-04 17:35:34,CardanoPhishing,domain,adajackpot.com,#phishing #scam,https://twitter.com/CardanoPhishing/status/1434208531817844739
2021-09-04 17:35:34,CardanoPhishing,ip,95.181.163.216,#phishing #scam,https://twitter.com/CardanoPhishing/status/1434208531817844739
2021-09-04 17:39:53,ReBensk,url,http://safeandroidguncelleme.co.vu/play-store/playstore.apk,#malware,https://twitter.com/ReBensk/status/1434209617333014532
2021-09-04 18:06:08,ecarlesi,url,https://servicelabanquepostale-connexion-particulierssl.com/,#phishing,https://twitter.com/ecarlesi/status/1434216222573404163
2021-09-04 18:07:47,idclickthat,url,https://domen123.xyz,,https://twitter.com/idclickthat/status/1434216638400901125
2021-09-04 18:07:47,idclickthat,url,https://ud45a.xyz,,https://twitter.com/idclickthat/status/1434216638400901125
2021-09-04 18:08:44,Certego_Intel,domain,google.bihar.covid19.app,,https://twitter.com/Certego_Intel/status/1434216878046601221
2021-09-04 18:12:07,malwrhunterteam,sha256,5db236ca00e3301e4ffca184fd9bc07dcff41bad92e9ac9c7183c13b4d81be86,,https://twitter.com/malwrhunterteam/status/1434217729662271488
2021-09-04 18:15:48,PhishStats,url,http://anjuliveda.de/,#phishing,https://twitter.com/PhishStats/status/1434218653243822087
2021-09-04 18:15:48,PhishStats,ip,81.169.145.162,#phishing,https://twitter.com/PhishStats/status/1434218653243822087
2021-09-04 18:27:41,ecarlesi,url,http://sdadawqqeqw.com/amaz.zip,#phishing,https://twitter.com/ecarlesi/status/1434221643786825731
2021-09-04 18:27:52,amore_sun,ip,80.79.8.11,#phishing #scam,https://twitter.com/amore_sun/status/1434221693195718658
2021-09-04 18:33:25,ecarlesi,url,http://sdadawqqeqw.com/mazon/,#phishing,https://twitter.com/ecarlesi/status/1434223087298531334
2021-09-04 18:42:33,ecarlesi,url,http://sdadawqqeqw.com/mazon/5a907/,#phishing,https://twitter.com/ecarlesi/status/1434225388293656585
2021-09-04 18:43:59,phishunt_io,url,https://www.outlook.paulmdesign.com/,#phishing #scam,https://twitter.com/phishunt_io/status/1434225745769938949
2021-09-04 18:43:59,phishunt_io,ip,192.69.235.189,#phishing #scam,https://twitter.com/phishunt_io/status/1434225745769938949
2021-09-04 18:44:51,AlvieriD,domain,opaqueghost.py,,https://twitter.com/AlvieriD/status/1434225966105219074
2021-09-04 18:48:03,TeamDreier,url,https://mit-id.com,#phishing,https://twitter.com/TeamDreier/status/1434226772896362501
2021-09-04 18:48:03,TeamDreier,ip,162.241.219.200,#phishing,https://twitter.com/TeamDreier/status/1434226772896362501
2021-09-04 19:05:02,HeliosCert,sha256,007e434ec2d71c388ca335c96e6c4ea5aa0a59433bc97ed8d111065c9cb5f772,#malware,https://twitter.com/HeliosCert/status/1434231043436027905
2021-09-04 19:05:02,HeliosCert,ip,42.72.166.194,#malware,https://twitter.com/HeliosCert/status/1434231043436027905
2021-09-04 19:20:02,HeliosCert,ip,181.113.148.196,#malware,https://twitter.com/HeliosCert/status/1434234818678697986
2021-09-04 19:20:02,HeliosCert,sha256,e18be56b883924e3d1f5d055ba8b7798e3a1912acd5edd093cfa6a7de958c3c9,#malware,https://twitter.com/HeliosCert/status/1434234818678697986
2021-09-04 19:29:09,malwrhunterteam,ip,101.32.75.22,,https://twitter.com/malwrhunterteam/status/1434237114925948929
2021-09-04 19:34:07,ecarlesi,url,http://311events.com/,#phishing,https://twitter.com/ecarlesi/status/1434238362106355715
2021-09-04 19:40:56,secbird1,ip,14.63.161.117,#phishing,https://twitter.com/secbird1/status/1434240079216594948
2021-09-04 19:45:02,HeliosCert,ip,60.191.217.110,#malware,https://twitter.com/HeliosCert/status/1434241112869412867
2021-09-04 19:45:02,HeliosCert,sha256,3befcb73c9497db265428aa3dc0b0692fa5722344d4a772b25973e244b085266,#malware,https://twitter.com/HeliosCert/status/1434241112869412867
2021-09-04 19:46:11,malwrhunterteam,ip,121.196.195.112,,https://twitter.com/malwrhunterteam/status/1434241401592627202
2021-09-04 19:46:11,malwrhunterteam,sha256,bbda658833fd7e14fb605f3bb5c7698d1b6db08539ef0a20c2b7a3b39fe4d2dc,,https://twitter.com/malwrhunterteam/status/1434241401592627202
2021-09-04 19:57:16,malwrhunterteam,sha256,e8779452ee4dc0609a7350aca6ff25c93ca909b43b38e76b969e06e1ce18ccad,,https://twitter.com/malwrhunterteam/status/1434244188472741891
2021-09-04 19:59:02,malwrhunterteam,ip,121.43.140.54,,https://twitter.com/malwrhunterteam/status/1434244634126000132
2021-09-04 20:08:59,ecarlesi,url,http://wuegdfsd.com/amaz.zip,#phishing,https://twitter.com/ecarlesi/status/1434247137638948864
2021-09-04 20:24:52,ActorExpose,url,https://bulkshit.atshop.io/,,https://twitter.com/ActorExpose/status/1434251135913766919
2021-09-04 20:25:09,ecarlesi,url,http://wuegdfsd.com/mazon/,#phishing,https://twitter.com/ecarlesi/status/1434251207569256448
2021-09-04 20:30:02,HeliosCert,ip,213.14.150.156,#malware,https://twitter.com/HeliosCert/status/1434252436538019854
2021-09-04 20:30:02,HeliosCert,sha256,c0a4d37a646e772df5b3f0641ca7dae1ea70d5e2752c1dad596e524f3847da4b,#malware,https://twitter.com/HeliosCert/status/1434252436538019854
2021-09-04 20:30:33,ecarlesi,url,http://wuegdfsd.com/mazon/ed685/,#phishing,https://twitter.com/ecarlesi/status/1434252564573392898
2021-09-04 21:00:03,HeliosCert,ip,191.85.246.57,#malware,https://twitter.com/HeliosCert/status/1434259988109742087
2021-09-04 21:00:03,HeliosCert,sha256,f071d91a1bdcd42bfebcbb33f5f7916d1352bce7537586d84db825d09fc13980,#malware,https://twitter.com/HeliosCert/status/1434259988109742087
2021-09-04 21:04:58,drb_ra,ip,118.178.94.47,#CobaltStrike,https://twitter.com/drb_ra/status/1434261226918395904
2021-09-04 21:05:21,drb_ra,ip,1.116.96.210,#CobaltStrike,https://twitter.com/drb_ra/status/1434261325497126915
2021-09-04 21:05:28,drb_ra,ip,185.198.57.150,#CobaltStrike,https://twitter.com/drb_ra/status/1434261352890109955
2021-09-04 21:05:28,drb_ra,ip,185.198.57.155,#CobaltStrike,https://twitter.com/drb_ra/status/1434261352890109955
2021-09-04 21:10:01,dnstwist,domain,iinkedlin.com,#phishing,https://twitter.com/dnstwist/status/1434262497410928647
2021-09-04 21:10:01,dnstwist,domain,goolgle.co.uk,#phishing,https://twitter.com/dnstwist/status/1434262498388099076
2021-09-04 21:20:02,HeliosCert,sha256,15479fa5ba8615776f1363474acf13477bf9652e83eef034b5087b2426c2a9a7,#malware,https://twitter.com/HeliosCert/status/1434265018107826176
2021-09-04 21:20:02,HeliosCert,ip,125.167.138.32,#malware,https://twitter.com/HeliosCert/status/1434265018107826176
2021-09-04 21:22:51,ecarlesi,url,https://centumelectroincs.com/invoice/hsbc/,#phishing,https://twitter.com/ecarlesi/status/1434265726542622722
2021-09-04 21:24:33,ecarlesi,url,http://centumelectroincs.com/invoice/hsbc/,#phishing,https://twitter.com/ecarlesi/status/1434266157503160332
2021-09-04 21:41:58,secbird1,url,http://pyehfpvgfu.duckdns.org,#phishing,https://twitter.com/secbird1/status/1434270538818482177
2021-09-04 21:42:23,secbird1,url,http://hwwultvvfn.duckdns.org,#phishing,https://twitter.com/secbird1/status/1434270643151773696
2021-09-04 21:42:45,secbird1,url,http://cjglpbrigf.duckdns.org,#phishing,https://twitter.com/secbird1/status/1434270737213181953
2021-09-04 21:43:09,secbird1,url,http://nrahjrtsjo.duckdns.org,#phishing,https://twitter.com/secbird1/status/1434270835359973377
2021-09-04 21:43:32,secbird1,url,http://zsvpxkcsjq.duckdns.org,#phishing,https://twitter.com/secbird1/status/1434270931283689473
2021-09-04 21:43:54,secbird1,url,http://wcyxjqvwpr.duckdns.org,#phishing,https://twitter.com/secbird1/status/1434271026498527234
2021-09-04 21:44:51,secbird1,url,http://yrwrtyokkk.duckdns.org,#phishing,https://twitter.com/secbird1/status/1434271266093948929
2021-09-04 21:45:18,secbird1,url,http://llxwytwarm.duckdns.org,#phishing,https://twitter.com/secbird1/status/1434271377528287237
2021-09-04 21:45:40,secbird1,url,http://dizhdebccr.duckdns.org,#phishing,https://twitter.com/secbird1/status/1434271469916151810
2021-09-04 21:46:07,secbird1,url,http://rnarraxauf.duckdns.org,#phishing,https://twitter.com/secbird1/status/1434271580998176769
2021-09-04 21:49:52,CardanoPhishing,ip,153.92.6.81,#phishing #scam,https://twitter.com/CardanoPhishing/status/1434272528160239622
2021-09-04 21:49:52,CardanoPhishing,domain,cardanogiveaway.live,#phishing #scam,https://twitter.com/CardanoPhishing/status/1434272528160239622
2021-09-04 21:50:24,CardanoPhishing,domain,ada2021events.com,#phishing #scam,https://twitter.com/CardanoPhishing/status/1434272659144167427
2021-09-04 21:50:24,CardanoPhishing,ip,46.17.175.32,#phishing #scam,https://twitter.com/CardanoPhishing/status/1434272659144167427
2021-09-04 21:50:55,CardanoPhishing,domain,allada-give.com,#phishing #scam,https://twitter.com/CardanoPhishing/status/1434272790207680512
2021-09-04 21:50:55,CardanoPhishing,ip,92.249.44.203,#phishing #scam,https://twitter.com/CardanoPhishing/status/1434272790207680512
2021-09-04 22:19:52,unidentified0xc,domain,ayetabesdirindene.xyz,,https://twitter.com/unidentified0xc/status/1434280075575369728
2021-09-04 22:19:52,unidentified0xc,sha256,99e8256c739cd8d2e62b0f1243030e83b850e62a870fd93a27ab69865b56714c,,https://twitter.com/unidentified0xc/status/1434280075575369728
2021-09-04 22:26:50,Phisheidon,url,https://www.postabanco.com/index.php,#scam,https://twitter.com/Phisheidon/status/1434281831545942020
2021-09-04 22:47:39,phishunt_io,url,https://www.hostmaster.www.paypalbuisness.com/,#phishing #scam,https://twitter.com/phishunt_io/status/1434287067928928258
2021-09-04 22:47:39,phishunt_io,ip,199.59.242.153,#phishing #scam,https://twitter.com/phishunt_io/status/1434287067928928258
2021-09-04 22:53:51,Phisheidon,url,https://www.bank.atlanticunion.us/,#scam,https://twitter.com/Phisheidon/status/1434288629531258880
2021-09-04 23:01:09,KesaGataMe0,ip,46.17.47.18,#phishing,https://twitter.com/KesaGataMe0/status/1434290465289867266
2021-09-04 23:01:09,KesaGataMe0,url,https://yodubashi-info.xfdier.ga,#phishing,https://twitter.com/KesaGataMe0/status/1434290465289867266
2021-09-04 23:01:09,KesaGataMe0,url,https://yodubashi-info.xqwuwl.ga,#phishing,https://twitter.com/KesaGataMe0/status/1434290465289867266
2021-09-04 23:05:02,HeliosCert,ip,39.43.2.229,#malware,https://twitter.com/HeliosCert/status/1434291441958899713
2021-09-04 23:05:02,HeliosCert,sha256,6d2d4715c3ecfa1afb4d5d6c79514d9c21f9be5607734f006f7bb38699f6b12d,#malware,https://twitter.com/HeliosCert/status/1434291441958899713
2021-09-04 23:06:05,smica83,url,https://posta.med.bg.ac.rs,#Lokibot,https://twitter.com/smica83/status/1434291708989251584
2021-09-04 23:06:05,smica83,url,https://185.227.139.5/sxisodifntose.php/s7zr5v1fxi3rb,#Lokibot,https://twitter.com/smica83/status/1434291708989251584
2021-09-04 23:06:05,smica83,ip,185.227.139.5,#Lokibot,https://twitter.com/smica83/status/1434291708989251584
2021-09-04 23:06:05,smica83,md5,b7c2e972b399b298f1c44ebb70f8889b,#Lokibot,https://twitter.com/smica83/status/1434291708989251584
2021-09-04 23:14:01,KesaGataMe0,url,https://eposcardrecrds.servebeer.com,#phishing,https://twitter.com/KesaGataMe0/status/1434293703510691842
2021-09-04 23:14:01,KesaGataMe0,url,https://eposcardokubo.serveftp.com,#phishing,https://twitter.com/KesaGataMe0/status/1434293703510691842
2021-09-04 23:14:01,KesaGataMe0,ip,34.97.52.59,#phishing,https://twitter.com/KesaGataMe0/status/1434293703510691842
2021-09-04 23:14:01,KesaGataMe0,url,https://eposcardnike.servebeer.com,#phishing,https://twitter.com/KesaGataMe0/status/1434293703510691842
2021-09-04 23:14:01,KesaGataMe0,url,https://eposcardadmij.servebeer.com,#phishing,https://twitter.com/KesaGataMe0/status/1434293703510691842
2021-09-04 23:14:01,KesaGataMe0,url,https://eposcardmike.servebeer.com,#phishing,https://twitter.com/KesaGataMe0/status/1434293703510691842
2021-09-04 23:17:59,KesaGataMe0,url,https://4qm7o2.cn/,#phishing,https://twitter.com/KesaGataMe0/status/1434294703453663234
2021-09-04 23:17:59,KesaGataMe0,ip,45.91.225.139,#phishing,https://twitter.com/KesaGataMe0/status/1434294703453663234
2021-09-04 23:20:02,HeliosCert,ip,80.234.78.126,#malware,https://twitter.com/HeliosCert/status/1434295217985884160
2021-09-04 23:20:02,HeliosCert,sha256,54623b5a217ddb6d15d4ff7d79146fd52d6a4a27b85e16a750bfd44a0cbf4db3,#malware,https://twitter.com/HeliosCert/status/1434295217985884160
2021-09-04 23:21:13,KesaGataMe0,url,https://www.etc-meisai.jp.mxg5ek4.cn,#phishing,https://twitter.com/KesaGataMe0/status/1434295515949137921
2021-09-04 23:21:13,KesaGataMe0,url,https://www.etc-meisai.jp.j58umxb.cn,#phishing,https://twitter.com/KesaGataMe0/status/1434295515949137921
2021-09-04 23:21:13,KesaGataMe0,url,https://www.etc-meisai.jp.u5vsvmo.cn,#phishing,https://twitter.com/KesaGataMe0/status/1434295515949137921
2021-09-04 23:21:13,KesaGataMe0,ip,155.94.182.187,#phishing,https://twitter.com/KesaGataMe0/status/1434295515949137921
2021-09-04 23:30:47,bakabanker2,url,http://www.saisoncarid-info.com,#phishing,https://twitter.com/bakabanker2/status/1434297922347167744
2021-09-04 23:31:16,KesaGataMe0,url,https://service-etc-jp.casa,#phishing,https://twitter.com/KesaGataMe0/status/1434298045672267776
2021-09-04 23:31:16,KesaGataMe0,ip,34.146.247.192,#phishing,https://twitter.com/KesaGataMe0/status/1434298045672267776
2021-09-04 23:33:42,KesaGataMe0,url,https://mercari-jpmercai.com,#phishing,https://twitter.com/KesaGataMe0/status/1434298656933355520
2021-09-04 23:39:13,bakabanker2,ip,172.67.172.121,#phishing,https://twitter.com/bakabanker2/status/1434300046414004238
2021-09-04 23:52:26,secbird1,url,https://www.paypay-lo1ng.com/client/index.html,#phishing,https://twitter.com/secbird1/status/1434303370806714370
2021-09-04 23:59:17,Phisheidon,url,https://www.eurobank-grece.com/index,#phishing,https://twitter.com/Phisheidon/status/1434305095781466116
