2022-04-10 00:01:20,ecarlesi,url,http://rafarafaconstrucoes.com/wp/main/,#phishing,https://twitter.com/ecarlesi/status/1512943778616823812
2022-04-10 00:09:03,MalwarePatrol,url,http://pge-platnosc.software/,#phishing,https://twitter.com/MalwarePatrol/status/1512945718461440004
2022-04-10 00:10:02,HeliosCert,ip,2.135.71.153,#malware,https://twitter.com/HeliosCert/status/1512945968983035908
2022-04-10 00:10:02,HeliosCert,sha256,172e0c286c4be45344e29da1a5114ed8030554facdb1a2e77ea9dd2a9991a923,#malware,https://twitter.com/HeliosCert/status/1512945968983035908
2022-04-10 00:15:02,HeliosCert,sha256,a5824a9a5b153a241324726c91ff3a18472e64905bc0db3a4d227731554c3d03,#malware,https://twitter.com/HeliosCert/status/1512947224115925002
2022-04-10 00:15:10,RdpSnitch,ip,52.188.61.27,,https://twitter.com/RdpSnitch/status/1512947259322863616
2022-04-10 00:15:10,RdpSnitch,ip,47.242.107.32,,https://twitter.com/RdpSnitch/status/1512947259322863616
2022-04-10 00:15:10,RdpSnitch,ip,139.5.26.116,,https://twitter.com/RdpSnitch/status/1512947259322863616
2022-04-10 00:20:02,HeliosCert,sha256,33267395c1db8406e4a28ce8e434ce9316f2508afb4dd620771df132dcb880ca,#malware,https://twitter.com/HeliosCert/status/1512948483455651845
2022-04-10 00:25:03,HeliosCert,ip,80.11.84.173,#malware,https://twitter.com/HeliosCert/status/1512949745479782405
2022-04-10 00:25:03,HeliosCert,sha256,822cc61ede6b2f254b654fbad624775b4b811f4c5d8cdd2bed8713ad65413cdc,#malware,https://twitter.com/HeliosCert/status/1512949745479782405
2022-04-10 00:30:02,PhishStats,url,http://bibirmasukparit.co.vu/,#phishing,https://twitter.com/PhishStats/status/1512951001002696709
2022-04-10 00:30:02,PhishStats,ip,54.254.36.123,#phishing,https://twitter.com/PhishStats/status/1512951001002696709
2022-04-10 00:35:02,HeliosCert,sha256,a9586c74d6744098017c140de17ff7f021c48272f11380988fe645336b526e1e,#malware,https://twitter.com/HeliosCert/status/1512952258950049794
2022-04-10 00:35:02,HeliosCert,ip,36.234.160.53,#malware,https://twitter.com/HeliosCert/status/1512952258950049794
2022-04-10 00:39:10,ecarlesi,url,http://userassist.org,#phishing,https://twitter.com/ecarlesi/status/1512953300861263879
2022-04-10 00:39:11,ecarlesi,url,https://xfinitydeals.org,#phishing,https://twitter.com/ecarlesi/status/1512953303033950213
2022-04-10 00:39:27,ecarlesi,url,http://assurance-account.info,#phishing,https://twitter.com/ecarlesi/status/1512953371124191237
2022-04-10 00:40:54,ecarlesi,url,https://p2pnesecu.org,#phishing,https://twitter.com/ecarlesi/status/1512953733499396096
2022-04-10 00:41:39,ecarlesi,url,https://minavyfderal.org,#phishing,https://twitter.com/ecarlesi/status/1512953924671754241
2022-04-10 00:43:06,ecarlesi,url,http://renouvel-vitale.fr,#phishing,https://twitter.com/ecarlesi/status/1512954288888242182
2022-04-10 00:43:29,ecarlesi,url,https://myleatherswear.com,#phishing,https://twitter.com/ecarlesi/status/1512954383461462022
2022-04-10 01:06:14,AP_Zenmashi,ip,192.161.176.39,#phishing,https://twitter.com/AP_Zenmashi/status/1512960109269307393
2022-04-10 01:06:14,AP_Zenmashi,url,https://softuofe.info,#phishing,https://twitter.com/AP_Zenmashi/status/1512960109269307393
2022-04-10 01:23:01,ecarlesi,url,http://02-zustimmungvoba.xyz/de/kontrolle/volks/,#phishing,https://twitter.com/ecarlesi/status/1512964334229540868
2022-04-10 01:23:01,ecarlesi,url,http://01-zustimmungvoba.xyz/de/kontrolle/volks/,#phishing,https://twitter.com/ecarlesi/status/1512964333600391170
2022-04-10 01:23:01,ecarlesi,url,http://04-zustimmungvoba.xyz/de/kontrolle/volks/,#phishing,https://twitter.com/ecarlesi/status/1512964333608873990
2022-04-10 01:23:01,ecarlesi,url,http://03-zustimmungvoba.xyz/de/kontrolle/volks/,#phishing,https://twitter.com/ecarlesi/status/1512964335483691009
2022-04-10 01:23:01,ecarlesi,url,http://05-zustimmungvoba.xyz/de/kontrolle/volks/,#phishing,https://twitter.com/ecarlesi/status/1512964333306843146
2022-04-10 01:34:26,ecarlesi,url,https://desembolsovirtual.xyz/sucursalpersonas/,#phishing,https://twitter.com/ecarlesi/status/1512967209550815241
2022-04-10 01:35:03,HeliosCert,sha256,d8f41c1cb6769edfd8273a66e8fe90035d694e11254f295bbac6c0d0c69dcb12,#malware,https://twitter.com/HeliosCert/status/1512967361783078919
2022-04-10 01:35:03,HeliosCert,ip,45.189.39.18,#malware,https://twitter.com/HeliosCert/status/1512967361783078919
2022-04-10 01:35:35,AP_Zenmashi,ip,182.16.17.60,#phishing,https://twitter.com/AP_Zenmashi/status/1512967495401209860
2022-04-10 01:35:35,AP_Zenmashi,url,https://www.eki.net.nuimeis.com,#phishing,https://twitter.com/AP_Zenmashi/status/1512967495401209860
2022-04-10 01:38:47,ecarlesi,url,https://lendingpack.xyz,#phishing,https://twitter.com/ecarlesi/status/1512968304041893890
2022-04-10 01:38:56,ecarlesi,url,http://excision317.net/download/excisioncache.zip,#phishing,https://twitter.com/ecarlesi/status/1512968339831853062
2022-04-10 01:39:51,ecarlesi,url,http://unphenelpoblado.xyz/sucursalpersonas.transaccionesbancolombia/,#phishing,https://twitter.com/ecarlesi/status/1512968571642597379
2022-04-10 01:40:08,ecarlesi,url,http://linkaltlmb.xyz/m/downloads/download.apk,#malware,https://twitter.com/ecarlesi/status/1512968642966740993
2022-04-10 01:40:11,ecarlesi,url,http://kopilatte.xyz/m/downloads/download.apk,#malware,https://twitter.com/ecarlesi/status/1512968655793012738
2022-04-10 01:42:04,ecarlesi,url,http://maincocaslot.xyz/m/downloads/download.apk,#malware,https://twitter.com/ecarlesi/status/1512969127618568200
2022-04-10 01:44:40,ecarlesi,url,https://mainhokislot88.xyz/apk/hokislot88_1_1.0.apk,#malware,https://twitter.com/ecarlesi/status/1512969782907265028
2022-04-10 01:45:08,phishunt_io,url,https://facebookverifikasi0.wixsite.com/peringatan/masuk,#phishing #scam,https://twitter.com/phishunt_io/status/1512969902008770561
2022-04-10 01:45:08,phishunt_io,ip,35.242.251.130,#phishing #scam,https://twitter.com/phishunt_io/status/1512969902008770561
2022-04-10 01:50:02,HeliosCert,sha256,31e18949ff40ab5ef2c9d959e6c952cacb7c601350716cba7e14f6796e535ea7,#malware,https://twitter.com/HeliosCert/status/1512971134303678469
2022-04-10 02:05:33,AP_Zenmashi,url,https://www.eki.net.snaipcoer.com,#phishing,https://twitter.com/AP_Zenmashi/status/1512975038479474690
2022-04-10 02:08:48,ecarlesi,url,https://espace-ameli.fr,#phishing,https://twitter.com/ecarlesi/status/1512975854871187456
2022-04-10 02:11:28,ecarlesi,url,http://netflix-compte.info,#phishing,https://twitter.com/ecarlesi/status/1512976526144331778
2022-04-10 02:14:27,ecarlesi,url,http://634655.online/main.zip,#phishing,https://twitter.com/ecarlesi/status/1512977278162022408
2022-04-10 02:20:44,bakabanker2,ip,18.181.207.186,#phishing,https://twitter.com/bakabanker2/status/1512978860526039045
2022-04-10 02:20:44,bakabanker2,url,http://18.181.207.186,#phishing,https://twitter.com/bakabanker2/status/1512978860526039045
2022-04-10 02:21:05,ecarlesi,url,http://vitalikr.store/home.zip,#phishing,https://twitter.com/ecarlesi/status/1512978945611911170
2022-04-10 02:25:46,ecarlesi,url,https://smartxcelloption.com/qprofx.zip,#phishing,https://twitter.com/ecarlesi/status/1512980126484545546
2022-04-10 02:54:25,ecarlesi,url,http://sexupshop.com/uful9v/news/1013/,#phishing,https://twitter.com/ecarlesi/status/1512987337143336961
2022-04-10 03:04:01,ecarlesi,url,https://mttb.live/m%26t%20darkx/,#phishing,https://twitter.com/ecarlesi/status/1512989750042447878
2022-04-10 03:09:06,ecarlesi,url,https://mttb.live/m%26t%20darkx/login.php?online_id=e302efa1859fcd8a677687130&amp;country=&amp;iso=,#phishing,https://twitter.com/ecarlesi/status/1512991032669057025
2022-04-10 03:16:43,ecarlesi,url,https://omarjunr.space/,#phishing,https://twitter.com/ecarlesi/status/1512992947398221825
2022-04-10 03:26:09,ecarlesi,url,https://waliet-pagylons.technology,#phishing,https://twitter.com/ecarlesi/status/1512995319902056452
2022-04-10 03:26:15,PhishStats,url,http://solanaormsby.com/,#phishing,https://twitter.com/PhishStats/status/1512995347701936129
2022-04-10 03:35:40,ecarlesi,url,https://wallet-pagyilons.technology,#phishing,https://twitter.com/ecarlesi/status/1512997714916749316
2022-04-10 03:40:02,HeliosCert,sha256,372a0ecdd8c4993de4b0b5fae17ea571e79ff4414841e0a55533c9cfaf07d8f4,#malware,https://twitter.com/HeliosCert/status/1512998814877110272
2022-04-10 03:40:02,HeliosCert,ip,183.82.109.138,#malware,https://twitter.com/HeliosCert/status/1512998814877110272
2022-04-10 03:47:11,ecarlesi,url,http://daapchainlink.live/app/,#phishing,https://twitter.com/ecarlesi/status/1513000615617740804
2022-04-10 03:49:13,ecarlesi,url,http://netanask-wallet.live,#phishing,https://twitter.com/ecarlesi/status/1513001127616425987
2022-04-10 03:53:08,harugasumi,ip,192.3.239.33,#phishing,https://twitter.com/harugasumi/status/1513002114414673921
2022-04-10 03:53:08,harugasumi,url,https://www.massciceri.icu/,#phishing,https://twitter.com/harugasumi/status/1513002114414673921
2022-04-10 03:55:03,HeliosCert,ip,36.236.102.66,#malware,https://twitter.com/HeliosCert/status/1513002594460909572
2022-04-10 03:55:03,HeliosCert,sha256,728f07e2e2119151cc19b887736a707df85e62ab62bf6235a5dcd21bc29ba025,#malware,https://twitter.com/HeliosCert/status/1513002594460909572
2022-04-10 03:55:03,ecarlesi,url,http://daapchainlink.live/app/index.html,#phishing,https://twitter.com/ecarlesi/status/1513002592858787841
2022-04-10 04:05:31,harugasumi,url,https://info.beachsidehotel.com.cn/,#phishing,https://twitter.com/harugasumi/status/1513005228274384900
2022-04-10 04:05:31,harugasumi,url,https://ruin.uepm.net/mixed,#phishing,https://twitter.com/harugasumi/status/1513005228274384900
2022-04-10 04:18:15,ecarlesi,url,http://isalready.com/,#phishing,https://twitter.com/ecarlesi/status/1513008432147836931
2022-04-10 04:20:02,HeliosCert,ip,193.233.156.17,#malware,https://twitter.com/HeliosCert/status/1513008883794653185
2022-04-10 04:20:02,HeliosCert,sha256,8dc257f54ea8460f1040982a3a41d77daa510e11654a5260147ac1cc7616ad30,#malware,https://twitter.com/HeliosCert/status/1513008883794653185
2022-04-10 04:23:07,ecarlesi,url,http://adventum.dev/boavida.zip,#phishing,https://twitter.com/ecarlesi/status/1513009657589420034
2022-04-10 04:30:03,HeliosCert,sha256,bae43c75886011c56b50a3819d427fc2edc21babf519ab5dcd252f91b965335f,#malware,https://twitter.com/HeliosCert/status/1513011401945665539
2022-04-10 04:30:03,HeliosCert,ip,109.194.128.228,#malware,https://twitter.com/HeliosCert/status/1513011401945665539
2022-04-10 04:31:22,kubotaa3,url,http://www.pay-pan.cn/,#phishing,https://twitter.com/kubotaa3/status/1513011734067691521
2022-04-10 04:31:22,kubotaa3,ip,115.144.69.8,#phishing,https://twitter.com/kubotaa3/status/1513011734067691521
2022-04-10 04:31:22,kubotaa3,url,http://pay-pan.cn/,#phishing,https://twitter.com/kubotaa3/status/1513011734067691521
2022-04-10 04:37:44,harugasumi,url,https://www.eki-net.com.xfmrc.com/,#phishing,https://twitter.com/harugasumi/status/1513013335272288257
2022-04-10 04:41:17,ecarlesi,url,https://crovalidator.live/index-2.html,#phishing,https://twitter.com/ecarlesi/status/1513014230563254272
2022-04-10 04:44:37,ecarlesi,url,https://crovalidator.live/index-3.html,#phishing,https://twitter.com/ecarlesi/status/1513015069457600516
2022-04-10 04:55:03,HeliosCert,sha256,563fcb04f317b9df171ca2dd7a1ae64f5ea4c2f214c57a7d58d6f6c8b3d786c5,#malware,https://twitter.com/HeliosCert/status/1513017692931952641
2022-04-10 04:55:03,HeliosCert,ip,117.4.170.158,#malware,https://twitter.com/HeliosCert/status/1513017692931952641
2022-04-10 04:59:05,taku888infinity,domain,sofinef.shop,#phishing,https://twitter.com/taku888infinity/status/1513018711438872576
2022-04-10 04:59:05,taku888infinity,domain,softuofe.info,#phishing,https://twitter.com/taku888infinity/status/1513018711438872576
2022-04-10 04:59:05,taku888infinity,domain,sofinof.shop,#phishing,https://twitter.com/taku888infinity/status/1513018711438872576
2022-04-10 05:03:55,ecarlesi,url,https://dappsecured.net/,#phishing,https://twitter.com/ecarlesi/status/1513019927472582657
2022-04-10 05:06:31,ecarlesi,url,http://c-str.net,#phishing,https://twitter.com/ecarlesi/status/1513020580894814210
2022-04-10 05:09:03,MalwarePatrol,url,https://spring-shape-0454.on.fleek.co/login.htm,#phishing,https://twitter.com/MalwarePatrol/status/1513021216306651137
2022-04-10 05:32:16,TeamDreier,url,https://e-boks.live,#phishing,https://twitter.com/TeamDreier/status/1513027058200457219
2022-04-10 05:35:30,kubotaa3,url,https://paypay.vznhdo.xyz/,#phishing,https://twitter.com/kubotaa3/status/1513027873619472387
2022-04-10 05:35:30,kubotaa3,ip,211.174.59.146,#phishing,https://twitter.com/kubotaa3/status/1513027873619472387
2022-04-10 05:40:02,HeliosCert,ip,210.4.126.213,#malware,https://twitter.com/HeliosCert/status/1513029016806215685
2022-04-10 05:40:02,HeliosCert,sha256,716954bdf4ef6882a71c8f2aa3981190da7777b50a3988069bb68eed17c7ddc8,#malware,https://twitter.com/HeliosCert/status/1513029016806215685
2022-04-10 05:48:31,kubotaa3,url,https://unlock-poypoy-co-jp.com/,#phishing,https://twitter.com/kubotaa3/status/1513031151711326209
2022-04-10 05:48:31,kubotaa3,ip,204.44.68.159,#phishing,https://twitter.com/kubotaa3/status/1513031151711326209
2022-04-10 06:04:56,AP_Zenmashi,ip,167.160.189.124,#phishing,https://twitter.com/AP_Zenmashi/status/1513035282949750785
2022-04-10 06:04:56,AP_Zenmashi,url,https://www.eki.net.abe3fe.cn,#phishing,https://twitter.com/AP_Zenmashi/status/1513035282949750785
2022-04-10 06:05:39,AP_Zenmashi,url,https://www.eki.net.d62d31.cn,#phishing,https://twitter.com/AP_Zenmashi/status/1513035462029447170
2022-04-10 06:06:17,AP_Zenmashi,ip,192.161.161.168,#phishing,https://twitter.com/AP_Zenmashi/status/1513035619299037185
2022-04-10 06:06:17,AP_Zenmashi,url,https://www.ameozm.co.jp.1fcbd0.cn,#phishing,https://twitter.com/AP_Zenmashi/status/1513035619299037185
2022-04-10 06:06:55,AP_Zenmashi,url,https://www.ameozm.co.jp.2e59b0.cn,#phishing,https://twitter.com/AP_Zenmashi/status/1513035781920591872
2022-04-10 06:07:57,AP_Zenmashi,ip,103.41.65.170,#phishing,https://twitter.com/AP_Zenmashi/status/1513036038586789890
2022-04-10 06:07:57,AP_Zenmashi,url,https://5firenews.info,#phishing,https://twitter.com/AP_Zenmashi/status/1513036038586789890
2022-04-10 06:08:40,AP_Zenmashi,url,https://4firenews.info,#phishing,https://twitter.com/AP_Zenmashi/status/1513036220892282881
2022-04-10 06:09:25,AP_Zenmashi,url,https://3firenews.info,#phishing,https://twitter.com/AP_Zenmashi/status/1513036408478318592
2022-04-10 06:10:12,AP_Zenmashi,url,https://2firenews.info,#phishing,https://twitter.com/AP_Zenmashi/status/1513036608315944962
2022-04-10 06:10:58,AP_Zenmashi,url,https://1firenews.info,#phishing,https://twitter.com/AP_Zenmashi/status/1513036798661824514
2022-04-10 06:19:41,PhishStats,url,http://chicksingernight.org/,#phishing,https://twitter.com/PhishStats/status/1513038992664666112
2022-04-10 06:19:41,PhishStats,ip,162.241.125.220,#phishing,https://twitter.com/PhishStats/status/1513038992664666112
2022-04-10 06:25:24,ecarlesi,url,http://securemacu.shop/macu.zip,#phishing,https://twitter.com/ecarlesi/status/1513040433055686662
2022-04-10 06:41:48,ecarlesi,url,http://isalready.com/spngvc/index.html,#phishing,https://twitter.com/ecarlesi/status/1513044560804552708
2022-04-10 06:42:56,ecarlesi,url,http://isalready.com/index.html,#phishing,https://twitter.com/ecarlesi/status/1513044845153112068
2022-04-10 06:43:20,ecarlesi,url,http://isalready.com/spngvc/index.php?m=content&amp;c=index&amp;a=lists&amp;catid=10,#phishing,https://twitter.com/ecarlesi/status/1513044944843415552
2022-04-10 06:43:38,ecarlesi,url,http://isalready.com/spngvc/index.php?m=content&amp;c=index&amp;a=lists&amp;catid=38,#phishing,https://twitter.com/ecarlesi/status/1513045022312210432
2022-04-10 06:50:36,harugasumi,url,https://epsoc.phynplx.cn,#phishing,https://twitter.com/harugasumi/status/1513046772025032707
2022-04-10 06:50:36,harugasumi,url,https://www.on.epcesoaed.com/,#phishing,https://twitter.com/harugasumi/status/1513046772025032707
2022-04-10 06:55:03,HeliosCert,ip,175.182.26.58,#malware,https://twitter.com/HeliosCert/status/1513047891522301954
2022-04-10 06:55:03,HeliosCert,sha256,6e2982abb9f830c778d8a3c92dcec329b792b9faf75ded5c883c1390653b656a,#malware,https://twitter.com/HeliosCert/status/1513047891522301954
2022-04-10 06:59:20,ecarlesi,url,http://moavenir.com/n8s27a/productshow_51.html,#phishing,https://twitter.com/ecarlesi/status/1513048969512947715
2022-04-10 07:04:00,AP_Zenmashi,url,https://www.maasocciseri.icu,#phishing,https://twitter.com/AP_Zenmashi/status/1513050146476417031
2022-04-10 07:04:36,AP_Zenmashi,url,https://www.mcaeocciseri.icu,#phishing,https://twitter.com/AP_Zenmashi/status/1513050296028577794
2022-04-10 07:05:16,AP_Zenmashi,url,https://www.mescocseri.com,#phishing,https://twitter.com/AP_Zenmashi/status/1513050463612321792
2022-04-10 07:05:49,AP_Zenmashi,url,https://www.maaeaissri.icu,#phishing,https://twitter.com/AP_Zenmashi/status/1513050602627993602
2022-04-10 07:06:27,AP_Zenmashi,url,https://www.mcaeaciseri.icu,#phishing,https://twitter.com/AP_Zenmashi/status/1513050764071288833
2022-04-10 07:07:02,AP_Zenmashi,url,https://www.mcacecioeri.icu,#phishing,https://twitter.com/AP_Zenmashi/status/1513050908829286404
2022-04-10 07:07:40,AP_Zenmashi,url,https://www.maseciscri.icu,#phishing,https://twitter.com/AP_Zenmashi/status/1513051067709530120
2022-04-10 07:08:15,AP_Zenmashi,url,https://www.mecoiecri.icu,#phishing,https://twitter.com/AP_Zenmashi/status/1513051213348044807
2022-04-10 07:08:49,AP_Zenmashi,url,https://www.mesaeoiseri.icu,#phishing,https://twitter.com/AP_Zenmashi/status/1513051358559014914
2022-04-10 07:09:25,AP_Zenmashi,url,https://www.masaaocciseri.icu,#phishing,https://twitter.com/AP_Zenmashi/status/1513051510531575812
2022-04-10 07:14:34,dubstard,url,https://chainsolution.net,#phishing,https://twitter.com/dubstard/status/1513052806458093569
2022-04-10 07:17:17,blackle0pard_,url,https://www.amnaon-unde.nimportelequel.com/ap/signin,#phishing,https://twitter.com/blackle0pard_/status/1513053488250449921
2022-04-10 07:19:13,ecarlesi,url,http://my-revenue-taxreturn.com/,#phishing,https://twitter.com/ecarlesi/status/1513053974563373058
2022-04-10 07:34:00,AP_Zenmashi,url,https://www.ameozm.co.jp.51a64f.cn,#phishing,https://twitter.com/AP_Zenmashi/status/1513057697251590146
2022-04-10 07:34:00,AP_Zenmashi,ip,192.161.179.10,#phishing,https://twitter.com/AP_Zenmashi/status/1513057697251590146
2022-04-10 07:34:38,AP_Zenmashi,url,https://www.ameozm.co.jp.57fb34.cn,#phishing,https://twitter.com/AP_Zenmashi/status/1513057852856107009
2022-04-10 07:35:39,AP_Zenmashi,url,https://primelink.putao050.shop,#phishing,https://twitter.com/AP_Zenmashi/status/1513058108817387524
2022-04-10 07:35:39,AP_Zenmashi,ip,185.106.96.168,#phishing,https://twitter.com/AP_Zenmashi/status/1513058108817387524
2022-04-10 07:36:24,ecarlesi,url,https://netfllix-login.com,#phishing,https://twitter.com/ecarlesi/status/1513058300086079489
2022-04-10 07:36:29,AP_Zenmashi,url,https://primelink.putao067.shop,#phishing,https://twitter.com/AP_Zenmashi/status/1513058320650993665
2022-04-10 07:37:19,AP_Zenmashi,url,https://primelink.putao062.shop,#phishing,https://twitter.com/AP_Zenmashi/status/1513058529615413248
2022-04-10 07:37:39,ecarlesi,url,https://on-citi.com,#phishing,https://twitter.com/ecarlesi/status/1513058614138875905
2022-04-10 07:38:08,AP_Zenmashi,ip,204.44.76.170,#phishing,https://twitter.com/AP_Zenmashi/status/1513058736163930113
2022-04-10 07:39:03,AP_Zenmashi,url,https://www.zmonau-svip.xyz,#phishing,https://twitter.com/AP_Zenmashi/status/1513058964459569153
2022-04-10 07:39:03,AP_Zenmashi,ip,107.172.188.18,#phishing,https://twitter.com/AP_Zenmashi/status/1513058964459569153
2022-04-10 07:39:39,AP_Zenmashi,ip,107.172.21.170,#phishing,https://twitter.com/AP_Zenmashi/status/1513059117811716104
2022-04-10 07:39:39,AP_Zenmashi,url,https://eki.net.co.bzqynut.cn,#phishing,https://twitter.com/AP_Zenmashi/status/1513059117811716104
2022-04-10 07:40:14,AP_Zenmashi,url,https://aoto-aimloa.mzpola.co.jp.chaxc.club,#phishing,https://twitter.com/AP_Zenmashi/status/1513059264452956160
2022-04-10 07:40:14,AP_Zenmashi,ip,104.223.16.66,#phishing,https://twitter.com/AP_Zenmashi/status/1513059264452956160
2022-04-10 07:40:40,ecarlesi,url,https://spqlinterlands.com,#phishing,https://twitter.com/ecarlesi/status/1513059372796108802
2022-04-10 07:40:54,AP_Zenmashi,url,https://certify-drawpu-japan.com.nwsaz.club,#phishing,https://twitter.com/AP_Zenmashi/status/1513059431319498752
2022-04-10 07:41:33,AP_Zenmashi,url,https://certify-drawpu-japan.com.nstgx.club,#phishing,https://twitter.com/AP_Zenmashi/status/1513059596080156673
2022-04-10 07:42:38,AP_Zenmashi,url,https://aeon.beshy.icu,#phishing,https://twitter.com/AP_Zenmashi/status/1513059866616954881
2022-04-10 07:42:38,AP_Zenmashi,ip,23.94.24.185,#phishing,https://twitter.com/AP_Zenmashi/status/1513059866616954881
2022-04-10 07:42:45,ecarlesi,url,https://update-aibonlinebanking.com/,#phishing,https://twitter.com/ecarlesi/status/1513059898455642113
2022-04-10 07:43:27,AP_Zenmashi,url,https://sasoniesrd.com,#phishing,https://twitter.com/AP_Zenmashi/status/1513060072892485632
2022-04-10 07:43:27,AP_Zenmashi,ip,154.209.75.56,#phishing,https://twitter.com/AP_Zenmashi/status/1513060072892485632
2022-04-10 07:44:21,AP_Zenmashi,ip,205.185.115.59,#phishing,https://twitter.com/AP_Zenmashi/status/1513060302127960068
2022-04-10 07:46:19,AP_Zenmashi,url,https://www.etc-meisai.jp.cnfanghufu.com,#phishing,https://twitter.com/AP_Zenmashi/status/1513060796930002945
2022-04-10 07:47:14,AP_Zenmashi,url,https://www.etc2-meisai.jp.cnfanghufu.com,#phishing,https://twitter.com/AP_Zenmashi/status/1513061027059240965
2022-04-10 07:47:14,ecarlesi,url,https://levecomagazlne.com/,#phishing,https://twitter.com/ecarlesi/status/1513061025968541697
2022-04-10 07:47:52,AP_Zenmashi,url,https://vpose-ne-imbex.jp.c5b048.cn,#phishing,https://twitter.com/AP_Zenmashi/status/1513061184161091593
2022-04-10 07:47:52,AP_Zenmashi,ip,155.94.158.49,#phishing,https://twitter.com/AP_Zenmashi/status/1513061184161091593
2022-04-10 07:48:30,AP_Zenmashi,url,https://vpose-ne-imbex.jp.b8609b.cn,#phishing,https://twitter.com/AP_Zenmashi/status/1513061343330734082
2022-04-10 07:49:07,AP_Zenmashi,url,https://vpose-ne-imbex.jp.cbe77c.cn,#phishing,https://twitter.com/AP_Zenmashi/status/1513061498301870083
2022-04-10 07:49:45,AP_Zenmashi,url,https://vpose-ne-imbex.jp.d9b92c.cn,#phishing,https://twitter.com/AP_Zenmashi/status/1513061659501527043
2022-04-10 07:50:29,AP_Zenmashi,url,https://vpose-ne-imbex.jp.ce958b.cn,#phishing,https://twitter.com/AP_Zenmashi/status/1513061841664024579
2022-04-10 07:51:09,AP_Zenmashi,url,https://vpose-ne-imbex.jp.d60276.cn,#phishing,https://twitter.com/AP_Zenmashi/status/1513062010443153409
2022-04-10 07:51:41,ecarlesi,url,http://ameli-cartevitalev3.com,#phishing,https://twitter.com/ecarlesi/status/1513062144383897600
2022-04-10 07:51:48,AP_Zenmashi,url,https://vpose-ne-imbex.jp.f8f9fa.cn,#phishing,https://twitter.com/AP_Zenmashi/status/1513062172972417026
2022-04-10 07:52:24,AP_Zenmashi,url,https://vpose-ne-imbex.jp.fa9213.cn,#phishing,https://twitter.com/AP_Zenmashi/status/1513062327905488898
2022-04-10 07:52:55,ecarlesi,url,http://ameii-sms.com,#phishing,https://twitter.com/ecarlesi/status/1513062457153146880
2022-04-10 07:53:02,AP_Zenmashi,url,https://vpose-ne-imbex.jp.ccd953.cn,#phishing,https://twitter.com/AP_Zenmashi/status/1513062487415209986
2022-04-10 07:53:39,AP_Zenmashi,url,https://vpose-ne-imbex.jp.c68bae.cn,#phishing,https://twitter.com/AP_Zenmashi/status/1513062639903326208
2022-04-10 07:54:17,AP_Zenmashi,url,https://peressoneal.shop,#phishing,https://twitter.com/AP_Zenmashi/status/1513062799710187526
2022-04-10 07:54:17,AP_Zenmashi,ip,155.94.179.71,#phishing,https://twitter.com/AP_Zenmashi/status/1513062799710187526
2022-04-10 07:54:59,ecarlesi,url,https://mange53.com,#phishing,https://twitter.com/ecarlesi/status/1513062976785461248
2022-04-10 07:55:04,AP_Zenmashi,url,https://www.eki-net.com.tdumr.com,#phishing,https://twitter.com/AP_Zenmashi/status/1513062997320601602
2022-04-10 07:55:04,AP_Zenmashi,ip,155.94.201.55,#phishing,https://twitter.com/AP_Zenmashi/status/1513062997320601602
2022-04-10 07:56:06,ecarlesi,url,http://ameli-infosgouv.com,#phishing,https://twitter.com/ecarlesi/status/1513063255916359684
2022-04-10 07:56:09,AP_Zenmashi,url,https://zomnar.ybdcyni.cn,#phishing,https://twitter.com/AP_Zenmashi/status/1513063268226842624
2022-04-10 07:56:09,AP_Zenmashi,ip,107.174.68.62,#phishing,https://twitter.com/AP_Zenmashi/status/1513063268226842624
2022-04-10 07:56:51,AP_Zenmashi,url,https://sonmi.oysvymp.cn,#phishing,https://twitter.com/AP_Zenmashi/status/1513063446782562305
2022-04-10 07:57:37,AP_Zenmashi,url,https://nomter.umvvz.cn,#phishing,https://twitter.com/AP_Zenmashi/status/1513063638432882691
2022-04-10 07:58:15,AP_Zenmashi,url,https://americanexpress.co.jpvbcxvxcv3sd.com,#phishing,https://twitter.com/AP_Zenmashi/status/1513063799007289346
2022-04-10 07:58:15,AP_Zenmashi,ip,193.233.204.216,#phishing,https://twitter.com/AP_Zenmashi/status/1513063799007289346
2022-04-10 07:58:26,ecarlesi,url,https://metamaskverifycation.com,#phishing,https://twitter.com/ecarlesi/status/1513063844742156291
2022-04-10 07:58:27,ecarlesi,url,https://metamaskauthentication.com,#phishing,https://twitter.com/ecarlesi/status/1513063849347497986
2022-04-10 08:00:58,ecarlesi,url,https://proteggi-datiap.com/,#phishing,https://twitter.com/ecarlesi/status/1513064481072590855
2022-04-10 08:02:47,ecarlesi,url,http://authweb3utility.com/,#phishing,https://twitter.com/ecarlesi/status/1513064938805374976
2022-04-10 08:03:34,ecarlesi,url,http://contactverlengprocedure.com/aanmelden/,#phishing,https://twitter.com/ecarlesi/status/1513065137300774912
2022-04-10 08:04:21,AP_Zenmashi,url,https://americanexpress.co.jpnrqxvxhbax.jp,#phishing,https://twitter.com/AP_Zenmashi/status/1513065332809744385
2022-04-10 08:04:40,ecarlesi,url,http://authweb3utility.com/en/index.php,#phishing,https://twitter.com/ecarlesi/status/1513065413776658432
2022-04-10 08:04:55,ecarlesi,url,http://authweb3utility.com/en/en.html,#phishing,https://twitter.com/ecarlesi/status/1513065476326371330
2022-04-10 08:05:32,AP_Zenmashi,url,https://americanexpress.co.jpnrqxzhbax.net,#phishing,https://twitter.com/AP_Zenmashi/status/1513065630664372225
2022-04-10 08:05:58,ecarlesi,url,http://mynhscovidpassonline.com/,#phishing,https://twitter.com/ecarlesi/status/1513065740399693829
2022-04-10 08:06:13,AP_Zenmashi,url,https://prime.amazon.co.jpyxv12jaosdn.net,#phishing,https://twitter.com/AP_Zenmashi/status/1513065803306119170
2022-04-10 08:06:55,AP_Zenmashi,url,https://prime.amazon.co.jpn628zoan2ha.com,#phishing,https://twitter.com/AP_Zenmashi/status/1513065979194245121
2022-04-10 08:07:33,AP_Zenmashi,url,https://prime.amazon.co.jpyxvu762aosdn.shop,#phishing,https://twitter.com/AP_Zenmashi/status/1513066140385558528
2022-04-10 08:08:13,AP_Zenmashi,url,https://prime.amazon.co.jpgszdrzan2ha.jp,#phishing,https://twitter.com/AP_Zenmashi/status/1513066307759263747
2022-04-10 08:08:46,ecarlesi,url,http://contactverlengprocedure.com/html.zip,#phishing,https://twitter.com/ecarlesi/status/1513066443688058882
2022-04-10 08:09:04,AP_Zenmashi,url,https://prime.amazon.co.jpyxvuwxaosdn.jp,#phishing,https://twitter.com/AP_Zenmashi/status/1513066520976392195
2022-04-10 08:09:42,AP_Zenmashi,url,https://prime.amazon.co.jpyxnaj2jaosdn.com,#phishing,https://twitter.com/AP_Zenmashi/status/1513066678166306824
2022-04-10 08:10:22,AP_Zenmashi,url,https://prime.amazon.co.jpgsqdrzan2ha.shop,#phishing,https://twitter.com/AP_Zenmashi/status/1513066848769642497
2022-04-10 08:11:00,AP_Zenmashi,url,https://prime.amazon.co.jpgsdrzan2ha.net,#phishing,https://twitter.com/AP_Zenmashi/status/1513067006656118789
2022-04-10 08:11:22,ecarlesi,url,http://omranmehrmaham.com/wordpress-5.3-fa_ir.zip,#phishing,https://twitter.com/ecarlesi/status/1513067100130230272
2022-04-10 08:11:57,AP_Zenmashi,url,https://ekl-iinet.xyz,#phishing,https://twitter.com/AP_Zenmashi/status/1513067245215223811
2022-04-10 08:11:57,AP_Zenmashi,ip,23.95.37.163,#phishing,https://twitter.com/AP_Zenmashi/status/1513067245215223811
2022-04-10 08:12:59,AP_Zenmashi,ip,23.94.159.201,#phishing,https://twitter.com/AP_Zenmashi/status/1513067507430526982
2022-04-10 08:12:59,AP_Zenmashi,url,https://www.smbseurd.icu,#phishing,https://twitter.com/AP_Zenmashi/status/1513067507430526982
2022-04-10 08:13:40,AP_Zenmashi,url,https://www.smbsrurd.icu,#phishing,https://twitter.com/AP_Zenmashi/status/1513067679573495809
2022-04-10 08:14:51,AP_Zenmashi,url,https://www.smbsaurd.icu,#phishing,https://twitter.com/AP_Zenmashi/status/1513067976001732614
2022-04-10 08:15:22,ecarlesi,url,http://nhscovidpass-info.com/,#phishing,https://twitter.com/ecarlesi/status/1513068103948804096
2022-04-10 08:15:38,ecarlesi,url,http://nhs-covidpass-apply-uk.com/,#phishing,https://twitter.com/ecarlesi/status/1513068172831830018
2022-04-10 08:15:53,phishunt_io,ip,31.31.198.173,#phishing #scam,https://twitter.com/phishunt_io/status/1513068237189267456
2022-04-10 08:15:53,phishunt_io,url,https://instagrambussines.ml/,#phishing #scam,https://twitter.com/phishunt_io/status/1513068237189267456
2022-04-10 08:17:22,AP_Zenmashi,url,https://www.smbszurd.icu,#phishing,https://twitter.com/AP_Zenmashi/status/1513068609441959938
2022-04-10 08:25:02,HeliosCert,ip,39.45.255.246,#malware,https://twitter.com/HeliosCert/status/1513070536976486407
2022-04-10 08:25:02,HeliosCert,sha256,9000eeb4b18bec335a8a85e67bbb6e78f204f669fde9654e754871d0bae7d53a,#malware,https://twitter.com/HeliosCert/status/1513070536976486407
2022-04-10 08:26:14,ecarlesi,url,http://deficryptoconnect.com/en.zip,#phishing,https://twitter.com/ecarlesi/status/1513070839754854401
2022-04-10 08:44:20,drb_ra,ip,45.147.231.151,#CobaltStrike,https://twitter.com/drb_ra/status/1513075396396335110
2022-04-10 08:44:28,drb_ra,ip,165.227.104.189,#CobaltStrike,https://twitter.com/drb_ra/status/1513075429648838656
2022-04-10 08:44:57,drb_ra,ip,110.42.252.197,#CobaltStrike,https://twitter.com/drb_ra/status/1513075549253554179
2022-04-10 08:45:10,drb_ra,ip,192.3.67.108,#CobaltStrike,https://twitter.com/drb_ra/status/1513075604534476802
2022-04-10 08:45:33,drb_ra,ip,107.189.30.131,#CobaltStrike,https://twitter.com/drb_ra/status/1513075702903578627
2022-04-10 09:00:02,dnstwist,domain,blockchain.gq,#phishing,https://twitter.com/dnstwist/status/1513079345056825346
2022-04-10 09:05:55,ecarlesi,url,http://aggiorna-area-clienti.com/,#phishing,https://twitter.com/ecarlesi/status/1513080826807914497
2022-04-10 09:06:02,micham,ip,106.12.36.24,#phishing,https://twitter.com/micham/status/1513080856185049090
2022-04-10 09:06:02,micham,ip,192.3.239.31,#phishing,https://twitter.com/micham/status/1513080856185049090
2022-04-10 09:07:44,ecarlesi,url,https://iemobilaib.com/,#phishing,https://twitter.com/ecarlesi/status/1513081284003835904
2022-04-10 09:08:45,ecarlesi,url,http://my-revolut.com/,#phishing,https://twitter.com/ecarlesi/status/1513081541744029696
2022-04-10 09:10:02,dnstwist,domain,web-paypal.com,#phishing,https://twitter.com/dnstwist/status/1513081862851289092
2022-04-10 09:11:11,ecarlesi,url,https://bansanta.com/,#phishing,https://twitter.com/ecarlesi/status/1513082153755906054
2022-04-10 09:11:22,ecarlesi,url,https://iemobilaib.com/alert.php,#phishing,https://twitter.com/ecarlesi/status/1513082199029035008
2022-04-10 09:13:24,ecarlesi,url,https://my-revolut.com/,#phishing,https://twitter.com/ecarlesi/status/1513082710973382660
2022-04-10 09:15:28,ecarlesi,url,https://boncosantander.info/login/?pwd=s5,#phishing,https://twitter.com/ecarlesi/status/1513083231255506948
2022-04-10 09:18:13,ecarlesi,url,https://amelifr-formulaire.com,#phishing,https://twitter.com/ecarlesi/status/1513083922363473923
2022-04-10 09:23:05,ecarlesi,url,https://uk-pcrtestkits.com/nhs/,#phishing,https://twitter.com/ecarlesi/status/1513085146441916419
2022-04-10 09:23:39,PhishStats,url,http://claim-free-rewards.duckdns.org/,#phishing,https://twitter.com/PhishStats/status/1513085291204120579
2022-04-10 09:23:39,PhishStats,ip,20.203.248.6,#phishing,https://twitter.com/PhishStats/status/1513085291204120579
2022-04-10 09:26:04,ecarlesi,url,http://exrpessgamers.com,#phishing,https://twitter.com/ecarlesi/status/1513085898560319488
2022-04-10 09:28:53,ecarlesi,url,http://santadr.net/,#phishing,https://twitter.com/ecarlesi/status/1513086607259504641
2022-04-10 09:29:22,ecarlesi,url,https://werehargo.com,#phishing,https://twitter.com/ecarlesi/status/1513086728541814786
2022-04-10 09:37:59,ecarlesi,url,https://boncosantander.net/acceso/?pwd=e9,#phishing,https://twitter.com/ecarlesi/status/1513088895457841158
2022-04-10 09:51:08,fr0s7_,md5,90d1bc997dedcb4135c34a3988296035,,https://twitter.com/fr0s7_/status/1513092205451296768
2022-04-10 09:55:02,HeliosCert,sha256,da12fe120ec177d618ee8f0e7d74351fa5450cf885b96a0e8e9a72c2fc1ce861,#malware,https://twitter.com/HeliosCert/status/1513093187832881154
2022-04-10 10:02:01,ecarlesi,url,https://az-stop.com/sms/,#phishing,https://twitter.com/ecarlesi/status/1513094943404920832
2022-04-10 10:04:02,ecarlesi,url,http://az-stop.com/sms/,#phishing,https://twitter.com/ecarlesi/status/1513095454497681408
2022-04-10 10:09:04,MalwarePatrol,url,http://breathefoundationforartists.com/dueinv/updation/,#phishing,https://twitter.com/MalwarePatrol/status/1513096718279229443
2022-04-10 10:09:20,ecarlesi,url,http://mon-netflixv1.com,#phishing,https://twitter.com/ecarlesi/status/1513096785891258373
2022-04-10 10:13:47,ecarlesi,url,http://adesione-protective.com/,#phishing,https://twitter.com/ecarlesi/status/1513097904973660162
2022-04-10 10:14:32,ecarlesi,url,https://service-supports.com,#phishing,https://twitter.com/ecarlesi/status/1513098096825229313
2022-04-10 10:15:04,HeliosCert,sha256,41d8f35da6d8107b6a6b28e3bb5bb2c377375ea9bb22f2c3e449697343216675,#malware,https://twitter.com/HeliosCert/status/1513098228576755712
2022-04-10 10:15:04,HeliosCert,ip,36.81.254.103,#malware,https://twitter.com/HeliosCert/status/1513098228576755712
2022-04-10 10:18:02,ecarlesi,url,https://adesione-protective.com/,#phishing,https://twitter.com/ecarlesi/status/1513098976395988996
2022-04-10 10:18:13,ecarlesi,url,https://revolutanpost-confirm.com/,#phishing,https://twitter.com/ecarlesi/status/1513099022625652736
2022-04-10 10:20:02,HeliosCert,ip,82.127.87.216,#malware,https://twitter.com/HeliosCert/status/1513099479787970560
2022-04-10 10:20:02,HeliosCert,sha256,7c3c42da80e63ca5015fcb7016d49df4064b8ec71c3195003abca724e1a40977,#malware,https://twitter.com/HeliosCert/status/1513099479787970560
2022-04-10 10:26:17,kubotaa3,url,https://jp.mercari.meikav.xyz/,#phishing,https://twitter.com/kubotaa3/status/1513101054006951940
2022-04-10 10:26:17,kubotaa3,ip,211.174.59.147,#phishing,https://twitter.com/kubotaa3/status/1513101054006951940
2022-04-10 10:28:18,ecarlesi,url,http://rutowskipharmicies.com/,#phishing,https://twitter.com/ecarlesi/status/1513101560997457924
2022-04-10 10:30:50,ecarlesi,url,http://consorsbk.com/main.zip,#phishing,https://twitter.com/ecarlesi/status/1513102198850400257
2022-04-10 10:36:52,AP_Zenmashi,url,https://e-navi.crosser.jp,#phishing,https://twitter.com/AP_Zenmashi/status/1513103716047462402
2022-04-10 10:38:01,ecarlesi,url,https://levecomagaiuzine.com,#phishing,https://twitter.com/ecarlesi/status/1513104002736701443
2022-04-10 10:45:02,HeliosCert,sha256,80a924e97d0b82df803ed307eb91a8daaab5374470dd4509d92b0f859c2eaecb,#malware,https://twitter.com/HeliosCert/status/1513105771910815747
2022-04-10 10:47:40,drb_ra,ip,185.51.246.51,#CobaltStrike,https://twitter.com/drb_ra/status/1513106432182431751
2022-04-10 10:48:13,drb_ra,ip,46.101.183.241,#CobaltStrike,https://twitter.com/drb_ra/status/1513106572528033795
2022-04-10 10:57:56,ecarlesi,url,http://www.rutowskipharmicies.com/,#phishing,https://twitter.com/ecarlesi/status/1513109018679652359
2022-04-10 11:02:36,ecarlesi,url,http://support-amazon.info,#phishing,https://twitter.com/ecarlesi/status/1513110189746327557
2022-04-10 11:07:13,ecarlesi,url,http://eventxsuit.xyz/puri%20chalu%202.0%20.zip,#phishing,https://twitter.com/ecarlesi/status/1513111352688377859
2022-04-10 11:09:27,ecarlesi,url,http://ainsleycarolinelaw.com/,#phishing,https://twitter.com/ecarlesi/status/1513111913810432006
2022-04-10 11:15:02,ecarlesi,url,https://secureamelifr.com,#phishing,https://twitter.com/ecarlesi/status/1513113321528074241
2022-04-10 11:23:54,ecarlesi,url,https://postifin.com/aktia_d/,#phishing,https://twitter.com/ecarlesi/status/1513115551278809088
2022-04-10 11:24:03,ecarlesi,url,https://postifin.com/danske/,#phishing,https://twitter.com/ecarlesi/status/1513115590634110976
2022-04-10 11:24:10,ecarlesi,url,https://postifin.com/nordea_web_correct/,#phishing,https://twitter.com/ecarlesi/status/1513115619406884867
2022-04-10 11:24:21,ecarlesi,url,https://postifin.com/op_d/,#phishing,https://twitter.com/ecarlesi/status/1513115663191138305
2022-04-10 11:24:28,ecarlesi,url,https://postifin.com/pankki_g/,#phishing,https://twitter.com/ecarlesi/status/1513115696242335746
2022-04-10 11:26:50,ecarlesi,url,http://limited-review.com/,#phishing,https://twitter.com/ecarlesi/status/1513116289963036672
2022-04-10 11:30:03,ecarlesi,url,https://santander.co.uk.limited-access.app/auth/,#phishing,https://twitter.com/ecarlesi/status/1513117100751360004
2022-04-10 11:34:19,ecarlesi,url,https://mga-lu.com,#phishing,https://twitter.com/ecarlesi/status/1513118174975340545
2022-04-10 11:37:45,ecarlesi,url,http://1800mybk.com/,#phishing,https://twitter.com/ecarlesi/status/1513119035722170368
2022-04-10 11:40:15,ecarlesi,url,http://www.1800mybk.com/,#phishing,https://twitter.com/ecarlesi/status/1513119664301219841
2022-04-10 11:59:10,ecarlesi,url,http://contractprogressie.com/aanmelden/,#phishing,https://twitter.com/ecarlesi/status/1513124427633995776
2022-04-10 11:59:25,ecarlesi,url,http://contractprogressie.com/html.zip,#phishing,https://twitter.com/ecarlesi/status/1513124487931256834
2022-04-10 12:10:03,HeliosCert,ip,78.37.18.7,#malware,https://twitter.com/HeliosCert/status/1513127163700158471
2022-04-10 12:10:03,HeliosCert,sha256,e1fe02b7aedd39d08211ebc47b5af21a05f8be7a6cc2de2b20835f37a5919d37,#malware,https://twitter.com/HeliosCert/status/1513127163700158471
2022-04-10 12:16:58,phishunt_io,ip,45.12.2.227,#phishing #scam,https://twitter.com/phishunt_io/status/1513128904395005952
2022-04-10 12:21:55,500mk500,sha256,778237b400877a786777628b39dca1c1ae0fe6f44f312523179775d4d51b4729,,https://twitter.com/500mk500/status/1513130150518476808
2022-04-10 12:21:55,500mk500,sha256,6f69b9f462a1259d0a98b50465313aa21d280dd5ff71bff8ad2259e3f466dc6a,,https://twitter.com/500mk500/status/1513130150518476808
2022-04-10 12:21:55,500mk500,ip,152.67.214.67,,https://twitter.com/500mk500/status/1513130150518476808
2022-04-10 12:21:55,500mk500,domain,c12123.top,,https://twitter.com/500mk500/status/1513130150518476808
2022-04-10 12:21:55,500mk500,ip,185.215.113.62,,https://twitter.com/500mk500/status/1513130150518476808
2022-04-10 12:29:37,PhishStats,ip,66.45.226.12,#phishing,https://twitter.com/PhishStats/status/1513132091185274889
2022-04-10 12:29:37,PhishStats,url,http://deficryptoconnect.com/,#phishing,https://twitter.com/PhishStats/status/1513132091185274889
2022-04-10 12:35:02,HeliosCert,sha256,c56db97f66f8e7d67567c0e0c91789b440822d011da7559b1639a93a1a39b5c8,#malware,https://twitter.com/HeliosCert/status/1513133451586768911
2022-04-10 12:45:03,HeliosCert,ip,113.164.40.124,#malware,https://twitter.com/HeliosCert/status/1513135972006907907
2022-04-10 12:45:03,HeliosCert,sha256,2ae9a434fec6a7654d885d7e2c646cdcb84a9ac44e7ceb32f9aafc1187f08c38,#malware,https://twitter.com/HeliosCert/status/1513135972006907907
2022-04-10 13:00:00,ecarlesi,url,https://fafa855vn.net/20200319_thethao_6993ee4693c763a47718_20220410061028_archive.zip,#phishing,https://twitter.com/ecarlesi/status/1513139735505809413
2022-04-10 13:00:55,CardanoPhishing,ip,186.2.171.85,#phishing #scam,https://twitter.com/CardanoPhishing/status/1513139967974858757
2022-04-10 13:00:55,CardanoPhishing,domain,ada2x.info,#phishing #scam,https://twitter.com/CardanoPhishing/status/1513139967974858757
2022-04-10 13:02:02,ecarlesi,url,https://securehsvonline.com/,#phishing,https://twitter.com/ecarlesi/status/1513140248120811520
2022-04-10 13:02:02,ecarlesi,url,https://anjianguyw7863amazon.com,#phishing,https://twitter.com/ecarlesi/status/1513140248041164809
2022-04-10 13:04:34,ecarlesi,url,http://securehsvonline.com/,#phishing,https://twitter.com/ecarlesi/status/1513140884480667648
2022-04-10 13:08:49,ecarlesi,url,https://securehsvonline.com/recover-username.php,#phishing,https://twitter.com/ecarlesi/status/1513141954380537858
2022-04-10 13:11:43,ecarlesi,url,https://securehsvonline.com/index.php,#phishing,https://twitter.com/ecarlesi/status/1513142685074350085
2022-04-10 13:15:58,ecarlesi,url,http://xn--rtablissement-devotre-dossier-dis-b6c.com,#phishing,https://twitter.com/ecarlesi/status/1513143752478855172
2022-04-10 13:19:34,ecarlesi,url,http://anjianguyw7863amazon.com,#phishing,https://twitter.com/ecarlesi/status/1513144660268572676
2022-04-10 13:23:03,ecarlesi,url,https://instagram-connexion.com,#phishing,https://twitter.com/ecarlesi/status/1513145536223850500
2022-04-10 13:23:44,KesaGataMe0,url,http://www.pay-pan.cn/wap/index.php,#phishing,https://twitter.com/KesaGataMe0/status/1513145706902859779
2022-04-10 13:24:00,ecarlesi,url,https://mon-netflixv1.com,#phishing,https://twitter.com/ecarlesi/status/1513145774556725256
2022-04-10 13:24:00,ecarlesi,url,http://mon-assurance-ameli.com,#phishing,https://twitter.com/ecarlesi/status/1513145774531653632
2022-04-10 13:26:28,KesaGataMe0,ip,107.175.83.13,#phishing,https://twitter.com/KesaGataMe0/status/1513146396245114880
2022-04-10 13:26:28,KesaGataMe0,url,https://www.s.smbc-checked.cc,#phishing,https://twitter.com/KesaGataMe0/status/1513146396245114880
2022-04-10 13:26:28,KesaGataMe0,url,https://www.c.smbc-checked.cc,#phishing,https://twitter.com/KesaGataMe0/status/1513146396245114880
2022-04-10 13:26:28,KesaGataMe0,url,https://www.b.smbc-checked.cc,#phishing,https://twitter.com/KesaGataMe0/status/1513146396245114880
2022-04-10 13:29:52,KesaGataMe0,url,https://aupayi-auoneo-jp.cpbfrux.cn,#phishing,https://twitter.com/KesaGataMe0/status/1513147253548285960
2022-04-10 13:29:52,KesaGataMe0,url,https://aupayi-auoneo-jp.wtgzetm.cn,#phishing,https://twitter.com/KesaGataMe0/status/1513147253548285960
2022-04-10 13:29:52,KesaGataMe0,url,https://aupayi-auoneo-jp.abnxsju.cn,#phishing,https://twitter.com/KesaGataMe0/status/1513147253548285960
2022-04-10 13:29:52,KesaGataMe0,url,https://aupayi-auoneo-jp.wxxwbyw.cn,#phishing,https://twitter.com/KesaGataMe0/status/1513147253548285960
2022-04-10 13:29:52,KesaGataMe0,ip,155.94.133.205,#phishing,https://twitter.com/KesaGataMe0/status/1513147253548285960
2022-04-10 13:29:52,KesaGataMe0,url,https://aupayi-auoneo-jp.dhbnako.cn,#phishing,https://twitter.com/KesaGataMe0/status/1513147253548285960
2022-04-10 13:29:52,KesaGataMe0,url,https://aupayi-auoneo-jp.crsesht.cn,#phishing,https://twitter.com/KesaGataMe0/status/1513147253548285960
2022-04-10 13:32:11,KesaGataMe0,ip,34.84.77.29,#phishing,https://twitter.com/KesaGataMe0/status/1513147833872154625
2022-04-10 13:32:11,KesaGataMe0,url,https://kddv-av0ne.myvnc.com,#phishing,https://twitter.com/KesaGataMe0/status/1513147833872154625
2022-04-10 13:32:11,KesaGataMe0,url,https://kddf-avone.ddnsking.com,#phishing,https://twitter.com/KesaGataMe0/status/1513147833872154625
2022-04-10 13:32:11,KesaGataMe0,url,https://kddu-avone.myvnc.com,#phishing,https://twitter.com/KesaGataMe0/status/1513147833872154625
2022-04-10 13:33:31,KesaGataMe0,url,https://paypay.vznhdo.xyz,#phishing,https://twitter.com/KesaGataMe0/status/1513148171148734467
2022-04-10 13:34:36,KesaGataMe0,url,https://jp.mercari.meikav.xyz,#phishing,https://twitter.com/KesaGataMe0/status/1513148443380056067
2022-04-10 13:35:12,AP_Zenmashi,url,https://minson.hitojkd.cn,#phishing,https://twitter.com/AP_Zenmashi/status/1513148592412041216
2022-04-10 13:35:52,AP_Zenmashi,url,https://tenmer.xmeiqzu.cn,#phishing,https://twitter.com/AP_Zenmashi/status/1513148762415575044
2022-04-10 13:36:49,DonPasci,url,https://www.helpukraine.unhelpdesk.org/,#phishing,https://twitter.com/DonPasci/status/1513148999276154883
2022-04-10 13:37:49,DonPasci,url,https://www.supportukraine.bunzo.org/,#phishing,https://twitter.com/DonPasci/status/1513149254319198211
2022-04-10 13:38:12,KesaGataMe0,url,https://unlock-poypoy-co-jp.com,#phishing,https://twitter.com/KesaGataMe0/status/1513149347588087808
2022-04-10 13:38:12,KesaGataMe0,url,https://antation-paypay-jp.com,#phishing,https://twitter.com/KesaGataMe0/status/1513149347588087808
2022-04-10 13:38:12,KesaGataMe0,url,https://cheap-paypay-co-jp.com,#phishing,https://twitter.com/KesaGataMe0/status/1513149347588087808
2022-04-10 13:38:12,KesaGataMe0,url,https://domain-paypay-co-jp.com,#phishing,https://twitter.com/KesaGataMe0/status/1513149347588087808
2022-04-10 13:38:12,KesaGataMe0,url,https://unlock-paypay-co-jp.com,#phishing,https://twitter.com/KesaGataMe0/status/1513149347588087808
2022-04-10 13:38:12,KesaGataMe0,url,https://unlock-poypoy-co-jp.xyz,#phishing,https://twitter.com/KesaGataMe0/status/1513149347588087808
2022-04-10 13:42:17,KesaGataMe0,ip,35.78.174.32,#phishing,https://twitter.com/KesaGataMe0/status/1513150376752861185
2022-04-10 13:42:17,KesaGataMe0,url,http://35.78.174.32,#phishing,https://twitter.com/KesaGataMe0/status/1513150376752861185
2022-04-10 13:45:29,KesaGataMe0,ip,45.117.103.79,#phishing,https://twitter.com/KesaGataMe0/status/1513151181702721537
2022-04-10 13:48:11,KesaGataMe0,url,https://tfgbj.hftcu7bf.cn,#phishing,https://twitter.com/KesaGataMe0/status/1513151862207553540
2022-04-10 13:48:11,KesaGataMe0,url,https://ukjgnb.owi3vt0c.cn,#phishing,https://twitter.com/KesaGataMe0/status/1513151862207553540
2022-04-10 13:48:11,KesaGataMe0,ip,192.161.179.153,#phishing,https://twitter.com/KesaGataMe0/status/1513151862207553540
2022-04-10 13:48:11,KesaGataMe0,url,https://fgfbf.h2qdtx2e.cn,#phishing,https://twitter.com/KesaGataMe0/status/1513151862207553540
2022-04-10 13:48:11,KesaGataMe0,url,https://tuyiy.3ivorwhm.cn,#phishing,https://twitter.com/KesaGataMe0/status/1513151862207553540
2022-04-10 13:48:11,KesaGataMe0,url,https://yjhj.n6wa02il.cn,#phishing,https://twitter.com/KesaGataMe0/status/1513151862207553540
2022-04-10 13:48:11,KesaGataMe0,url,https://jghdfb.1x37g3hh.cn,#phishing,https://twitter.com/KesaGataMe0/status/1513151862207553540
2022-04-10 13:48:11,KesaGataMe0,url,https://ukjgj.n9t2g6jc.cn,#phishing,https://twitter.com/KesaGataMe0/status/1513151862207553540
2022-04-10 13:50:02,HeliosCert,ip,193.25.121.52,#malware,https://twitter.com/HeliosCert/status/1513152328496521221
2022-04-10 13:50:02,HeliosCert,sha256,2e67865b954436c36f6233e1cd7337e643f4369639a7c8f7175721e884981884,#malware,https://twitter.com/HeliosCert/status/1513152328496521221
2022-04-10 13:53:15,KesaGataMe0,url,https://yghnv.e30myo89.cn,#phishing,https://twitter.com/KesaGataMe0/status/1513153137980624900
2022-04-10 13:53:15,KesaGataMe0,url,https://uygj.j0xnl4tg.cn,#phishing,https://twitter.com/KesaGataMe0/status/1513153137980624900
2022-04-10 13:53:15,KesaGataMe0,url,https://rfgj.v0d4hz7j.cn,#phishing,https://twitter.com/KesaGataMe0/status/1513153137980624900
2022-04-10 13:53:15,KesaGataMe0,url,https://rfgj.g1xtsgqc.cn,#phishing,https://twitter.com/KesaGataMe0/status/1513153137980624900
2022-04-10 13:53:15,KesaGataMe0,url,https://yjyj.fut1elzy.cn,#phishing,https://twitter.com/KesaGataMe0/status/1513153137980624900
2022-04-10 13:53:15,KesaGataMe0,url,https://nncvn.clb6x9u8.cn,#phishing,https://twitter.com/KesaGataMe0/status/1513153137980624900
2022-04-10 13:53:15,KesaGataMe0,ip,155.94.143.6,#phishing,https://twitter.com/KesaGataMe0/status/1513153137980624900
2022-04-10 13:53:15,KesaGataMe0,url,https://ykyghg.td9j2crl.cn,#phishing,https://twitter.com/KesaGataMe0/status/1513153137980624900
2022-04-10 13:59:59,KesaGataMe0,url,https://eki-mobile-net.tbxzyy.com.cn,#phishing,https://twitter.com/KesaGataMe0/status/1513154831091126279
2022-04-10 13:59:59,KesaGataMe0,url,https://eki-mobilenet.ddns.net,#phishing,https://twitter.com/KesaGataMe0/status/1513154831091126279
2022-04-10 13:59:59,KesaGataMe0,ip,155.94.228.208,#phishing,https://twitter.com/KesaGataMe0/status/1513154831091126279
2022-04-10 14:23:16,ecarlesi,url,http://primeamachecksafe.com,#phishing,https://twitter.com/ecarlesi/status/1513160689292132357
2022-04-10 14:27:05,ecarlesi,url,https://webhostdapp.com/wallectconnect.html,#phishing,https://twitter.com/ecarlesi/status/1513161651951910920
2022-04-10 14:30:02,HeliosCert,ip,45.162.104.21,#malware,https://twitter.com/HeliosCert/status/1513162395308511240
2022-04-10 14:30:02,HeliosCert,sha256,024b2fb2da61da1f8b035c80a03d48bbb6c2ea93fd804924f391fa293c50958e,#malware,https://twitter.com/HeliosCert/status/1513162395308511240
2022-04-10 14:40:02,HeliosCert,ip,89.251.174.129,#malware,https://twitter.com/HeliosCert/status/1513164912096419843
2022-04-10 14:40:02,HeliosCert,sha256,561869714fbd73b0bc07895d0815c6b519a5f3b9ad1577f1034a6514b63da320,#malware,https://twitter.com/HeliosCert/status/1513164912096419843
2022-04-10 14:44:11,drb_ra,ip,23.19.58.154,#CobaltStrike,https://twitter.com/drb_ra/status/1513165954674565124
2022-04-10 14:49:12,500mk500,ip,191.8.238.4,,https://twitter.com/500mk500/status/1513167218175062018
2022-04-10 14:51:38,ecarlesi,url,https://cpro-cp2.xyz/securess/error.html,#phishing,https://twitter.com/ecarlesi/status/1513167828173692932
2022-04-10 14:51:51,ecarlesi,url,https://cpro-cp1.xyz/securess/error.html,#phishing,https://twitter.com/ecarlesi/status/1513167882242379780
2022-04-10 15:05:02,HeliosCert,ip,92.189.196.69,#malware,https://twitter.com/HeliosCert/status/1513171200276635659
2022-04-10 15:05:02,HeliosCert,sha256,8d77a118f5c3d7ced042427e55035162acf0d0255074cc61ee201663e3a13f8a,#malware,https://twitter.com/HeliosCert/status/1513171200276635659
2022-04-10 15:09:03,MalwarePatrol,url,http://paws.org.au/store/admin/view/javascript/fckeditor/editor/plugins/valid.free.fr/adsl/login.php,#phishing,https://twitter.com/MalwarePatrol/status/1513172211200401415
2022-04-10 15:18:28,James_inthe_box,url,https://app.any.run/tasks/2aaca32e-aed4-455b-9aae-1317e0fd4a81,,https://twitter.com/James_inthe_box/status/1513174583570055184
2022-04-10 15:35:28,AP_Zenmashi,url,https://www.ameozm-co-jp.i5lvehs8.cn,#phishing,https://twitter.com/AP_Zenmashi/status/1513178859197280262
2022-04-10 15:36:02,AP_Zenmashi,url,https://www.ameozm-co-jp.eagfapr.cn,#phishing,https://twitter.com/AP_Zenmashi/status/1513179002370129923
2022-04-10 15:36:38,AP_Zenmashi,url,https://www.ameozm-co-jp.crgaptn.cn,#phishing,https://twitter.com/AP_Zenmashi/status/1513179154992279555
2022-04-10 15:37:15,AP_Zenmashi,url,https://www.ameozm-co-jp.bwpmzkz.cn,#phishing,https://twitter.com/AP_Zenmashi/status/1513179308239765508
2022-04-10 15:37:16,TeamDreier,url,https://danske-webkontosikkerhed.com,#phishing,https://twitter.com/TeamDreier/status/1513179314812071944
2022-04-10 15:37:16,TeamDreier,url,https://konto-nordea.online,#phishing,https://twitter.com/TeamDreier/status/1513179314812071944
2022-04-10 15:37:16,TeamDreier,url,https://mitkontobekraeftdanske.com,#phishing,https://twitter.com/TeamDreier/status/1513179314812071944
2022-04-10 15:37:16,TeamDreier,url,https://sikkerhedkonto.com,#phishing,https://twitter.com/TeamDreier/status/1513179314812071944
2022-04-10 15:37:52,AP_Zenmashi,url,https://www.ameozm-co-jp.sjglnyy.cn,#phishing,https://twitter.com/AP_Zenmashi/status/1513179465786212363
2022-04-10 15:38:27,AP_Zenmashi,url,https://www.ameozm-co-jp.samnycv.cn,#phishing,https://twitter.com/AP_Zenmashi/status/1513179610057678849
2022-04-10 15:39:01,AP_Zenmashi,url,https://www.ameozm-co-jp.rijinjuicee.cn,#phishing,https://twitter.com/AP_Zenmashi/status/1513179753226080260
2022-04-10 15:39:42,AP_Zenmashi,url,https://www.ameozm-co-jp.qovdqtt.cn,#phishing,https://twitter.com/AP_Zenmashi/status/1513179925565505538
2022-04-10 15:40:19,AP_Zenmashi,url,https://www.ameozm-co-jp.qlpexvw.cn,#phishing,https://twitter.com/AP_Zenmashi/status/1513180083036438534
2022-04-10 15:40:58,AP_Zenmashi,url,https://www.ameozm-co-jp.pt66s2qc.cn,#phishing,https://twitter.com/AP_Zenmashi/status/1513180242969792512
2022-04-10 15:41:31,AP_Zenmashi,url,https://www.ameuzon-co-jp.wgopspe.cn,#phishing,https://twitter.com/AP_Zenmashi/status/1513180381163319296
2022-04-10 15:41:31,AP_Zenmashi,ip,104.129.5.102,#phishing,https://twitter.com/AP_Zenmashi/status/1513180381163319296
2022-04-10 15:43:44,TeamDreier,url,https://danskelog-authnew.com,#phishing,https://twitter.com/TeamDreier/status/1513180939995787264
2022-04-10 15:43:44,TeamDreier,url,https://logdanske-id07.com,#phishing,https://twitter.com/TeamDreier/status/1513180939995787264
2022-04-10 15:45:48,ecarlesi,url,http://amstagecompany.com/,#phishing,https://twitter.com/ecarlesi/status/1513181462182440965
2022-04-10 15:49:59,ecarlesi,url,http://sarahwalkermusic.com/,#phishing,https://twitter.com/ecarlesi/status/1513182514155823104
2022-04-10 15:55:02,HeliosCert,sha256,48d6857a27e53d0b48e0fcea1bedb863e7ec47ac19074fdfd231942b03f45c17,#malware,https://twitter.com/HeliosCert/status/1513183786493788163
2022-04-10 15:56:01,ecarlesi,url,http://192-198-192.xyz,#phishing,https://twitter.com/ecarlesi/status/1513184033462697988
2022-04-10 15:56:22,ecarlesi,url,http://www.sarahwalkermusic.com/,#phishing,https://twitter.com/ecarlesi/status/1513184118498017282
2022-04-10 16:05:06,ecarlesi,url,https://mturkiye-govtr-iade-basvuru-subesi.com/,#phishing,https://twitter.com/ecarlesi/status/1513186316590227462
2022-04-10 16:05:06,ecarlesi,url,https://mturkiye-govtr-aidat-iade-basvuru-subesi.com/,#phishing,https://twitter.com/ecarlesi/status/1513186316548198401
2022-04-10 16:05:07,AP_Zenmashi,url,https://www.ameozm-co-jp.c9tbxy3w.cn,#phishing,https://twitter.com/AP_Zenmashi/status/1513186324114997251
2022-04-10 16:18:34,phishunt_io,url,https://konfirmasi-pemblokiran-facebook.barux2022.my.id/,#phishing #scam,https://twitter.com/phishunt_io/status/1513189706296700934
2022-04-10 16:18:34,phishunt_io,ip,51.142.95.55,#phishing #scam,https://twitter.com/phishunt_io/status/1513189706296700934
2022-04-10 16:23:48,ecarlesi,url,https://service-authpaypal.com,#phishing,https://twitter.com/ecarlesi/status/1513191023752720398
2022-04-10 16:23:50,ecarlesi,url,http://renouvellement-cartev.com,#phishing,https://twitter.com/ecarlesi/status/1513191032778809347
2022-04-10 16:24:12,ecarlesi,url,https://votre-dossier-encours.com,#phishing,https://twitter.com/ecarlesi/status/1513191123245805578
2022-04-10 16:27:51,ecarlesi,url,https://based-mycb.com/fix.zip,#phishing,https://twitter.com/ecarlesi/status/1513192043891556354
2022-04-10 16:53:16,drb_ra,ip,156.238.126.29,#CobaltStrike,https://twitter.com/drb_ra/status/1513198438095241217
2022-04-10 16:53:16,drb_ra,ip,154.208.251.18,#CobaltStrike,https://twitter.com/drb_ra/status/1513198438095241217
2022-04-10 16:53:21,drb_ra,ip,45.194.246.156,#CobaltStrike,https://twitter.com/drb_ra/status/1513198460413091845
2022-04-10 16:53:26,drb_ra,ip,154.80.176.45,#CobaltStrike,https://twitter.com/drb_ra/status/1513198483213545473
2022-04-10 16:53:37,drb_ra,ip,154.80.176.48,#CobaltStrike,https://twitter.com/drb_ra/status/1513198527521955847
2022-04-10 16:53:41,drb_ra,ip,154.214.143.194,#CobaltStrike,https://twitter.com/drb_ra/status/1513198546081693698
2022-04-10 16:53:46,drb_ra,ip,156.239.84.54,#CobaltStrike,https://twitter.com/drb_ra/status/1513198564788391941
2022-04-10 16:53:51,drb_ra,ip,156.239.84.40,#CobaltStrike,https://twitter.com/drb_ra/status/1513198584207921153
2022-04-10 16:53:55,drb_ra,ip,156.238.98.216,#CobaltStrike,https://twitter.com/drb_ra/status/1513198602478587904
2022-04-10 16:54:01,drb_ra,ip,154.80.228.196,#CobaltStrike,https://twitter.com/drb_ra/status/1513198626369323010
2022-04-10 16:54:06,drb_ra,ip,156.239.84.62,#CobaltStrike,https://twitter.com/drb_ra/status/1513198651144818689
2022-04-10 16:54:27,drb_ra,ip,154.23.114.8,#CobaltStrike,https://twitter.com/drb_ra/status/1513198735609810945
2022-04-10 16:54:34,drb_ra,ip,45.194.246.143,#CobaltStrike,https://twitter.com/drb_ra/status/1513198767821971457
2022-04-10 16:54:40,drb_ra,ip,154.80.176.52,#CobaltStrike,https://twitter.com/drb_ra/status/1513198790269878281
2022-04-10 16:54:45,drb_ra,ip,156.238.98.212,#CobaltStrike,https://twitter.com/drb_ra/status/1513198811644141577
2022-04-10 16:54:49,drb_ra,ip,156.238.98.195,#CobaltStrike,https://twitter.com/drb_ra/status/1513198831059574790
2022-04-10 16:54:53,drb_ra,ip,154.214.136.58,#CobaltStrike,https://twitter.com/drb_ra/status/1513198848214278146
2022-04-10 16:54:59,drb_ra,ip,156.239.84.51,#CobaltStrike,https://twitter.com/drb_ra/status/1513198870066610177
2022-04-10 16:55:04,drb_ra,ip,138.68.110.227,#CobaltStrike,https://twitter.com/drb_ra/status/1513198892350799874
2022-04-10 16:55:13,drb_ra,ip,156.239.84.50,#CobaltStrike,https://twitter.com/drb_ra/status/1513198930246389764
2022-04-10 16:55:18,drb_ra,ip,156.238.98.211,#CobaltStrike,https://twitter.com/drb_ra/status/1513198949808627715
2022-04-10 16:55:23,drb_ra,ip,154.214.143.214,#CobaltStrike,https://twitter.com/drb_ra/status/1513198970759229446
2022-04-10 16:55:27,drb_ra,ip,154.214.143.200,#CobaltStrike,https://twitter.com/drb_ra/status/1513198990036250625
2022-04-10 16:55:32,drb_ra,ip,154.214.136.38,#CobaltStrike,https://twitter.com/drb_ra/status/1513199010118520838
2022-04-10 16:55:37,drb_ra,ip,154.214.136.49,#CobaltStrike,https://twitter.com/drb_ra/status/1513199029504684036
2022-04-10 16:55:42,drb_ra,ip,156.238.98.196,#CobaltStrike,https://twitter.com/drb_ra/status/1513199051898073089
2022-04-10 16:55:47,drb_ra,ip,156.239.84.59,#CobaltStrike,https://twitter.com/drb_ra/status/1513199073171578886
2022-04-10 16:55:52,drb_ra,ip,156.238.126.27,#CobaltStrike,https://twitter.com/drb_ra/status/1513199091781619719
2022-04-10 16:55:56,drb_ra,ip,156.238.126.9,#CobaltStrike,https://twitter.com/drb_ra/status/1513199111507427337
2022-04-10 16:56:01,drb_ra,ip,45.194.246.155,#CobaltStrike,https://twitter.com/drb_ra/status/1513199131824635905
2022-04-10 16:56:07,drb_ra,ip,154.214.143.221,#CobaltStrike,https://twitter.com/drb_ra/status/1513199157586141191
2022-04-10 16:56:14,drb_ra,ip,154.80.228.194,#CobaltStrike,https://twitter.com/drb_ra/status/1513199187764125711
2022-04-10 16:56:18,drb_ra,ip,154.80.228.200,#CobaltStrike,https://twitter.com/drb_ra/status/1513199203673067528
2022-04-10 16:56:23,drb_ra,ip,156.239.84.38,#CobaltStrike,https://twitter.com/drb_ra/status/1513199221746319368
2022-04-10 16:56:27,drb_ra,ip,154.214.143.208,#CobaltStrike,https://twitter.com/drb_ra/status/1513199239513485314
2022-04-10 16:56:31,drb_ra,ip,185.22.152.149,#CobaltStrike,https://twitter.com/drb_ra/status/1513199258777833475
2022-04-10 16:56:36,drb_ra,ip,103.234.96.154,#CobaltStrike,https://twitter.com/drb_ra/status/1513199277333520384
2022-04-10 16:56:42,drb_ra,ip,154.80.228.214,#CobaltStrike,https://twitter.com/drb_ra/status/1513199301618552836
2022-04-10 16:56:45,drb_ra,ip,154.80.176.44,#CobaltStrike,https://twitter.com/drb_ra/status/1513199317129084930
2022-04-10 16:56:49,drb_ra,ip,147.182.183.106,#CobaltStrike,https://twitter.com/drb_ra/status/1513199334392795148
2022-04-10 16:56:55,drb_ra,ip,45.194.246.147,#CobaltStrike,https://twitter.com/drb_ra/status/1513199359395041284
2022-04-10 16:56:59,drb_ra,ip,156.238.126.3,#CobaltStrike,https://twitter.com/drb_ra/status/1513199375257899012
2022-04-10 16:57:03,drb_ra,ip,156.238.98.200,#CobaltStrike,https://twitter.com/drb_ra/status/1513199391414312968
2022-04-10 16:57:07,drb_ra,ip,45.194.246.142,#CobaltStrike,https://twitter.com/drb_ra/status/1513199408388706304
2022-04-10 16:57:12,drb_ra,ip,154.214.136.50,#CobaltStrike,https://twitter.com/drb_ra/status/1513199427472834561
2022-04-10 16:57:16,drb_ra,ip,156.239.84.34,#CobaltStrike,https://twitter.com/drb_ra/status/1513199448079360011
2022-04-10 16:57:21,drb_ra,ip,43.129.88.120,#CobaltStrike,https://twitter.com/drb_ra/status/1513199465770983425
2022-04-10 16:57:26,drb_ra,ip,154.214.136.37,#CobaltStrike,https://twitter.com/drb_ra/status/1513199487652618244
2022-04-10 16:57:31,drb_ra,ip,156.238.126.8,#CobaltStrike,https://twitter.com/drb_ra/status/1513199509412720647
2022-04-10 16:57:35,drb_ra,ip,154.80.176.56,#CobaltStrike,https://twitter.com/drb_ra/status/1513199527737667590
2022-04-10 16:57:40,drb_ra,ip,154.80.228.204,#CobaltStrike,https://twitter.com/drb_ra/status/1513199546221875202
2022-04-10 16:57:44,drb_ra,ip,154.80.228.195,#CobaltStrike,https://twitter.com/drb_ra/status/1513199564160917508
2022-04-10 16:57:55,drb_ra,ip,45.194.246.134,#CobaltStrike,https://twitter.com/drb_ra/status/1513199608192716800
2022-04-10 16:58:00,drb_ra,ip,154.214.136.52,#CobaltStrike,https://twitter.com/drb_ra/status/1513199629474615306
2022-04-10 16:58:05,drb_ra,ip,64.64.232.159,#CobaltStrike,https://twitter.com/drb_ra/status/1513199650412584966
2022-04-10 16:58:10,drb_ra,ip,45.194.246.135,#CobaltStrike,https://twitter.com/drb_ra/status/1513199673389035522
2022-04-10 16:58:15,drb_ra,ip,154.214.136.60,#CobaltStrike,https://twitter.com/drb_ra/status/1513199694817677318
2022-04-10 16:58:58,drb_ra,ip,154.80.228.220,#CobaltStrike,https://twitter.com/drb_ra/status/1513199872303898624
2022-04-10 16:59:02,drb_ra,ip,207.148.76.15,#CobaltStrike,https://twitter.com/drb_ra/status/1513199891945775112
2022-04-10 16:59:07,drb_ra,ip,156.238.126.16,#CobaltStrike,https://twitter.com/drb_ra/status/1513199913462599686
2022-04-10 16:59:12,drb_ra,ip,156.238.126.11,#CobaltStrike,https://twitter.com/drb_ra/status/1513199931540004877
2022-04-10 16:59:17,drb_ra,ip,156.238.98.197,#CobaltStrike,https://twitter.com/drb_ra/status/1513199952931037191
2022-04-10 16:59:21,drb_ra,ip,154.80.228.199,#CobaltStrike,https://twitter.com/drb_ra/status/1513199972250009606
2022-04-10 16:59:26,drb_ra,ip,154.80.176.46,#CobaltStrike,https://twitter.com/drb_ra/status/1513199992630091781
2022-04-10 16:59:31,drb_ra,ip,154.214.136.56,#CobaltStrike,https://twitter.com/drb_ra/status/1513200010313224206
2022-04-10 16:59:35,drb_ra,ip,156.238.126.18,#CobaltStrike,https://twitter.com/drb_ra/status/1513200028004888578
2022-04-10 16:59:39,drb_ra,ip,154.214.143.198,#CobaltStrike,https://twitter.com/drb_ra/status/1513200045075619845
2022-04-10 16:59:43,drb_ra,ip,156.238.126.17,#CobaltStrike,https://twitter.com/drb_ra/status/1513200062935015425
2022-04-10 16:59:48,drb_ra,ip,23.19.227.58,#CobaltStrike,https://twitter.com/drb_ra/status/1513200082581139459
2022-04-10 16:59:53,drb_ra,ip,154.80.176.50,#CobaltStrike,https://twitter.com/drb_ra/status/1513200104383164418
2022-04-10 16:59:58,drb_ra,ip,154.80.228.209,#CobaltStrike,https://twitter.com/drb_ra/status/1513200125967015943
2022-04-10 17:00:04,drb_ra,ip,156.238.98.202,#CobaltStrike,https://twitter.com/drb_ra/status/1513200150801522694
2022-04-10 17:00:12,drb_ra,ip,156.238.126.6,#CobaltStrike,https://twitter.com/drb_ra/status/1513200184364253187
2022-04-10 17:00:19,drb_ra,ip,154.214.143.209,#CobaltStrike,https://twitter.com/drb_ra/status/1513200215335084040
2022-04-10 17:00:24,drb_ra,ip,156.238.126.30,#CobaltStrike,https://twitter.com/drb_ra/status/1513200236486873090
2022-04-10 17:00:32,drb_ra,ip,45.194.246.136,#CobaltStrike,https://twitter.com/drb_ra/status/1513200266186739718
2022-04-10 17:00:44,drb_ra,ip,45.194.246.137,#CobaltStrike,https://twitter.com/drb_ra/status/1513200317206343684
2022-04-10 17:00:53,drb_ra,ip,156.238.126.15,#CobaltStrike,https://twitter.com/drb_ra/status/1513200356813115396
2022-04-10 17:01:04,drb_ra,ip,154.80.176.47,#CobaltStrike,https://twitter.com/drb_ra/status/1513200401717379079
2022-04-10 17:01:12,drb_ra,ip,156.238.126.19,#CobaltStrike,https://twitter.com/drb_ra/status/1513200434487431176
2022-04-10 17:01:30,drb_ra,ip,154.80.176.54,#CobaltStrike,https://twitter.com/drb_ra/status/1513200510974799883
2022-04-10 17:01:34,drb_ra,ip,156.239.84.57,#CobaltStrike,https://twitter.com/drb_ra/status/1513200529479983111
2022-04-10 17:01:39,drb_ra,ip,154.214.136.51,#CobaltStrike,https://twitter.com/drb_ra/status/1513200548752855045
2022-04-10 17:01:43,drb_ra,ip,45.194.246.157,#CobaltStrike,https://twitter.com/drb_ra/status/1513200566767435777
2022-04-10 17:01:47,drb_ra,ip,45.194.246.150,#CobaltStrike,https://twitter.com/drb_ra/status/1513200584211550215
2022-04-10 17:01:51,drb_ra,ip,154.214.136.39,#CobaltStrike,https://twitter.com/drb_ra/status/1513200600770568200
2022-04-10 17:01:56,drb_ra,ip,45.194.246.149,#CobaltStrike,https://twitter.com/drb_ra/status/1513200618835525636
2022-04-10 17:02:00,drb_ra,ip,154.80.228.203,#CobaltStrike,https://twitter.com/drb_ra/status/1513200635482624009
2022-04-10 17:02:04,drb_ra,ip,154.214.136.47,#CobaltStrike,https://twitter.com/drb_ra/status/1513200653274857472
2022-04-10 17:02:08,drb_ra,ip,81.68.217.105,#CobaltStrike,https://twitter.com/drb_ra/status/1513200672409329665
2022-04-10 17:02:15,drb_ra,ip,45.194.246.158,#CobaltStrike,https://twitter.com/drb_ra/status/1513200699043155977
2022-04-10 17:02:19,drb_ra,ip,156.239.84.41,#CobaltStrike,https://twitter.com/drb_ra/status/1513200716915089409
2022-04-10 17:02:24,drb_ra,ip,102.129.215.14,#CobaltStrike,https://twitter.com/drb_ra/status/1513200738402549762
2022-04-10 17:02:31,drb_ra,ip,154.80.176.49,#CobaltStrike,https://twitter.com/drb_ra/status/1513200765724241924
2022-04-10 17:02:35,drb_ra,ip,45.194.246.140,#CobaltStrike,https://twitter.com/drb_ra/status/1513200783982047239
2022-04-10 17:03:15,drb_ra,ip,154.214.143.204,#CobaltStrike,https://twitter.com/drb_ra/status/1513200953171845122
2022-04-10 17:03:20,drb_ra,ip,154.80.228.205,#CobaltStrike,https://twitter.com/drb_ra/status/1513200972528603139
2022-04-10 17:03:24,drb_ra,ip,154.80.176.59,#CobaltStrike,https://twitter.com/drb_ra/status/1513200988798205955
2022-04-10 17:03:29,drb_ra,ip,154.80.228.212,#CobaltStrike,https://twitter.com/drb_ra/status/1513201008868003850
2022-04-10 17:03:33,drb_ra,ip,156.239.84.61,#CobaltStrike,https://twitter.com/drb_ra/status/1513201026580496391
2022-04-10 17:03:37,drb_ra,ip,156.239.84.37,#CobaltStrike,https://twitter.com/drb_ra/status/1513201042925703170
2022-04-10 17:03:41,drb_ra,ip,154.80.176.62,#CobaltStrike,https://twitter.com/drb_ra/status/1513201059358982144
2022-04-10 17:03:45,drb_ra,ip,156.238.98.207,#CobaltStrike,https://twitter.com/drb_ra/status/1513201079340707842
2022-04-10 17:03:50,drb_ra,ip,104.149.169.14,#CobaltStrike,https://twitter.com/drb_ra/status/1513201096818409476
2022-04-10 17:03:55,drb_ra,ip,154.214.143.205,#CobaltStrike,https://twitter.com/drb_ra/status/1513201119111135234
2022-04-10 17:03:59,drb_ra,ip,156.238.98.217,#CobaltStrike,https://twitter.com/drb_ra/status/1513201135112364033
2022-04-10 17:04:03,drb_ra,ip,156.238.126.25,#CobaltStrike,https://twitter.com/drb_ra/status/1513201151864455177
2022-04-10 17:04:07,drb_ra,ip,156.239.84.36,#CobaltStrike,https://twitter.com/drb_ra/status/1513201171023937543
2022-04-10 17:04:12,drb_ra,ip,156.238.126.14,#CobaltStrike,https://twitter.com/drb_ra/status/1513201189785149449
2022-04-10 17:04:17,drb_ra,ip,154.80.228.222,#CobaltStrike,https://twitter.com/drb_ra/status/1513201212635729925
2022-04-10 17:04:22,drb_ra,ip,45.194.246.151,#CobaltStrike,https://twitter.com/drb_ra/status/1513201232902598669
2022-04-10 17:04:27,drb_ra,ip,154.80.176.43,#CobaltStrike,https://twitter.com/drb_ra/status/1513201252791955462
2022-04-10 17:04:31,drb_ra,ip,154.214.136.44,#CobaltStrike,https://twitter.com/drb_ra/status/1513201272119250944
2022-04-10 17:04:36,drb_ra,ip,156.238.126.5,#CobaltStrike,https://twitter.com/drb_ra/status/1513201293585793030
2022-04-10 17:04:41,drb_ra,ip,156.238.126.4,#CobaltStrike,https://twitter.com/drb_ra/status/1513201314439864324
2022-04-10 17:04:48,drb_ra,ip,154.214.143.211,#CobaltStrike,https://twitter.com/drb_ra/status/1513201343930019842
2022-04-10 17:04:53,drb_ra,ip,45.194.246.133,#CobaltStrike,https://twitter.com/drb_ra/status/1513201363987177480
2022-04-10 17:04:57,drb_ra,ip,154.214.143.218,#CobaltStrike,https://twitter.com/drb_ra/status/1513201381334831111
2022-04-10 17:05:02,drb_ra,ip,156.238.98.194,#CobaltStrike,https://twitter.com/drb_ra/status/1513201399101898761
2022-04-10 17:05:08,drb_ra,ip,156.238.98.208,#CobaltStrike,https://twitter.com/drb_ra/status/1513201424599031815
2022-04-10 17:05:16,drb_ra,ip,154.80.228.218,#CobaltStrike,https://twitter.com/drb_ra/status/1513201457977335821
2022-04-10 17:05:21,drb_ra,ip,154.80.176.60,#CobaltStrike,https://twitter.com/drb_ra/status/1513201481201106949
2022-04-10 17:05:32,drb_ra,ip,156.238.126.7,#CobaltStrike,https://twitter.com/drb_ra/status/1513201528202575880
2022-04-10 17:05:39,drb_ra,ip,156.239.84.35,#CobaltStrike,https://twitter.com/drb_ra/status/1513201557482975235
2022-04-10 17:05:55,drb_ra,ip,45.194.246.132,#CobaltStrike,https://twitter.com/drb_ra/status/1513201622834466816
2022-04-10 17:06:07,drb_ra,ip,154.80.228.197,#CobaltStrike,https://twitter.com/drb_ra/status/1513201674168549384
2022-04-10 17:06:12,drb_ra,ip,156.239.84.43,#CobaltStrike,https://twitter.com/drb_ra/status/1513201696146661379
2022-04-10 17:06:21,drb_ra,ip,156.238.126.13,#CobaltStrike,https://twitter.com/drb_ra/status/1513201733618573313
2022-04-10 17:06:26,drb_ra,ip,121.5.187.134,#CobaltStrike,https://twitter.com/drb_ra/status/1513201752950165507
2022-04-10 17:06:33,drb_ra,ip,154.80.176.36,#CobaltStrike,https://twitter.com/drb_ra/status/1513201781991485455
2022-04-10 17:06:38,drb_ra,ip,154.80.228.208,#CobaltStrike,https://twitter.com/drb_ra/status/1513201804292599811
2022-04-10 17:06:43,drb_ra,ip,154.80.176.55,#CobaltStrike,https://twitter.com/drb_ra/status/1513201823888334857
2022-04-10 17:06:47,drb_ra,ip,154.80.228.211,#CobaltStrike,https://twitter.com/drb_ra/status/1513201840262889474
2022-04-10 17:06:51,drb_ra,ip,212.64.69.4,#CobaltStrike,https://twitter.com/drb_ra/status/1513201856901693441
2022-04-10 17:06:56,drb_ra,ip,154.80.228.219,#CobaltStrike,https://twitter.com/drb_ra/status/1513201880159162381
2022-04-10 17:07:01,drb_ra,ip,154.80.228.216,#CobaltStrike,https://twitter.com/drb_ra/status/1513201898429759489
2022-04-10 17:07:06,drb_ra,ip,107.182.186.120,#CobaltStrike,https://twitter.com/drb_ra/status/1513201921384980496
2022-04-10 17:07:12,drb_ra,ip,154.80.176.34,#CobaltStrike,https://twitter.com/drb_ra/status/1513201946533969928
2022-04-10 17:07:17,drb_ra,ip,154.80.176.37,#CobaltStrike,https://twitter.com/drb_ra/status/1513201965756522504
2022-04-10 17:07:22,drb_ra,ip,156.238.98.209,#CobaltStrike,https://twitter.com/drb_ra/status/1513201987105570818
2022-04-10 17:07:26,drb_ra,ip,101.35.50.203,#CobaltStrike,https://twitter.com/drb_ra/status/1513202005266903042
2022-04-10 17:07:34,drb_ra,ip,164.92.146.31,#CobaltStrike,https://twitter.com/drb_ra/status/1513202039823781892
2022-04-10 17:07:40,drb_ra,ip,156.238.98.210,#CobaltStrike,https://twitter.com/drb_ra/status/1513202062728830984
2022-04-10 17:07:45,drb_ra,ip,45.194.246.141,#CobaltStrike,https://twitter.com/drb_ra/status/1513202082773413893
2022-04-10 17:07:50,drb_ra,ip,156.238.126.21,#CobaltStrike,https://twitter.com/drb_ra/status/1513202107360415760
2022-04-10 17:07:55,drb_ra,ip,27.102.134.54,#CobaltStrike,https://twitter.com/drb_ra/status/1513202124955557901
2022-04-10 17:08:00,drb_ra,ip,98.142.139.207,#CobaltStrike,https://twitter.com/drb_ra/status/1513202145897721862
2022-04-10 17:08:00,drb_ra,url,https://twilight-cherry-c952.cfzz.workers.dev/,#CobaltStrike,https://twitter.com/drb_ra/status/1513202145897721862
2022-04-10 17:08:06,drb_ra,ip,156.238.126.12,#CobaltStrike,https://twitter.com/drb_ra/status/1513202173995274242
2022-04-10 17:08:12,drb_ra,ip,156.239.84.44,#CobaltStrike,https://twitter.com/drb_ra/status/1513202197789609984
2022-04-10 17:08:17,drb_ra,ip,45.194.246.154,#CobaltStrike,https://twitter.com/drb_ra/status/1513202218203291660
2022-04-10 17:08:22,drb_ra,ip,23.19.227.59,#CobaltStrike,https://twitter.com/drb_ra/status/1513202239107645445
2022-04-10 17:08:26,drb_ra,ip,45.194.246.152,#CobaltStrike,https://twitter.com/drb_ra/status/1513202257998880778
2022-04-10 17:08:31,drb_ra,ip,156.238.98.213,#CobaltStrike,https://twitter.com/drb_ra/status/1513202277955297285
2022-04-10 17:08:36,drb_ra,ip,154.80.176.58,#CobaltStrike,https://twitter.com/drb_ra/status/1513202297244950530
2022-04-10 17:08:40,drb_ra,ip,154.80.228.198,#CobaltStrike,https://twitter.com/drb_ra/status/1513202315297280003
2022-04-10 17:08:45,drb_ra,ip,154.214.143.203,#CobaltStrike,https://twitter.com/drb_ra/status/1513202336759484418
2022-04-10 17:08:50,drb_ra,ip,154.214.143.206,#CobaltStrike,https://twitter.com/drb_ra/status/1513202359047966727
2022-04-10 17:08:55,drb_ra,ip,154.80.176.39,#CobaltStrike,https://twitter.com/drb_ra/status/1513202379411406849
2022-04-10 17:09:00,drb_ra,ip,156.238.126.10,#CobaltStrike,https://twitter.com/drb_ra/status/1513202398386442240
2022-04-10 17:09:04,drb_ra,ip,154.80.228.213,#CobaltStrike,https://twitter.com/drb_ra/status/1513202417025884167
2022-04-10 17:09:10,drb_ra,ip,154.214.143.207,#CobaltStrike,https://twitter.com/drb_ra/status/1513202438945267719
2022-04-10 17:09:14,drb_ra,ip,154.214.143.222,#CobaltStrike,https://twitter.com/drb_ra/status/1513202459002523652
2022-04-10 17:09:19,drb_ra,ip,156.238.98.199,#CobaltStrike,https://twitter.com/drb_ra/status/1513202479827193859
2022-04-10 17:09:25,drb_ra,ip,64.112.41.9,#CobaltStrike,https://twitter.com/drb_ra/status/1513202502493212674
2022-04-10 17:09:32,drb_ra,ip,156.239.84.42,#CobaltStrike,https://twitter.com/drb_ra/status/1513202535141720065
2022-04-10 17:09:37,drb_ra,ip,154.214.136.36,#CobaltStrike,https://twitter.com/drb_ra/status/1513202553441431554
2022-04-10 17:09:42,drb_ra,ip,154.80.176.51,#CobaltStrike,https://twitter.com/drb_ra/status/1513202574203232265
2022-04-10 17:09:46,drb_ra,ip,154.214.143.199,#CobaltStrike,https://twitter.com/drb_ra/status/1513202593832570881
2022-04-10 17:09:51,drb_ra,ip,156.239.84.53,#CobaltStrike,https://twitter.com/drb_ra/status/1513202613625442305
2022-04-10 17:09:56,drb_ra,ip,156.238.126.20,#CobaltStrike,https://twitter.com/drb_ra/status/1513202634139873283
2022-04-10 17:14:40,ANeilan,url,http://show-videos-2022.ga/,,https://twitter.com/ANeilan/status/1513203825313824773
2022-04-10 17:14:40,ANeilan,ip,103.147.32.205,,https://twitter.com/ANeilan/status/1513203825313824773
2022-04-10 17:15:02,HeliosCert,ip,58.185.167.220,#malware,https://twitter.com/HeliosCert/status/1513203917395476482
2022-04-10 17:15:02,HeliosCert,sha256,768a80f94873a7039612dba48d7aadfac03ce1e604af387f8e44bfdeed4db0f5,#malware,https://twitter.com/HeliosCert/status/1513203917395476482
2022-04-10 17:25:02,HeliosCert,ip,54.39.34.80,#malware,https://twitter.com/HeliosCert/status/1513206433889886213
2022-04-10 17:25:02,HeliosCert,sha256,2d582ecceb21130b8bbcc9a38d63f2232c1ce0baf0ea4629d6fbf6b9c0de7287,#malware,https://twitter.com/HeliosCert/status/1513206433889886213
2022-04-10 17:28:47,ecarlesi,url,https://ameli-espacemacartevitale.com,#phishing,https://twitter.com/ecarlesi/status/1513207378531033094
2022-04-10 17:32:37,AP_Zenmashi,ip,108.174.60.213,#phishing,https://twitter.com/AP_Zenmashi/status/1513208341195268097
2022-04-10 17:32:37,AP_Zenmashi,url,https://www.etc.kbeywmx.cn,#phishing,https://twitter.com/AP_Zenmashi/status/1513208341195268097
2022-04-10 17:33:23,AP_Zenmashi,url,https://www.etc.yxbqdsc.cn,#phishing,https://twitter.com/AP_Zenmashi/status/1513208535256952833
2022-04-10 17:38:15,AP_Zenmashi,url,https://odiaw.shop,#phishing,https://twitter.com/AP_Zenmashi/status/1513209758131445766
2022-04-10 17:38:15,AP_Zenmashi,ip,192.161.179.79,#phishing,https://twitter.com/AP_Zenmashi/status/1513209758131445766
2022-04-10 17:39:08,AP_Zenmashi,url,https://www.mobiliesuyougwe.liuiofgwgxfgwr4ighu.cyou,#phishing,https://twitter.com/AP_Zenmashi/status/1513209983755685894
2022-04-10 17:39:08,AP_Zenmashi,ip,155.94.235.62,#phishing,https://twitter.com/AP_Zenmashi/status/1513209983755685894
2022-04-10 17:41:49,ANeilan,url,https://blance-account.blogspot.com,,https://twitter.com/ANeilan/status/1513210658166390787
2022-04-10 17:41:49,ANeilan,url,https://www.garina999.win/k_fac.php,,https://twitter.com/ANeilan/status/1513210658166390787
2022-04-10 17:45:54,ecarlesi,url,http://facebookhints.site/messages/inbox/lizarikkesimonsen_u_kbvnf42w/message_1.html,#phishing,https://twitter.com/ecarlesi/status/1513211687003951105
2022-04-10 17:48:18,ecarlesi,url,http://facebookhints.site/messages/inbox/mariannelaasbynielsen_qvbi-sqwiw/message_1.html,#phishing,https://twitter.com/ecarlesi/status/1513212288647544837
2022-04-10 18:05:22,ecarlesi,url,https://infosecurepargne.fr,#phishing,https://twitter.com/ecarlesi/status/1513216584298516481
2022-04-10 18:35:55,AP_Zenmashi,url,https://rajutedn.shop,#phishing,https://twitter.com/AP_Zenmashi/status/1513224271799062529
2022-04-10 18:35:55,AP_Zenmashi,ip,204.152.210.156,#phishing,https://twitter.com/AP_Zenmashi/status/1513224271799062529
2022-04-10 18:45:02,HeliosCert,sha256,ecb6b83fcfb0587ba6c07123d8057e8f5180c64bba0e234fbd7c45b2c88452f8,#malware,https://twitter.com/HeliosCert/status/1513226566012186633
2022-04-10 18:45:02,HeliosCert,ip,41.160.25.212,#malware,https://twitter.com/HeliosCert/status/1513226566012186633
2022-04-10 18:45:03,HeliosCert,sha256,98eb7ef55b148af01fe770525c5f10fa9a616401133a9974c716cd7f017be7fc,#malware,https://twitter.com/HeliosCert/status/1513226571146010624
2022-04-10 18:45:03,HeliosCert,ip,65.41.160.68,#malware,https://twitter.com/HeliosCert/status/1513226571146010624
2022-04-10 18:50:23,ecarlesi,url,http://instaleakeduk.com,#phishing,https://twitter.com/ecarlesi/status/1513227912324911105
2022-04-10 18:59:53,alvosec,domain,trezor.us,#phishing,https://twitter.com/alvosec/status/1513230302893821955
2022-04-10 19:01:03,ecarlesi,url,https://copalisboa.com/20220408_copa_4e48ec61f7d6f6653327_20220408173437_archive.zip,#phishing,https://twitter.com/ecarlesi/status/1513230597434531840
2022-04-10 19:07:14,ecarlesi,url,https://appvitual.xyz/sucursalpers/,#phishing,https://twitter.com/ecarlesi/status/1513232151579353088
2022-04-10 19:37:40,AP_Zenmashi,url,https://zhnoz2w9.cn,#phishing,https://twitter.com/AP_Zenmashi/status/1513239811737657344
2022-04-10 19:37:40,AP_Zenmashi,ip,155.94.174.217,#phishing,https://twitter.com/AP_Zenmashi/status/1513239811737657344
2022-04-10 19:38:33,AP_Zenmashi,url,https://qbcrb090.cn,#phishing,https://twitter.com/AP_Zenmashi/status/1513240035046588417
2022-04-10 19:39:26,AP_Zenmashi,url,https://p71dzrq8.cn,#phishing,https://twitter.com/AP_Zenmashi/status/1513240257696731137
2022-04-10 19:40:19,AP_Zenmashi,url,https://ldq96ehb.cn,#phishing,https://twitter.com/AP_Zenmashi/status/1513240480825622528
2022-04-10 19:41:10,AP_Zenmashi,url,https://d9b7fa.cn,#phishing,https://twitter.com/AP_Zenmashi/status/1513240691882995712
2022-04-10 19:41:57,AP_Zenmashi,url,https://nxpeoh82o.cn,#phishing,https://twitter.com/AP_Zenmashi/status/1513240889036271616
2022-04-10 19:42:49,AP_Zenmashi,url,https://mlq8y5j0.cn,#phishing,https://twitter.com/AP_Zenmashi/status/1513241108624850944
2022-04-10 19:43:39,AP_Zenmashi,url,https://gj9uyg5y.cn,#phishing,https://twitter.com/AP_Zenmashi/status/1513241317278908416
2022-04-10 19:44:28,AP_Zenmashi,url,https://sw1qigczw.cn,#phishing,https://twitter.com/AP_Zenmashi/status/1513241523592187904
2022-04-10 19:45:22,AP_Zenmashi,url,https://6tb25lkq.cn,#phishing,https://twitter.com/AP_Zenmashi/status/1513241748981825536
2022-04-10 19:48:36,ecarlesi,url,http://pagyilons.technology,#phishing,https://twitter.com/ecarlesi/status/1513242564685615106
2022-04-10 19:49:35,AP_Zenmashi,url,https://www.rfjsifjss.com,#phishing,https://twitter.com/AP_Zenmashi/status/1513242809398341632
2022-04-10 19:49:35,AP_Zenmashi,ip,45.59.186.91,#phishing,https://twitter.com/AP_Zenmashi/status/1513242809398341632
2022-04-10 19:50:35,AP_Zenmashi,url,https://www.rnfjshfjss.com,#phishing,https://twitter.com/AP_Zenmashi/status/1513243060959809536
2022-04-10 19:51:22,AP_Zenmashi,url,https://www.epos.zmerjyg.cn,#phishing,https://twitter.com/AP_Zenmashi/status/1513243258943541254
2022-04-10 19:52:04,AP_Zenmashi,url,https://www.epos.ooflilw.cn,#phishing,https://twitter.com/AP_Zenmashi/status/1513243437956755456
2022-04-10 19:52:47,AP_Zenmashi,url,https://www.maascocciseri.icu,#phishing,https://twitter.com/AP_Zenmashi/status/1513243616222740480
2022-04-10 19:53:25,AP_Zenmashi,url,https://www.mcaecocciseri.icu,#phishing,https://twitter.com/AP_Zenmashi/status/1513243776676163584
2022-04-10 19:53:59,AP_Zenmashi,url,https://www.mcaccecioeri.icu,#phishing,https://twitter.com/AP_Zenmashi/status/1513243916937867264
2022-04-10 19:54:32,AP_Zenmashi,url,https://www.masceciceori.icu,#phishing,https://twitter.com/AP_Zenmashi/status/1513244058105561089
2022-04-10 19:55:05,AP_Zenmashi,url,https://www.maasoccieri.icu,#phishing,https://twitter.com/AP_Zenmashi/status/1513244197028986881
2022-04-10 19:55:42,AP_Zenmashi,url,https://www.mcaccocciosri.icu,#phishing,https://twitter.com/AP_Zenmashi/status/1513244350624694273
2022-04-10 19:56:17,AP_Zenmashi,url,https://www.maacoccioari.icu,#phishing,https://twitter.com/AP_Zenmashi/status/1513244497764773888
2022-04-10 19:56:51,AP_Zenmashi,url,https://www.masaacocciseri.icu,#phishing,https://twitter.com/AP_Zenmashi/status/1513244640329170949
2022-04-10 19:57:26,AP_Zenmashi,url,https://www.mcaaaoccieri.icu,#phishing,https://twitter.com/AP_Zenmashi/status/1513244785779572736
2022-04-10 19:58:10,AP_Zenmashi,url,https://www.mcaaacocciseri.icu,#phishing,https://twitter.com/AP_Zenmashi/status/1513244971393900548
2022-04-10 20:09:03,MalwarePatrol,url,http://www.oliviaslacala.com/lost/home/codigo_incorrecta.php,#phishing,https://twitter.com/MalwarePatrol/status/1513247709825806336
2022-04-10 20:09:46,ecarlesi,url,https://drprateekonco.wordpress.com/,#phishing,https://twitter.com/ecarlesi/status/1513247890755493894
2022-04-10 20:12:30,AP_Zenmashi,url,https://xaffz.club,#phishing,https://twitter.com/AP_Zenmashi/status/1513248577270992897
2022-04-10 20:13:05,AP_Zenmashi,url,https://ymza.otole.amjp.co.com.mzaca.club,#phishing,https://twitter.com/AP_Zenmashi/status/1513248724046077954
2022-04-10 20:13:50,AP_Zenmashi,url,https://www.smcb-card.icuservice.shop,#phishing,https://twitter.com/AP_Zenmashi/status/1513248914249453569
2022-04-10 20:14:23,AP_Zenmashi,url,https://www.smcb-caed.icuservice.shop,#phishing,https://twitter.com/AP_Zenmashi/status/1513249053668253698
2022-04-10 20:14:55,AP_Zenmashi,url,https://www.smcb-cerd.icuservice.shop,#phishing,https://twitter.com/AP_Zenmashi/status/1513249185650573313
2022-04-10 20:15:46,AP_Zenmashi,url,https://aeon-ddgh.shop,#phishing,https://twitter.com/AP_Zenmashi/status/1513249402244186117
2022-04-10 20:15:46,AP_Zenmashi,ip,137.220.234.20,#phishing,https://twitter.com/AP_Zenmashi/status/1513249402244186117
2022-04-10 20:16:39,AP_Zenmashi,url,https://aeon-ghjk.shop,#phishing,https://twitter.com/AP_Zenmashi/status/1513249620855455744
2022-04-10 20:17:20,AP_Zenmashi,url,https://mason.aierke.cn,#phishing,https://twitter.com/AP_Zenmashi/status/1513249794260492288
2022-04-10 20:18:20,AP_Zenmashi,url,https://ekl-llnet.xyz,#phishing,https://twitter.com/AP_Zenmashi/status/1513250046191431681
2022-04-10 20:19:13,AP_Zenmashi,url,https://ekl-llnet.site,#phishing,https://twitter.com/AP_Zenmashi/status/1513250269164843012
2022-04-10 20:19:48,phishunt_io,ip,209.127.178.24,#phishing #scam,https://twitter.com/phishunt_io/status/1513250416385003523
2022-04-10 20:19:48,phishunt_io,url,https://hsbc.host/,#phishing #scam,https://twitter.com/phishunt_io/status/1513250416385003523
2022-04-10 20:20:03,AP_Zenmashi,url,https://ekl-iinet.site,#phishing,https://twitter.com/AP_Zenmashi/status/1513250479907635206
2022-04-10 20:20:16,ecarlesi,url,https://xn--rtablissement-devotre-dossier-dis-b6c.com,#phishing,https://twitter.com/ecarlesi/status/1513250534299475968
2022-04-10 20:21:01,AP_Zenmashi,url,https://ekl-llnet.club,#phishing,https://twitter.com/AP_Zenmashi/status/1513250720430010369
2022-04-10 20:22:57,AP_Zenmashi,url,https://dfg.87rag361.cn,#phishing,https://twitter.com/AP_Zenmashi/status/1513251207774896128
2022-04-10 20:23:54,AP_Zenmashi,url,https://ertgh.kyk0p3me.cn,#phishing,https://twitter.com/AP_Zenmashi/status/1513251447437086723
2022-04-10 20:25:12,AP_Zenmashi,url,https://ergh.mmurz4fq.cn,#phishing,https://twitter.com/AP_Zenmashi/status/1513251772814757889
2022-04-10 20:27:01,AP_Zenmashi,url,https://qwer.2wu4pwt2.cn,#phishing,https://twitter.com/AP_Zenmashi/status/1513252231918735362
2022-04-10 20:27:58,AP_Zenmashi,url,https://ygv.nh8bh8gp.cn,#phishing,https://twitter.com/AP_Zenmashi/status/1513252469366992896
2022-04-10 20:29:01,AP_Zenmashi,url,https://oijh.51w56p9o.cn,#phishing,https://twitter.com/AP_Zenmashi/status/1513252734572843008
2022-04-10 20:36:23,AP_Zenmashi,url,https://yhnmj.804dr4j9.cn,#phishing,https://twitter.com/AP_Zenmashi/status/1513254589323104259
2022-04-10 20:39:21,AP_Zenmashi,url,https://rdgv.jon7irdf.cn,#phishing,https://twitter.com/AP_Zenmashi/status/1513255336345731073
2022-04-10 20:39:28,ecarlesi,url,https://paramountoptions.net/feed/,#phishing,https://twitter.com/ecarlesi/status/1513255365000970246
2022-04-10 20:40:19,AP_Zenmashi,url,https://rfgch.5ix9o7so.cn,#phishing,https://twitter.com/AP_Zenmashi/status/1513255577056468992
2022-04-10 20:41:19,AP_Zenmashi,url,https://rgdgd.5jc476n0.cn,#phishing,https://twitter.com/AP_Zenmashi/status/1513255831433003009
2022-04-10 20:44:28,drb_ra,ip,159.223.161.101,#CobaltStrike,https://twitter.com/drb_ra/status/1513256621966868481
2022-04-10 20:48:15,AP_Zenmashi,url,https://gjgd.n21l9vo4.cn,#phishing,https://twitter.com/AP_Zenmashi/status/1513257575844020225
2022-04-10 20:52:08,500mk500,sha256,3c2304fb0a6ec44f44ed14eafbcf074d7f775bc437eaf2fbd24e42ab8057e19a,#CobaltStrike,https://twitter.com/500mk500/status/1513258550344228871
2022-04-10 20:52:08,500mk500,sha256,1850aff5d12cf00975dd44553711403fd7ec609e5648e3536bb1166cebc25f46,#CobaltStrike,https://twitter.com/500mk500/status/1513258550344228871
2022-04-10 20:52:08,500mk500,domain,cstest20220319.accesscam.org,#CobaltStrike,https://twitter.com/500mk500/status/1513258550344228871
2022-04-10 20:52:08,500mk500,ip,67.205.180.18,#CobaltStrike,https://twitter.com/500mk500/status/1513258550344228871
2022-04-10 20:54:06,ecarlesi,url,https://matchfantoken.com/21405614-ico-crypto-bitcoin-cryptocurrency-landing-page-html-template.zip,#phishing,https://twitter.com/ecarlesi/status/1513259048682012674
2022-04-10 21:00:03,HeliosCert,ip,117.240.142.132,#malware,https://twitter.com/HeliosCert/status/1513260542584139779
2022-04-10 21:00:03,HeliosCert,sha256,b75820723ed0f5ccfe9e9856718dd8fad49eef42ecfaccb3c98ce0fdfe1bcc63,#malware,https://twitter.com/HeliosCert/status/1513260542584139779
2022-04-10 21:10:18,DonPasci,url,https://www.boabk.onlgroup.online/,#phishing,https://twitter.com/DonPasci/status/1513263125499416577
2022-04-10 21:20:25,PhishStats,url,http://autocarcancun.com/,#phishing,https://twitter.com/PhishStats/status/1513265669843963914
2022-04-10 21:20:25,PhishStats,ip,50.87.151.185,#phishing,https://twitter.com/PhishStats/status/1513265669843963914
2022-04-10 21:24:17,TeamDreier,url,https://log-eboks.com,#phishing,https://twitter.com/TeamDreier/status/1513266644147130373
2022-04-10 21:41:58,kubotaa3,url,https://visar-co-ip.inlnkb.xyz/,#phishing,https://twitter.com/kubotaa3/status/1513271092290666497
2022-04-10 21:41:58,kubotaa3,ip,107.173.24.124,#phishing,https://twitter.com/kubotaa3/status/1513271092290666497
2022-04-10 21:48:17,ecarlesi,url,http://topred.org/con-experiencias/recibo-sola-en-san-melchor-betaza.php,#phishing,https://twitter.com/ecarlesi/status/1513272684771258379
2022-04-10 22:07:48,ecarlesi,url,https://ptsb-open24.com/,#phishing,https://twitter.com/ecarlesi/status/1513277594480873482
2022-04-10 22:14:59,kubotaa3,url,https://visa-card-login.am0o4.shop/,#phishing,https://twitter.com/kubotaa3/status/1513279401299181568
2022-04-10 22:14:59,kubotaa3,ip,34.125.21.64,#phishing,https://twitter.com/kubotaa3/status/1513279401299181568
2022-04-10 22:17:40,ecarlesi,url,http://donbanquette.com/,#phishing,https://twitter.com/ecarlesi/status/1513280076736970752
2022-04-10 22:18:18,ecarlesi,url,http://www.donbanquette.com/index.php,#phishing,https://twitter.com/ecarlesi/status/1513280238117359617
2022-04-10 22:25:20,ecarlesi,url,http://protectyourteens.com/,#phishing,https://twitter.com/ecarlesi/status/1513282008230895616
2022-04-10 22:26:25,ecarlesi,url,http://www.protectyourteens.com/index.php,#phishing,https://twitter.com/ecarlesi/status/1513282279900160006
2022-04-10 22:35:07,AP_Zenmashi,url,https://eki.net.co.mocbohc.cn,#phishing,https://twitter.com/AP_Zenmashi/status/1513284467078889472
2022-04-10 22:35:48,AP_Zenmashi,url,https://eki.net.co.gjgsbpl.cn,#phishing,https://twitter.com/AP_Zenmashi/status/1513284640131280897
2022-04-10 22:50:02,drb_ra,ip,54.94.121.224,#CobaltStrike,https://twitter.com/drb_ra/status/1513288221832232965
2022-04-10 22:50:31,drb_ra,ip,121.5.239.178,#CobaltStrike,https://twitter.com/drb_ra/status/1513288343945158663
2022-04-10 22:50:50,drb_ra,ip,156.238.98.219,#CobaltStrike,https://twitter.com/drb_ra/status/1513288422588391435
2022-04-10 22:50:56,drb_ra,ip,106.15.53.153,#CobaltStrike,https://twitter.com/drb_ra/status/1513288447628349443
2022-04-10 22:51:03,drb_ra,ip,156.238.98.214,#CobaltStrike,https://twitter.com/drb_ra/status/1513288478779494408
2022-04-10 22:51:10,drb_ra,ip,150.230.251.149,#CobaltStrike,https://twitter.com/drb_ra/status/1513288507602657280
2022-04-10 22:51:15,drb_ra,ip,47.103.157.82,#CobaltStrike,https://twitter.com/drb_ra/status/1513288529299873798
2022-04-10 22:51:19,drb_ra,ip,121.5.79.233,#CobaltStrike,https://twitter.com/drb_ra/status/1513288545728974848
2022-04-10 23:05:25,AP_Zenmashi,url,https://visa-card-login.am0o4.shop,#phishing,https://twitter.com/AP_Zenmashi/status/1513292096198754305
2022-04-10 23:30:20,ecarlesi,url,https://sante-account.com,#phishing,https://twitter.com/ecarlesi/status/1513298363667656719
2022-04-10 23:44:39,catnap707,url,https://my.botexchange.xyz/bipai4/index?s=70,#phishing,https://twitter.com/catnap707/status/1513301967027662849
2022-04-10 23:44:39,catnap707,ip,150.107.3.224,#phishing,https://twitter.com/catnap707/status/1513301967027662849
2022-04-10 23:49:45,pingineer_jp,url,https://suica.jkfjsfiess.com,#phishing #scam,https://twitter.com/pingineer_jp/status/1513303253009956865
2022-04-10 23:49:45,pingineer_jp,url,https://suica.kgoesgh.com,#phishing #scam,https://twitter.com/pingineer_jp/status/1513303253009956865
2022-04-10 23:52:52,pingineer_jp,url,https://flat-cake-c258.wafidoy7421238.workers.dev/,#phishing #scam,https://twitter.com/pingineer_jp/status/1513304033863561216
2022-04-10 23:52:52,pingineer_jp,url,https://late-union-8173.lenadfriedlandl92.workers.dev/,#phishing #scam,https://twitter.com/pingineer_jp/status/1513304033863561216
2022-04-10 23:52:52,pingineer_jp,url,https://odd-queen-9021.lenadfriedlandl92.workers.dev/,#phishing #scam,https://twitter.com/pingineer_jp/status/1513304033863561216
