2022-07-06 00:04:43,ecarlesi,url,http://narselxoom.com/secure-updatecounteramzon.com/,#phishing,https://twitter.com/ecarlesi/status/1544472374812475392
2022-07-06 00:07:38,ecarlesi,url,http://venturadebug.com/,#phishing,https://twitter.com/ecarlesi/status/1544473106202460160
2022-07-06 00:09:40,ecarlesi,url,https://venturadebug.com/,#phishing,https://twitter.com/ecarlesi/status/1544473620537397251
2022-07-06 00:15:16,RdpSnitch,ip,122.176.96.137,,https://twitter.com/RdpSnitch/status/1544475029718437888
2022-07-06 00:15:16,RdpSnitch,ip,84.204.195.22,,https://twitter.com/RdpSnitch/status/1544475029718437888
2022-07-06 00:15:16,RdpSnitch,ip,47.242.107.32,,https://twitter.com/RdpSnitch/status/1544475029718437888
2022-07-06 00:29:34,ecarlesi,url,https://tekvendi.online/eventicnew.zip,#malware,https://twitter.com/ecarlesi/status/1544478627860971520
2022-07-06 00:33:04,ecarlesi,url,https://carte-vitale-assurer.com,#phishing,https://twitter.com/ecarlesi/status/1544479508732190720
2022-07-06 00:36:36,KesaGataMe0,url,https://va32kjg.shop/jp,#phishing,https://twitter.com/KesaGataMe0/status/1544480397991739392
2022-07-06 00:36:36,KesaGataMe0,url,https://3i2hdiha.shop/jp,#phishing,https://twitter.com/KesaGataMe0/status/1544480397991739392
2022-07-06 00:36:36,KesaGataMe0,url,https://iu6o9aiohj.shop/jp,#phishing,https://twitter.com/KesaGataMe0/status/1544480397991739392
2022-07-06 00:36:36,KesaGataMe0,ip,192.3.113.196,#phishing,https://twitter.com/KesaGataMe0/status/1544480397991739392
2022-07-06 00:36:36,KesaGataMe0,url,https://av32lkjgvia.shop/jp,#phishing,https://twitter.com/KesaGataMe0/status/1544480397991739392
2022-07-06 00:36:36,KesaGataMe0,url,https://ewti52oihf.shop/jp,#phishing,https://twitter.com/KesaGataMe0/status/1544480397991739392
2022-07-06 00:36:36,KesaGataMe0,url,https://avlk3kljglkva.shop/jp,#phishing,https://twitter.com/KesaGataMe0/status/1544480397991739392
2022-07-06 00:37:13,AP_Zenmashi,ip,155.94.179.171,#phishing,https://twitter.com/AP_Zenmashi/status/1544480553516560384
2022-07-06 00:37:13,AP_Zenmashi,url,https://kgcvfd.hekoirf.cn,#phishing,https://twitter.com/AP_Zenmashi/status/1544480553516560384
2022-07-06 00:42:45,harugasumi,url,https://voakkak.cn/webapp/totp01020101action.do.php,#phishing,https://twitter.com/harugasumi/status/1544481943924146176
2022-07-06 00:44:16,KesaGataMe0,ip,155.94.138.249,#phishing,https://twitter.com/KesaGataMe0/status/1544482328369844224
2022-07-06 00:44:16,KesaGataMe0,url,https://www.aupen.tk/jp,#phishing,https://twitter.com/KesaGataMe0/status/1544482328369844224
2022-07-06 00:45:36,KesaGataMe0,ip,164.70.69.245,#phishing,https://twitter.com/KesaGataMe0/status/1544482662664278016
2022-07-06 00:45:36,KesaGataMe0,url,https://develdeestate.com,#phishing,https://twitter.com/KesaGataMe0/status/1544482662664278016
2022-07-06 00:47:15,PhishStats,ip,193.34.76.44,#phishing,https://twitter.com/PhishStats/status/1544483076478304261
2022-07-06 00:47:15,PhishStats,url,http://upset-papers-give-3-89-31-11.loca.lt/,#phishing,https://twitter.com/PhishStats/status/1544483076478304261
2022-07-06 00:52:03,harugasumi,url,https://www.0bmexico.com/jp,#phishing,https://twitter.com/harugasumi/status/1544484285369184258
2022-07-06 00:57:50,KesaGataMe0,url,https://cah4kugo8.shop/jp,#phishing,https://twitter.com/KesaGataMe0/status/1544485740578770944
2022-07-06 00:57:50,KesaGataMe0,url,https://eiwy832kfh.shop/jp,#phishing,https://twitter.com/KesaGataMe0/status/1544485740578770944
2022-07-06 00:57:50,KesaGataMe0,url,https://eri2hl9ys.shop/jp,#phishing,https://twitter.com/KesaGataMe0/status/1544485740578770944
2022-07-06 00:57:50,KesaGataMe0,url,https://dah3rhe.shop/jp,#phishing,https://twitter.com/KesaGataMe0/status/1544485740578770944
2022-07-06 00:57:50,KesaGataMe0,url,https://werihavlk352.shop/jp,#phishing,https://twitter.com/KesaGataMe0/status/1544485740578770944
2022-07-06 00:57:50,KesaGataMe0,ip,23.94.251.184,#phishing,https://twitter.com/KesaGataMe0/status/1544485740578770944
2022-07-06 00:57:50,KesaGataMe0,url,https://we3iolfaa.shop/jp,#phishing,https://twitter.com/KesaGataMe0/status/1544485740578770944
2022-07-06 00:57:50,KesaGataMe0,url,https://e3ioidyfaf.shop/jp,#phishing,https://twitter.com/KesaGataMe0/status/1544485740578770944
2022-07-06 00:58:47,harugasumi,url,https://www.etc.jp.findto.huolongsanzhiye.com/jp,#phishing,https://twitter.com/harugasumi/status/1544485980442607618
2022-07-06 01:01:26,AP_Zenmashi,ip,155.94.138.142,#phishing,https://twitter.com/AP_Zenmashi/status/1544486647529877505
2022-07-06 01:01:26,AP_Zenmashi,url,https://amzaon.co.jp.jepanasuers.cc,#phishing,https://twitter.com/AP_Zenmashi/status/1544486647529877505
2022-07-06 01:03:31,AP_Zenmashi,url,https://www.mobilesuica.jp-up1.buzz,#phishing,https://twitter.com/AP_Zenmashi/status/1544487169355845632
2022-07-06 01:03:31,AP_Zenmashi,ip,103.41.65.194,#phishing,https://twitter.com/AP_Zenmashi/status/1544487169355845632
2022-07-06 01:04:14,AP_Zenmashi,url,https://www.mobilesuica.jp-ui.buzz,#phishing,https://twitter.com/AP_Zenmashi/status/1544487349899317249
2022-07-06 01:04:54,AP_Zenmashi,url,https://fangneizhu.net,#phishing,https://twitter.com/AP_Zenmashi/status/1544487519865016320
2022-07-06 01:04:54,AP_Zenmashi,ip,172.245.142.108,#phishing,https://twitter.com/AP_Zenmashi/status/1544487519865016320
2022-07-06 01:05:25,AP_Zenmashi,url,https://www.eki-tghmeg.fangneizhu.net,#phishing,https://twitter.com/AP_Zenmashi/status/1544487647489695744
2022-07-06 01:06:06,AP_Zenmashi,url,https://okaw.vip,#phishing,https://twitter.com/AP_Zenmashi/status/1544487821238423554
2022-07-06 01:06:06,AP_Zenmashi,ip,27.124.12.32,#phishing,https://twitter.com/AP_Zenmashi/status/1544487821238423554
2022-07-06 01:06:26,ecarlesi,url,http://aksjdh38jd.org,#phishing,https://twitter.com/ecarlesi/status/1544487903534923779
2022-07-06 01:08:57,AP_Zenmashi,url,https://amazom.accoutb-user.info,#phishing,https://twitter.com/AP_Zenmashi/status/1544488540679307265
2022-07-06 01:08:57,AP_Zenmashi,ip,208.115.245.86,#phishing,https://twitter.com/AP_Zenmashi/status/1544488540679307265
2022-07-06 01:09:16,KesaGataMe0,url,https://idp.hnk.ro.jpaccountc5e1waf37eb1e7649536b3158dc143bf.yfrppg.cn,#phishing,https://twitter.com/KesaGataMe0/status/1544488620018761728
2022-07-06 01:09:16,KesaGataMe0,ip,155.94.158.58,#phishing,https://twitter.com/KesaGataMe0/status/1544488620018761728
2022-07-06 01:09:16,KesaGataMe0,url,https://idp.hnk.ro.jpaccountc5e1waf37eb1e7649536b3158dc143bf.tazkzbc.cn,#phishing,https://twitter.com/KesaGataMe0/status/1544488620018761728
2022-07-06 01:10:02,dnstwist,domain,netcflix.com,#phishing,https://twitter.com/dnstwist/status/1544488812113428480
2022-07-06 01:10:04,AP_Zenmashi,url,https://amazom.accoutd-user.info,#phishing,https://twitter.com/AP_Zenmashi/status/1544488817993797633
2022-07-06 01:10:54,AP_Zenmashi,url,https://amazom.accouta-user.info,#phishing,https://twitter.com/AP_Zenmashi/status/1544489031525838849
2022-07-06 01:11:04,KesaGataMe0,url,https://eki.net.crrttax.cn,#phishing,https://twitter.com/KesaGataMe0/status/1544489071116177408
2022-07-06 01:11:04,KesaGataMe0,ip,155.94.129.65,#phishing,https://twitter.com/KesaGataMe0/status/1544489071116177408
2022-07-06 01:13:17,AP_Zenmashi,ip,172.86.124.51,#phishing,https://twitter.com/AP_Zenmashi/status/1544489627322437632
2022-07-06 01:13:17,AP_Zenmashi,url,https://amacion-confim.xlfu6yzi6.ga,#phishing,https://twitter.com/AP_Zenmashi/status/1544489627322437632
2022-07-06 01:13:39,KesaGataMe0,url,https://www.aplus.co.jp-jinim.cn/,#phishing,https://twitter.com/KesaGataMe0/status/1544489722164432897
2022-07-06 01:13:39,KesaGataMe0,ip,164.92.150.7,#phishing,https://twitter.com/KesaGataMe0/status/1544489722164432897
2022-07-06 01:14:11,AP_Zenmashi,url,https://amacion-confim.wknd2tnky.ga,#phishing,https://twitter.com/AP_Zenmashi/status/1544489856985837568
2022-07-06 01:15:02,AP_Zenmashi,url,https://amacion-confim.fd9utkbcy.ga,#phishing,https://twitter.com/AP_Zenmashi/status/1544490068106428417
2022-07-06 01:15:32,ecarlesi,url,https://ameli-carte-vitale-authentification.org,#phishing,https://twitter.com/ecarlesi/status/1544490194212212740
2022-07-06 01:16:19,pingineer_jp,url,https://www.elektro-stoeckl.com/,#phishing #scam,https://twitter.com/pingineer_jp/status/1544490392812490761
2022-07-06 01:16:19,pingineer_jp,url,https://www.0bmexico.com/,#phishing #scam,https://twitter.com/pingineer_jp/status/1544490392812490761
2022-07-06 01:16:19,pingineer_jp,url,https://www.kvp-consulting.com/,#phishing #scam,https://twitter.com/pingineer_jp/status/1544490392812490761
2022-07-06 01:16:47,KesaGataMe0,url,https://www.etc.jp.findto.huanhangzhou.com/jp,#phishing,https://twitter.com/KesaGataMe0/status/1544490509254950912
2022-07-06 01:16:47,KesaGataMe0,ip,167.71.138.107,#phishing,https://twitter.com/KesaGataMe0/status/1544490509254950912
2022-07-06 01:17:43,ecarlesi,url,http://kasjdhwrsd.org,#phishing,https://twitter.com/ecarlesi/status/1544490745117171712
2022-07-06 01:17:57,ecarlesi,url,http://03activemtb.info/,#phishing,https://twitter.com/ecarlesi/status/1544490801685725184
2022-07-06 01:19:40,ecarlesi,url,http://userkeep.xyz,#phishing,https://twitter.com/ecarlesi/status/1544491236551282689
2022-07-06 01:20:26,ecarlesi,url,https://netflix-reabonnement.net,#phishing,https://twitter.com/ecarlesi/status/1544491426762956803
2022-07-06 01:20:40,ecarlesi,url,https://m-tb.info/login.php?online_id=71ea04d00d2601fafeb7e16e1&amp;country=&amp;iso=,#phishing,https://twitter.com/ecarlesi/status/1544491485659275264
2022-07-06 01:20:43,pingineer_jp,url,https://login-resonabank.co.jp.abnfkae.top/,#phishing #scam,https://twitter.com/pingineer_jp/status/1544491500331233281
2022-07-06 01:21:31,ecarlesi,url,http://press-here.xyz/coinmama.zip,#phishing,https://twitter.com/ecarlesi/status/1544491702915715072
2022-07-06 01:21:39,pingineer_jp,url,https://hh99206.com/,#phishing #scam,https://twitter.com/pingineer_jp/status/1544491733467414528
2022-07-06 01:21:39,pingineer_jp,url,https://gfdsc.jblaerc.cn,#phishing #scam,https://twitter.com/pingineer_jp/status/1544491733467414528
2022-07-06 01:22:29,pingineer_jp,url,https://kjhbhv.nt2r9g.cn,#phishing #scam,https://twitter.com/pingineer_jp/status/1544491945703411712
2022-07-06 01:23:13,pingineer_jp,url,https://www.mobilesuica.jp-ui.buzz/,#phishing #scam,https://twitter.com/pingineer_jp/status/1544492128457588737
2022-07-06 01:23:35,ecarlesi,url,https://cartevitale-config.info,#phishing,https://twitter.com/ecarlesi/status/1544492221558591488
2022-07-06 01:26:01,AP_Zenmashi,url,https://amazon.tdftdni.cn,#phishing,https://twitter.com/AP_Zenmashi/status/1544492833679126528
2022-07-06 01:26:01,AP_Zenmashi,ip,155.94.194.56,#phishing,https://twitter.com/AP_Zenmashi/status/1544492833679126528
2022-07-06 01:26:51,ScamiBot,ip,104.16.198.133,#phishing #scam,https://twitter.com/ScamiBot/status/1544493045357453318
2022-07-06 01:27:08,ecarlesi,url,http://citizens.pro/alerts/,#phishing,https://twitter.com/ecarlesi/status/1544493113565237249
2022-07-06 01:27:08,ecarlesi,url,https://ciltizen-direct.info/citizen_bank/,#phishing,https://twitter.com/ecarlesi/status/1544493113053511684
2022-07-06 01:28:02,ecarlesi,url,https://mspts.net,#phishing,https://twitter.com/ecarlesi/status/1544493339717910529
2022-07-06 01:30:41,ecarlesi,url,http://retainuserps.xyz,#phishing,https://twitter.com/ecarlesi/status/1544494010072457222
2022-07-06 01:32:20,ecarlesi,url,http://henrykofisolomon.xyz/?sa,#phishing,https://twitter.com/ecarlesi/status/1544494421567234049
2022-07-06 01:33:19,ecarlesi,url,http://henrykofisolomon.xyz/?na,#phishing,https://twitter.com/ecarlesi/status/1544494671916896257
2022-07-06 01:34:42,ecarlesi,url,http://henrykofisolomon.xyz/?md,#phishing,https://twitter.com/ecarlesi/status/1544495017238085633
2022-07-06 01:38:53,AP_Zenmashi,url,https://www.hamadshigri.epizy.com,#phishing,https://twitter.com/AP_Zenmashi/status/1544496072386838528
2022-07-06 01:38:53,AP_Zenmashi,ip,185.27.134.222,#phishing,https://twitter.com/AP_Zenmashi/status/1544496072386838528
2022-07-06 01:38:54,drb_ra,ip,43.142.31.225,#CobaltStrike,https://twitter.com/drb_ra/status/1544496077851738112
2022-07-06 01:39:14,drb_ra,ip,18.208.250.160,#CobaltStrike,https://twitter.com/drb_ra/status/1544496158395011077
2022-07-06 01:39:32,drb_ra,ip,103.133.179.55,#CobaltStrike,https://twitter.com/drb_ra/status/1544496236341895169
2022-07-06 01:39:45,drb_ra,ip,43.129.158.31,#CobaltStrike,https://twitter.com/drb_ra/status/1544496290058407936
2022-07-06 01:39:53,drb_ra,ip,45.76.202.199,#CobaltStrike,https://twitter.com/drb_ra/status/1544496321926668289
2022-07-06 01:40:04,drb_ra,ip,121.37.232.147,#CobaltStrike,https://twitter.com/drb_ra/status/1544496370391859202
2022-07-06 01:40:05,AP_Zenmashi,url,https://hamadshigri.epizy.com,#phishing,https://twitter.com/AP_Zenmashi/status/1544496373273608193
2022-07-06 01:40:17,drb_ra,ip,47.242.110.140,#CobaltStrike,https://twitter.com/drb_ra/status/1544496423047241731
2022-07-06 01:40:33,drb_ra,ip,43.239.158.50,#CobaltStrike,https://twitter.com/drb_ra/status/1544496490936139776
2022-07-06 01:40:38,ecarlesi,url,http://citizens.pro/alerts/login.php?online_id=a52f3c74e7ef9b8425c424fdd&amp;country=&amp;iso=,#phishing,https://twitter.com/ecarlesi/status/1544496510796283906
2022-07-06 01:40:42,drb_ra,ip,39.106.130.240,#CobaltStrike,https://twitter.com/drb_ra/status/1544496529565687808
2022-07-06 01:40:58,drb_ra,ip,154.204.178.119,#CobaltStrike,https://twitter.com/drb_ra/status/1544496598033596416
2022-07-06 01:41:14,drb_ra,ip,174.139.150.141,#CobaltStrike,https://twitter.com/drb_ra/status/1544496664676913153
2022-07-06 01:42:06,drb_ra,ip,43.142.79.150,#CobaltStrike,https://twitter.com/drb_ra/status/1544496882256322561
2022-07-06 01:43:14,drb_ra,ip,146.0.72.81,#CobaltStrike,https://twitter.com/drb_ra/status/1544497164977676296
2022-07-06 01:43:52,drb_ra,ip,143.198.34.246,#CobaltStrike,https://twitter.com/drb_ra/status/1544497324101054464
2022-07-06 01:44:08,drb_ra,ip,114.132.244.178,#CobaltStrike,https://twitter.com/drb_ra/status/1544497391444828160
2022-07-06 01:44:18,drb_ra,ip,3.249.80.144,#CobaltStrike,https://twitter.com/drb_ra/status/1544497433400549376
2022-07-06 01:44:54,ecarlesi,url,https://globalworldtrade.org/company/11625885.html,#phishing,https://twitter.com/ecarlesi/status/1544497585234272256
2022-07-06 01:45:17,ecarlesi,url,http://henrykofisolomon.xyz/?sd,#phishing,https://twitter.com/ecarlesi/status/1544497680386297864
2022-07-06 01:47:20,AP_Zenmashi,ip,155.94.129.66,#phishing,https://twitter.com/AP_Zenmashi/status/1544498197279944704
2022-07-06 01:47:20,AP_Zenmashi,url,https://www.mobiedziaxz.freefleas.com,#phishing,https://twitter.com/AP_Zenmashi/status/1544498197279944704
2022-07-06 01:48:17,AP_Zenmashi,url,https://freefleas.com,#phishing,https://twitter.com/AP_Zenmashi/status/1544498438272057344
2022-07-06 01:49:01,AP_Zenmashi,ip,155.94.138.70,#phishing,https://twitter.com/AP_Zenmashi/status/1544498623513522178
2022-07-06 01:49:01,AP_Zenmashi,url,https://www.aeon.co-jp.g9963ro6shop.com,#phishing,https://twitter.com/AP_Zenmashi/status/1544498623513522178
2022-07-06 01:53:51,AP_Zenmashi,url,https://www.meeco-mistore.xwgjlef.cn,#phishing,https://twitter.com/AP_Zenmashi/status/1544499836992770048
2022-07-06 01:53:51,AP_Zenmashi,ip,155.94.141.67,#phishing,https://twitter.com/AP_Zenmashi/status/1544499836992770048
2022-07-06 01:54:25,AP_Zenmashi,url,https://www.meeco-mistore.xxugzyt.cn,#phishing,https://twitter.com/AP_Zenmashi/status/1544499982815805440
2022-07-06 01:55:02,AP_Zenmashi,url,https://www.meeco-mistore.ylslgao.cn,#phishing,https://twitter.com/AP_Zenmashi/status/1544500135417110530
2022-07-06 01:55:36,AP_Zenmashi,url,https://www.meeco-mistore.xi1fp8.cn,#phishing,https://twitter.com/AP_Zenmashi/status/1544500280514924544
2022-07-06 01:56:11,AP_Zenmashi,url,https://www.meeco-mistore.xuduojx.cn,#phishing,https://twitter.com/AP_Zenmashi/status/1544500423893008384
2022-07-06 01:57:02,AP_Zenmashi,ip,172.86.127.162,#phishing,https://twitter.com/AP_Zenmashi/status/1544500641258946561
2022-07-06 01:57:02,AP_Zenmashi,url,https://shopping-misstore.jplogin.yree.cn,#phishing,https://twitter.com/AP_Zenmashi/status/1544500641258946561
2022-07-06 02:02:32,ecarlesi,url,http://wf25846.online/,#phishing,https://twitter.com/ecarlesi/status/1544502023550369792
2022-07-06 02:02:32,ecarlesi,url,http://wf46854.online/,#phishing,https://twitter.com/ecarlesi/status/1544502024338817026
2022-07-06 02:02:42,ecarlesi,url,http://wf2098.online/,#phishing,https://twitter.com/ecarlesi/status/1544502063605989376
2022-07-06 02:02:42,ecarlesi,url,http://wf48654.online/,#phishing,https://twitter.com/ecarlesi/status/1544502064235134976
2022-07-06 02:03:14,ecarlesi,url,http://wf486454.online/,#phishing,https://twitter.com/ecarlesi/status/1544502200591912965
2022-07-06 02:03:14,ecarlesi,url,http://wf25846.online/wf.html,#phishing,https://twitter.com/ecarlesi/status/1544502200084447232
2022-07-06 02:04:33,ecarlesi,url,http://wf48654.online/wf.html,#phishing,https://twitter.com/ecarlesi/status/1544502532944396288
2022-07-06 02:04:34,ecarlesi,url,http://wf4685.online/,#phishing,https://twitter.com/ecarlesi/status/1544502536748531712
2022-07-06 02:04:34,ecarlesi,url,http://wf2287.online/,#phishing,https://twitter.com/ecarlesi/status/1544502537117749250
2022-07-06 02:04:34,ecarlesi,url,http://wf2098.online/wf.html,#phishing,https://twitter.com/ecarlesi/status/1544502537134526464
2022-07-06 02:04:55,ecarlesi,url,http://wf46854.online/wf.html,#phishing,https://twitter.com/ecarlesi/status/1544502622111125504
2022-07-06 02:04:57,ecarlesi,url,http://wf486454.online/wf.html,#phishing,https://twitter.com/ecarlesi/status/1544502630688456704
2022-07-06 02:05:01,ecarlesi,url,http://wf4685.online/wf.html,#phishing,https://twitter.com/ecarlesi/status/1544502648648486913
2022-07-06 02:05:38,ecarlesi,url,http://plusplussocial.org,#phishing,https://twitter.com/ecarlesi/status/1544502803208568836
2022-07-06 02:05:49,ecarlesi,url,http://holidayisnothere.online/haakte/,#phishing,https://twitter.com/ecarlesi/status/1544502849555628033
2022-07-06 02:06:01,ecarlesi,url,http://holidayisnothere.online/todayshutter/,#phishing,https://twitter.com/ecarlesi/status/1544502901363597312
2022-07-06 02:06:20,ecarlesi,url,http://holidayisnothere.online/haakte.zip,#phishing,https://twitter.com/ecarlesi/status/1544502978765373446
2022-07-06 02:06:33,ecarlesi,url,http://educationaltuts.info/aa/android_ebook_app.zip,#phishing,https://twitter.com/ecarlesi/status/1544503034562093056
2022-07-06 02:07:03,ecarlesi,url,https://portsicweb.info/,#phishing,https://twitter.com/ecarlesi/status/1544503158193389568
2022-07-06 02:07:07,AP_Zenmashi,url,https://shopping-misstore.jplogin.jsgzcloud.cn,#phishing,https://twitter.com/AP_Zenmashi/status/1544503177159970817
2022-07-06 02:07:57,harugasumi,url,https://convocation.cecos.edu.pk//line1/line2/,#phishing,https://twitter.com/harugasumi/status/1544503388611952641
2022-07-06 02:07:57,harugasumi,url,https://msindiaworks.in/wp-content/themes/vpass/id/,#phishing,https://twitter.com/harugasumi/status/1544503388611952641
2022-07-06 02:08:50,ecarlesi,url,http://musicclasshub.online/haakte/,#phishing,https://twitter.com/ecarlesi/status/1544503610175782913
2022-07-06 02:10:31,ecarlesi,url,http://saleisneedour.online/vishnyuuu/,#phishing,https://twitter.com/ecarlesi/status/1544504033477595138
2022-07-06 02:11:05,ecarlesi,url,https://manualresolvefixnode.tech/tech/gtechh.zip,#phishing,https://twitter.com/ecarlesi/status/1544504173777010688
2022-07-06 02:12:41,ecarlesi,url,http://mobilewf4685.online/,#phishing,https://twitter.com/ecarlesi/status/1544504578443546625
2022-07-06 02:13:48,ecarlesi,url,http://online-assist.app,#phishing,https://twitter.com/ecarlesi/status/1544504860749578241
2022-07-06 02:14:01,ecarlesi,url,http://musicclasshub.online/haakte.zip,#phishing,https://twitter.com/ecarlesi/status/1544504913379696640
2022-07-06 02:14:32,ecarlesi,url,http://saleisneedour.online/haakte.zip,#phishing,https://twitter.com/ecarlesi/status/1544505041247211521
2022-07-06 02:14:33,ecarlesi,url,http://shouldbebannedsoon.online/comptress/,#phishing,https://twitter.com/ecarlesi/status/1544505048029356032
2022-07-06 02:14:55,AP_Zenmashi,ip,155.94.151.251,#phishing,https://twitter.com/AP_Zenmashi/status/1544505139951648769
2022-07-06 02:16:03,ecarlesi,url,http://mobilewf4685.online/wf.html,#phishing,https://twitter.com/ecarlesi/status/1544505424371748864
2022-07-06 02:17:19,ecarlesi,url,http://customersupport3255.online/,#phishing,https://twitter.com/ecarlesi/status/1544505745294741504
2022-07-06 02:18:21,ecarlesi,url,https://solesbiko.monster/,#phishing,https://twitter.com/ecarlesi/status/1544506003936481286
2022-07-06 02:20:04,HeliosCert,ip,117.208.105.101,#malware,https://twitter.com/HeliosCert/status/1544506434599133184
2022-07-06 02:20:04,HeliosCert,sha256,d7b0d0b7d1eadf63a84ee04f112a54b9fd719d86181a42369c4e193c278ae16a,#malware,https://twitter.com/HeliosCert/status/1544506434599133184
2022-07-06 02:24:12,AP_Zenmashi,url,https://jfghbv.pmzjcxo.cn,#phishing,https://twitter.com/AP_Zenmashi/status/1544507474396717056
2022-07-06 02:24:56,AP_Zenmashi,url,https://www.khjvdf.mmchfdi.cn,#phishing,https://twitter.com/AP_Zenmashi/status/1544507659533324288
2022-07-06 02:25:04,HeliosCert,sha256,6b916cc0ef4a73dcf1e9c83fa4ed45270f02762b39fec0e4274cb475ec935e1c,#malware,https://twitter.com/HeliosCert/status/1544507694295367681
2022-07-06 02:25:34,AP_Zenmashi,url,https://hgfdcx.ncwyyme.cn,#phishing,https://twitter.com/AP_Zenmashi/status/1544507820086738945
2022-07-06 02:26:08,ecarlesi,url,https://everywherekfcu.org/,#phishing,https://twitter.com/ecarlesi/status/1544507962001072128
2022-07-06 02:26:11,AP_Zenmashi,url,https://www.1234zhongzhan.cn,#phishing,https://twitter.com/AP_Zenmashi/status/1544507975158472704
2022-07-06 02:26:48,AP_Zenmashi,url,https://www.jfgcv.wwrbiap.cn,#phishing,https://twitter.com/AP_Zenmashi/status/1544508131065331712
2022-07-06 02:27:27,AP_Zenmashi,url,https://www.hfgdf.zxvngoa.cn,#phishing,https://twitter.com/AP_Zenmashi/status/1544508294907465728
2022-07-06 02:28:06,AP_Zenmashi,url,https://www.hfgdc.ldppelu.cn,#phishing,https://twitter.com/AP_Zenmashi/status/1544508457553780736
2022-07-06 02:28:55,pingineer_jp,url,https://merrybadge.net/vm/accounts/data/,#phishing #scam,https://twitter.com/pingineer_jp/status/1544508663498698752
2022-07-06 02:30:57,ecarlesi,url,http://chitraartservices.online/haakte.zip,#phishing,https://twitter.com/ecarlesi/status/1544509173471363073
2022-07-06 02:40:40,ecarlesi,url,https://pilarpozee233.online/neww%20popp.zip,#phishing,https://twitter.com/ecarlesi/status/1544511620872867843
2022-07-06 02:42:35,AP_Zenmashi,url,https://www.sfcbfd.yyetefw.cn,#phishing,https://twitter.com/AP_Zenmashi/status/1544512100680183810
2022-07-06 02:43:17,AP_Zenmashi,url,https://www.hgfdcx.ncwyyme.cn,#phishing,https://twitter.com/AP_Zenmashi/status/1544512276686082048
2022-07-06 02:43:53,AP_Zenmashi,url,https://www.jfgcx.eatcacp.cn,#phishing,https://twitter.com/AP_Zenmashi/status/1544512430801186816
2022-07-06 02:55:40,ecarlesi,url,https://bestbuyacc.com,#phishing,https://twitter.com/ecarlesi/status/1544515394404220930
2022-07-06 02:58:33,ecarlesi,url,http://publique-secu-vitale.com,#phishing,https://twitter.com/ecarlesi/status/1544516122380320772
2022-07-06 03:10:22,AP_Zenmashi,url,https://ghfdcx.eglfgoe.cn,#phishing,https://twitter.com/AP_Zenmashi/status/1544519092924981249
2022-07-06 03:10:23,ecarlesi,url,https://web121.site,#phishing,https://twitter.com/ecarlesi/status/1544519097093963778
2022-07-06 03:10:48,phishunt_io,ip,199.34.228.47,#phishing #scam,https://twitter.com/phishunt_io/status/1544519204094853125
2022-07-06 03:11:23,ecarlesi,url,http://utm-meta-id.site,#phishing,https://twitter.com/ecarlesi/status/1544519351080030208
2022-07-06 03:12:49,Cryptolaemus1,url,http://che-fare.com/che-fare-media/rpi4ln2wq7iyznrle/,,https://twitter.com/Cryptolaemus1/status/1544519709734817797
2022-07-06 03:12:49,Cryptolaemus1,url,http://ftp.yourbankruptcypartner.com/wp-content/hjsawcegzhi6czs/,,https://twitter.com/Cryptolaemus1/status/1544519710704017409
2022-07-06 03:12:49,Cryptolaemus1,url,https://pccurico.cl/wp-admin/9xr3xwzgidfkvyyzw/,,https://twitter.com/Cryptolaemus1/status/1544519709734817797
2022-07-06 03:12:49,Cryptolaemus1,url,http://charliecaper.com/wp-includes/q8iu0kswg0/,,https://twitter.com/Cryptolaemus1/status/1544519709734817797
2022-07-06 03:19:17,ecarlesi,url,http://roverfin.online/haakte/,#phishing,https://twitter.com/ecarlesi/status/1544521337267539968
2022-07-06 03:20:22,ecarlesi,url,http://roverfin.online/haakte.zip,#phishing,https://twitter.com/ecarlesi/status/1544521610694123520
2022-07-06 03:23:44,Jirehlov,domain,esportmode.gg,#phishing,https://twitter.com/Jirehlov/status/1544522457914171392
2022-07-06 03:36:25,PhishStats,ip,124.158.121.134,#phishing,https://twitter.com/PhishStats/status/1544525650886893569
2022-07-06 03:36:25,PhishStats,url,http://uudam-mongol.edu.mn/,#phishing,https://twitter.com/PhishStats/status/1544525650886893569
2022-07-06 03:44:39,ecarlesi,url,https://4o3h.link,#phishing,https://twitter.com/ecarlesi/status/1544527720666775557
2022-07-06 03:48:56,ecarlesi,url,http://namestals.com,#phishing,https://twitter.com/ecarlesi/status/1544528798410047488
2022-07-06 03:55:02,HeliosCert,sha256,5f8f1218da456548573f2c180ac2859b52dee7130214bff662163bcaa9c42ab2,#malware,https://twitter.com/HeliosCert/status/1544530333554642945
2022-07-06 04:02:02,drb_ra,ip,84.32.188.197,#CobaltStrike,https://twitter.com/drb_ra/status/1544532094961041408
2022-07-06 04:05:04,HeliosCert,sha256,eb7ce3e1f68bf17919318821554aa16e1a26d3982e0136c15e17d26eb9443ea7,#malware,https://twitter.com/HeliosCert/status/1544532859293155330
2022-07-06 04:05:04,HeliosCert,ip,103.150.110.33,#malware,https://twitter.com/HeliosCert/status/1544532859293155330
2022-07-06 04:13:14,ecarlesi,url,http://righttoeducation.online/delete/,#phishing,https://twitter.com/ecarlesi/status/1544534915986882565
2022-07-06 04:18:52,ecarlesi,url,http://plusplus.social,#phishing,https://twitter.com/ecarlesi/status/1544536332650807297
2022-07-06 04:24:45,ecarlesi,url,https://iraevers.com/download/2dpong-windowsbuilt-byiraevers.zip,#malware,https://twitter.com/ecarlesi/status/1544537814678867970
2022-07-06 04:26:40,dubstard,url,https://orion-tradings.com,,https://twitter.com/dubstard/status/1544538297535447040
2022-07-06 04:26:40,dubstard,url,https://dxfinance.net,,https://twitter.com/dubstard/status/1544538297535447040
2022-07-06 04:26:40,dubstard,url,https://forex-capitaltrading.com,,https://twitter.com/dubstard/status/1544538297535447040
2022-07-06 04:26:40,dubstard,url,https://bitex-fxtrading.com,,https://twitter.com/dubstard/status/1544538297535447040
2022-07-06 04:26:40,dubstard,url,https://mullenfx.com,,https://twitter.com/dubstard/status/1544538297535447040
2022-07-06 04:26:40,dubstard,url,https://inteldigital.trade,,https://twitter.com/dubstard/status/1544538297535447040
2022-07-06 04:26:40,dubstard,url,https://atikotrade.com,,https://twitter.com/dubstard/status/1544538297535447040
2022-07-06 04:26:40,dubstard,url,https://criptofaci.com,,https://twitter.com/dubstard/status/1544538297535447040
2022-07-06 04:30:04,HeliosCert,sha256,8fa7cb147772bade1ae82205d54f7dfb65159425bd63922ae12b6bde5452feed,#malware,https://twitter.com/HeliosCert/status/1544539150619222016
2022-07-06 04:30:04,HeliosCert,ip,190.120.254.52,#malware,https://twitter.com/HeliosCert/status/1544539150619222016
2022-07-06 04:30:36,ecarlesi,url,http://righttoeducation.online/haakte.zip,#phishing,https://twitter.com/ecarlesi/status/1544539285029789697
2022-07-06 04:32:29,ecarlesi,url,https://iraevers.com/download/3dpong-windowsbuilt-byiraevers.zip,#malware,https://twitter.com/ecarlesi/status/1544539758742872064
2022-07-06 04:35:40,ecarlesi,url,https://logicstauerunner.online/bajeran/,#phishing,https://twitter.com/ecarlesi/status/1544540562589732866
2022-07-06 04:36:57,ecarlesi,url,https://logicstauerunner.online/haakte.zip,#phishing,https://twitter.com/ecarlesi/status/1544540882958950400
2022-07-06 04:49:15,JAMESWT_MHT,url,https://womensphotographycircle.com/wp-includes/id3/sfgfgdfgd/whatsapp/bre/myaccount.php,#phishing,https://twitter.com/JAMESWT_MHT/status/1544543979982798850
2022-07-06 04:49:15,JAMESWT_MHT,url,https://www.studiencenter.de/bereiten.html,#phishing,https://twitter.com/JAMESWT_MHT/status/1544543979982798850
2022-07-06 04:54:22,AP_Zenmashi,url,https://www.mobilesuica.jp-ii.buzz,#phishing,https://twitter.com/AP_Zenmashi/status/1544545266300506112
2022-07-06 04:55:19,AP_Zenmashi,url,https://jp-ui.buzz,#phishing,https://twitter.com/AP_Zenmashi/status/1544545506898374656
2022-07-06 05:04:25,ecarlesi,url,https://formulir-perubahan-tarif.website/,#phishing,https://twitter.com/ecarlesi/status/1544547794899255296
2022-07-06 05:04:44,ecarlesi,url,https://w3bvmtb.xyz/,#phishing,https://twitter.com/ecarlesi/status/1544547874901561344
2022-07-06 05:12:39,ecarlesi,url,https://online-assist.app,#phishing,https://twitter.com/ecarlesi/status/1544549869020450824
2022-07-06 05:18:56,ecarlesi,url,https://cloacarmoneypage.cloud/bair/,#phishing,https://twitter.com/ecarlesi/status/1544551447387406336
2022-07-06 05:19:04,ecarlesi,url,http://portsicweb.info/,#phishing,https://twitter.com/ecarlesi/status/1544551484586614786
2022-07-06 05:23:21,ecarlesi,url,https://cloacarmoneypage.cloud/haakte.zip,#phishing,https://twitter.com/ecarlesi/status/1544552559406456837
2022-07-06 05:24:01,AP_Zenmashi,url,https://www.fdscv.dxphkhb.cn,#phishing,https://twitter.com/AP_Zenmashi/status/1544552729464676352
2022-07-06 05:24:40,AP_Zenmashi,url,https://ghfdcx.hduslsa.cn,#phishing,https://twitter.com/AP_Zenmashi/status/1544552891809116160
2022-07-06 05:29:44,ecarlesi,url,http://ecotechx.com/,#phishing,https://twitter.com/ecarlesi/status/1544554168781873153
2022-07-06 05:30:53,ecarlesi,url,https://secure-fifththird.info/web/auth/,#phishing,https://twitter.com/ecarlesi/status/1544554455793795074
2022-07-06 05:33:24,ecarlesi,url,http://recomendationtn.online,#phishing,https://twitter.com/ecarlesi/status/1544555088643035136
2022-07-06 05:46:51,AP_Zenmashi,url,https://realdejuriquilla.com,#phishing,https://twitter.com/AP_Zenmashi/status/1544558472892923905
2022-07-06 05:46:51,AP_Zenmashi,ip,116.80.59.123,#phishing,https://twitter.com/AP_Zenmashi/status/1544558472892923905
2022-07-06 05:52:26,AP_Zenmashi,ip,155.94.135.208,#phishing,https://twitter.com/AP_Zenmashi/status/1544559879004000257
2022-07-06 05:52:26,AP_Zenmashi,url,https://www.sfxokcw.cn,#phishing,https://twitter.com/AP_Zenmashi/status/1544559879004000257
2022-07-06 05:53:03,AP_Zenmashi,url,https://www.gfdcvx.w5jo9x.cn,#phishing,https://twitter.com/AP_Zenmashi/status/1544560036818481153
2022-07-06 05:53:46,AP_Zenmashi,url,https://www.hfgvd.qwymldt.cn,#phishing,https://twitter.com/AP_Zenmashi/status/1544560215760113665
2022-07-06 05:54:23,AP_Zenmashi,url,https://www.hfgdc.oq6kf.cn,#phishing,https://twitter.com/AP_Zenmashi/status/1544560372027629570
2022-07-06 05:55:02,AP_Zenmashi,url,https://www.kgvds.watdyzn.cn,#phishing,https://twitter.com/AP_Zenmashi/status/1544560536032911360
2022-07-06 05:55:43,AP_Zenmashi,url,https://www.hbfdc.gwakeyk.cn,#phishing,https://twitter.com/AP_Zenmashi/status/1544560704308387840
2022-07-06 05:56:19,ecarlesi,url,http://ukulelesh.com,#phishing,https://twitter.com/ecarlesi/status/1544560857702612992
2022-07-06 05:56:22,AP_Zenmashi,url,https://www.kghcv.ppwafsi.cn,#phishing,https://twitter.com/AP_Zenmashi/status/1544560870277394432
2022-07-06 05:57:00,AP_Zenmashi,url,https://www.kghvc.rcfmzct.cn,#phishing,https://twitter.com/AP_Zenmashi/status/1544561029358977024
2022-07-06 05:57:37,AP_Zenmashi,url,https://www.gfdcvb.eykprqa.cn,#phishing,https://twitter.com/AP_Zenmashi/status/1544561183197343744
2022-07-06 05:58:06,ecarlesi,url,http://nhantho.net,#phishing,https://twitter.com/ecarlesi/status/1544561305201278982
2022-07-06 05:58:21,AP_Zenmashi,url,https://www.hfgdcx.p2lc7c.cn,#phishing,https://twitter.com/AP_Zenmashi/status/1544561370120589312
2022-07-06 06:07:28,ecarlesi,url,http://azmoon.info/20210429_d8a8d8b1db8cdaa9_34d6dc4d66abe0407714_20210429071628_archive.zip,#phishing,https://twitter.com/ecarlesi/status/1544563661255098368
2022-07-06 06:17:08,MichalKoczwara,ip,188.166.230.164,,https://twitter.com/MichalKoczwara/status/1544566096837152769
2022-07-06 06:17:08,MichalKoczwara,ip,185.166.214.143,,https://twitter.com/MichalKoczwara/status/1544566096837152769
2022-07-06 06:17:08,MichalKoczwara,ip,146.190.225.33,,https://twitter.com/MichalKoczwara/status/1544566096837152769
2022-07-06 06:17:08,MichalKoczwara,ip,178.33.38.76,,https://twitter.com/MichalKoczwara/status/1544566096837152769
2022-07-06 06:17:08,MichalKoczwara,ip,70.34.214.250,,https://twitter.com/MichalKoczwara/status/1544566096837152769
2022-07-06 06:17:08,MichalKoczwara,ip,34.250.32.179,,https://twitter.com/MichalKoczwara/status/1544566096837152769
2022-07-06 06:18:15,AP_Zenmashi,url,https://amazon.ibpx.cn,#phishing,https://twitter.com/AP_Zenmashi/status/1544566375519174657
2022-07-06 06:18:15,AP_Zenmashi,ip,205.185.120.3,#phishing,https://twitter.com/AP_Zenmashi/status/1544566375519174657
2022-07-06 06:20:41,AP_Zenmashi,url,https://ysuco.dogkcem.cn,#phishing,https://twitter.com/AP_Zenmashi/status/1544566989460369408
2022-07-06 06:31:03,ecarlesi,url,http://customersupport3255.online/wf.html,#phishing,https://twitter.com/ecarlesi/status/1544569597306748929
2022-07-06 06:33:20,RedPacketSec,domain,lesbureauxdelepargne.com,#ransomware,https://twitter.com/RedPacketSec/status/1544570172069101568
2022-07-06 06:36:59,ecarlesi,url,https://righttoeducation.online/haakte.zip,#phishing,https://twitter.com/ecarlesi/status/1544571089623334914
2022-07-06 06:42:24,ecarlesi,url,http://fredoom-biswap.xyz,#phishing,https://twitter.com/ecarlesi/status/1544572454319816704
2022-07-06 06:43:11,ecarlesi,url,https://kilid.store/20210429_d8a8d8b1db8cdaa9_34d6dc4d66abe0407714_20210429071628_archive.zip,#phishing,https://twitter.com/ecarlesi/status/1544572650571317248
2022-07-06 06:43:32,ecarlesi,url,http://saservicedesecurisation.com,#phishing,https://twitter.com/ecarlesi/status/1544572738995625984
2022-07-06 06:44:40,ecarlesi,url,https://booomeerrraazz.online/neww%20popp.zip,#phishing,https://twitter.com/ecarlesi/status/1544573026297061376
2022-07-06 06:46:52,ecarlesi,url,https://thfuncut.site,#phishing,https://twitter.com/ecarlesi/status/1544573576942067713
2022-07-06 06:47:55,JAMESWT_MHT,ip,198.187.30.47,#Lokibot,https://twitter.com/JAMESWT_MHT/status/1544573842282143746
2022-07-06 06:54:00,ecarlesi,url,https://mon-compteameli.com,#phishing,https://twitter.com/ecarlesi/status/1544575371756158976
2022-07-06 06:54:53,AP_Zenmashi,ip,107.173.156.5,#phishing,https://twitter.com/AP_Zenmashi/status/1544575594163478528
2022-07-06 06:54:53,AP_Zenmashi,url,https://lishu.info,#phishing,https://twitter.com/AP_Zenmashi/status/1544575594163478528
2022-07-06 06:55:31,AP_Zenmashi,url,https://www.eki-thomg.lishu.info,#phishing,https://twitter.com/AP_Zenmashi/status/1544575754540707841
2022-07-06 07:08:49,AP_Zenmashi,ip,104.21.40.186,#phishing,https://twitter.com/AP_Zenmashi/status/1544579102426165248
2022-07-06 07:08:49,AP_Zenmashi,url,https://hh99205.com,#phishing,https://twitter.com/AP_Zenmashi/status/1544579102426165248
2022-07-06 07:10:38,ecarlesi,domain,3secure.info,#phishing,https://twitter.com/ecarlesi/status/1544579558845960193
2022-07-06 07:10:38,ecarlesi,domain,wellsfargo.connects1bwells.live,#phishing,https://twitter.com/ecarlesi/status/1544579558845960193
2022-07-06 07:11:27,phishunt_io,url,https://otherside-portal.com,#scam,https://twitter.com/phishunt_io/status/1544579766816317442
2022-07-06 07:26:51,ScamiBot,ip,52.10.27.176,#phishing #scam,https://twitter.com/ScamiBot/status/1544583640713236482
2022-07-06 07:27:20,ecarlesi,url,http://azmoonlist.live/20210429_d8a8d8b1db8cdaa9_34d6dc4d66abe0407714_20210429071628_archive.zip,#phishing,https://twitter.com/ecarlesi/status/1544583761551130624
2022-07-06 07:31:19,Cryptolaemus1,url,https://cointrade.world/receipts/sa6fyjpecevqirf05/,,https://twitter.com/Cryptolaemus1/status/1544584763679260673
2022-07-06 07:31:19,Cryptolaemus1,url,http://chadhymas.com/wp-admin/zufqrj/,,https://twitter.com/Cryptolaemus1/status/1544584763679260673
2022-07-06 07:31:19,Cryptolaemus1,url,http://francite.net/images/xi7zs0x1ny/,,https://twitter.com/Cryptolaemus1/status/1544584763679260673
2022-07-06 07:32:51,ecarlesi,url,https://krakenprotocol.site/,#phishing,https://twitter.com/ecarlesi/status/1544585149890719745
2022-07-06 07:35:11,ecarlesi,url,https://kunkor.wtf/20210429_d8a8d8b1db8cdaa9_34d6dc4d66abe0407714_20210429071628_archive.zip,#phishing,https://twitter.com/ecarlesi/status/1544585737282224129
2022-07-06 07:35:55,BanChaos,url,http://cupsolution.com/voreglas/kmxpsvyai/,#Emotet,https://twitter.com/BanChaos/status/1544585922985213952
2022-07-06 07:49:44,AP_Zenmashi,url,https://my.ts3card.com,#phishing,https://twitter.com/AP_Zenmashi/status/1544589397135626240
2022-07-06 07:52:16,AP_Zenmashi,url,https://amazon.ingvasc.cn,#phishing,https://twitter.com/AP_Zenmashi/status/1544590036011585536
2022-07-06 07:58:36,ecarlesi,url,https://krakenprotocol.site/index.html,#phishing,https://twitter.com/ecarlesi/status/1544591630862548992
2022-07-06 07:58:40,ecarlesi,url,https://ameli-secuvit.com,#phishing,https://twitter.com/ecarlesi/status/1544591646557364224
2022-07-06 08:00:26,ecarlesi,url,http://deannathieme.com,#phishing,https://twitter.com/ecarlesi/status/1544592092655132673
2022-07-06 08:03:40,ecarlesi,url,https://ameli-vitale-formulaire.com,#phishing,https://twitter.com/ecarlesi/status/1544592904945106944
2022-07-06 08:05:08,BumbledBubble,url,https://usaa-2fa.com,#phishing,https://twitter.com/BumbledBubble/status/1544593276715532289
2022-07-06 08:10:26,ecarlesi,url,http://amzrxcvsz.com,#phishing,https://twitter.com/ecarlesi/status/1544594610101669888
2022-07-06 08:11:42,Cryptolaemus1,url,http://haircutbar.com/cgi-bin/spjt9okpmupjfkgqv/,,https://twitter.com/Cryptolaemus1/status/1544594929023799296
2022-07-06 08:11:42,Cryptolaemus1,url,http://gedebey-tvradio.info/wp-includes/nomdpyupdb/,,https://twitter.com/Cryptolaemus1/status/1544594929023799296
2022-07-06 08:19:45,ecarlesi,url,https://renouvinfo-ameli.com,#phishing,https://twitter.com/ecarlesi/status/1544596951911497728
2022-07-06 08:23:34,ecarlesi,url,http://rajgurumaa.com/system.zip,#phishing,https://twitter.com/ecarlesi/status/1544597914328211457
2022-07-06 08:23:38,ecarlesi,url,http://nbg-connect.com/dossier/id.zip,#phishing,https://twitter.com/ecarlesi/status/1544597929339588608
2022-07-06 08:28:00,ecarlesi,url,https://netfiixsupport-fr.com,#phishing,https://twitter.com/ecarlesi/status/1544599029060964354
2022-07-06 08:28:45,ecarlesi,url,https://netfiix-help.com,#phishing,https://twitter.com/ecarlesi/status/1544599220031733760
2022-07-06 08:28:47,ecarlesi,url,https://netflix-home-secure.com,#phishing,https://twitter.com/ecarlesi/status/1544599224662228993
2022-07-06 08:28:51,ecarlesi,url,http://dijitalgames.com/v4-epin-eticaret.zip,#phishing,https://twitter.com/ecarlesi/status/1544599244526452736
2022-07-06 08:28:53,ecarlesi,url,https://fix03.com,#phishing,https://twitter.com/ecarlesi/status/1544599250281054208
2022-07-06 08:29:04,ecarlesi,url,http://lotte6666.com,#phishing,https://twitter.com/ecarlesi/status/1544599297672548352
2022-07-06 08:29:07,ecarlesi,url,http://netfiix-ie.com,#phishing,https://twitter.com/ecarlesi/status/1544599312088326144
2022-07-06 08:29:09,ecarlesi,url,http://lotte3333.com,#phishing,https://twitter.com/ecarlesi/status/1544599318736388097
2022-07-06 08:29:09,ecarlesi,url,http://lotte66.com,#phishing,https://twitter.com/ecarlesi/status/1544599316601372672
2022-07-06 08:29:10,ecarlesi,url,http://lotte9999.com,#phishing,https://twitter.com/ecarlesi/status/1544599323958198275
2022-07-06 08:29:12,ecarlesi,url,http://lotte333.com,#phishing,https://twitter.com/ecarlesi/status/1544599331864547330
2022-07-06 08:29:12,ecarlesi,url,http://lotte8888.com,#phishing,https://twitter.com/ecarlesi/status/1544599331432501249
2022-07-06 08:29:12,ecarlesi,url,http://lotte666.com,#phishing,https://twitter.com/ecarlesi/status/1544599329620590594
2022-07-06 08:29:21,BanChaos,url,http://www.birebiregitim.net/wp-includes/f/,#Emotet,https://twitter.com/BanChaos/status/1544599371106652160
2022-07-06 08:29:44,ecarlesi,url,https://channamereya.com/wordpress-6.0.zip,#phishing,https://twitter.com/ecarlesi/status/1544599465444753408
2022-07-06 08:29:53,Cryptolaemus1,url,http://atici.net/c/mgec/,,https://twitter.com/Cryptolaemus1/status/1544599503281729536
2022-07-06 08:29:53,Cryptolaemus1,url,https://buffetmazzi.com.br/ckfinder/i/,,https://twitter.com/Cryptolaemus1/status/1544599503281729536
2022-07-06 08:29:53,Cryptolaemus1,url,https://atperson.com/campusvirtual/3aaaeskpaurf/,,https://twitter.com/Cryptolaemus1/status/1544599503281729536
2022-07-06 08:30:12,c9lab_soc,ip,103.73.161.143,#phishing #malware,https://twitter.com/c9lab_soc/status/1544599581459386368
2022-07-06 08:33:48,smica83,url,https://mallasycalcetasdebambu.com/secure/,#phishing,https://twitter.com/smica83/status/1544600489127550977
2022-07-06 08:33:48,smica83,url,https://erotikagf.com/xleet/mkb/mkbsslemail/retail/,#phishing,https://twitter.com/smica83/status/1544600489127550977
2022-07-06 08:34:24,ecarlesi,url,https://fixrdifr.com,#phishing,https://twitter.com/ecarlesi/status/1544600641129046016
2022-07-06 08:35:23,ecarlesi,url,http://farashahigold.com/wordpress-6.0-fa_ir.zip,#phishing,https://twitter.com/ecarlesi/status/1544600887938715655
2022-07-06 08:35:48,ecarlesi,url,http://moroccotraveldiscovery.com/wordpress-5.9.3.zip,#phishing,https://twitter.com/ecarlesi/status/1544600991378673664
2022-07-06 08:39:23,ecarlesi,url,https://my-optonline.com,#phishing,https://twitter.com/ecarlesi/status/1544601893728845825
2022-07-06 08:40:55,yvesago,url,https://wikichetor.ir/wp-bin/post.php,#phishing,https://twitter.com/yvesago/status/1544602278933536770
2022-07-06 08:41:02,romonlyht,ip,82.146.45.7,#phishing,https://twitter.com/romonlyht/status/1544602310705557505
2022-07-06 08:41:02,romonlyht,url,http://mptradings.com/vpass/id/,#phishing,https://twitter.com/romonlyht/status/1544602310705557505
2022-07-06 08:41:02,romonlyht,ip,145.14.151.9,#phishing,https://twitter.com/romonlyht/status/1544602310705557505
2022-07-06 08:41:02,romonlyht,ip,185.199.220.102,#phishing,https://twitter.com/romonlyht/status/1544602310705557505
2022-07-06 08:46:14,ecarlesi,url,https://new-review-check.com/,#phishing,https://twitter.com/ecarlesi/status/1544603616878682113
2022-07-06 08:47:45,AP_Zenmashi,url,https://cxvdnbfg.en0253.cn,#phishing,https://twitter.com/AP_Zenmashi/status/1544604001336848386
2022-07-06 08:56:33,ecarlesi,url,http://chapmantlx.com/error-log.txt,#phishing,https://twitter.com/ecarlesi/status/1544606212943220736
2022-07-06 08:57:28,ecarlesi,url,http://france-fustal.com/20220609_kommittedfilmscom_3f5c877012460f397301_20220609200043_archive.zip,#phishing,https://twitter.com/ecarlesi/status/1544606443940331524
2022-07-06 08:57:55,ecarlesi,url,http://antsok.com,#phishing,https://twitter.com/ecarlesi/status/1544606558843277320
2022-07-06 09:01:53,ecarlesi,url,http://wlcgrin.com,#phishing,https://twitter.com/ecarlesi/status/1544607554390614017
2022-07-06 09:06:38,ecarlesi,url,https://azrxwsvr.com,#phishing,https://twitter.com/ecarlesi/status/1544608751503777792
2022-07-06 09:11:37,AP_Zenmashi,url,https://aabcb-user.info,#phishing,https://twitter.com/AP_Zenmashi/status/1544610006993354752
2022-07-06 09:12:31,AP_Zenmashi,url,https://aabca-user.info,#phishing,https://twitter.com/AP_Zenmashi/status/1544610233221541889
2022-07-06 09:14:11,ecarlesi,url,http://azrxwsvrv.com,#phishing,https://twitter.com/ecarlesi/status/1544610650483204098
2022-07-06 09:15:00,ecarlesi,url,http://jnesidn.com,#phishing,https://twitter.com/ecarlesi/status/1544610857409290240
2022-07-06 09:18:36,ecarlesi,url,http://adfidhfsvdfw.com/account.txt,#phishing,https://twitter.com/ecarlesi/status/1544611763521343488
2022-07-06 09:24:38,ecarlesi,url,http://adfidhfsvdfw.com/square-rd971-new-detail-thank.zip,#phishing,https://twitter.com/ecarlesi/status/1544613282367287296
2022-07-06 09:26:07,AP_Zenmashi,ip,155.94.140.213,#phishing,https://twitter.com/AP_Zenmashi/status/1544613655903236096
2022-07-06 09:26:07,AP_Zenmashi,url,https://kljhfcxv.r44l84.cn,#phishing,https://twitter.com/AP_Zenmashi/status/1544613655903236096
2022-07-06 09:27:35,harugasumi,url,https://www.kvp-consulting.com/jp,#phishing,https://twitter.com/harugasumi/status/1544614022179622913
2022-07-06 09:30:21,DonPasci,url,http://chapmantlx.com/yh/yahoo.htm,#phishing,https://twitter.com/DonPasci/status/1544614721793441793
2022-07-06 09:31:22,ecarlesi,url,http://azxwsvrv.com,#phishing,https://twitter.com/ecarlesi/status/1544614974856855552
2022-07-06 09:35:20,ecarlesi,url,https://tilituki-spankki.com/pankki.zip,#phishing,https://twitter.com/ecarlesi/status/1544615976263622657
2022-07-06 09:37:10,PhishStats,ip,104.152.168.7,#phishing,https://twitter.com/PhishStats/status/1544616434961104896
2022-07-06 09:37:10,PhishStats,url,http://pancakeswapapp.com/,#phishing,https://twitter.com/PhishStats/status/1544616434961104896
2022-07-06 09:37:41,ecarlesi,url,http://metahmasks.com,#phishing,https://twitter.com/ecarlesi/status/1544616565731217411
2022-07-06 09:37:42,ecarlesi,url,https://metavimask.com,#phishing,https://twitter.com/ecarlesi/status/1544616571850657793
2022-07-06 09:38:10,phishunt_io,ip,20.91.209.22,#phishing #scam,https://twitter.com/phishunt_io/status/1544616689387577344
2022-07-06 09:38:10,phishunt_io,url,https://instagram.metahelper.org/,#phishing #scam,https://twitter.com/phishunt_io/status/1544616689387577344
2022-07-06 09:39:31,ecarlesi,url,https://neeiati.com,#phishing,https://twitter.com/ecarlesi/status/1544617025733001221
2022-07-06 09:39:46,ecarlesi,url,https://claimearned.com/nft-wallet/,#phishing,https://twitter.com/ecarlesi/status/1544617089389846529
2022-07-06 09:39:48,ecarlesi,url,http://canceladdon767.com/payee/,#phishing,https://twitter.com/ecarlesi/status/1544617097015267328
2022-07-06 09:40:59,ecarlesi,url,http://canceladdon767.com/payee/login.php,#phishing,https://twitter.com/ecarlesi/status/1544617394525667329
2022-07-06 09:44:13,ecarlesi,url,http://baodiwg.com,#phishing,https://twitter.com/ecarlesi/status/1544618208212226049
2022-07-06 09:45:14,ecarlesi,url,http://galleryhanin.com,#phishing,https://twitter.com/ecarlesi/status/1544618464991744000
2022-07-06 09:45:21,ecarlesi,url,https://metavemask.com,#phishing,https://twitter.com/ecarlesi/status/1544618496063053826
2022-07-06 09:46:09,ecarlesi,url,https://servidlckdown.com,#phishing,https://twitter.com/ecarlesi/status/1544618697213575169
2022-07-06 09:46:35,ecarlesi,url,http://adsrecoovery.com/mercardolivre.com.br/,#phishing,https://twitter.com/ecarlesi/status/1544618806425026560
2022-07-06 09:47:11,ecarlesi,url,https://aib-supportedlogin.com/,#phishing,https://twitter.com/ecarlesi/status/1544618955058417665
2022-07-06 09:48:13,ecarlesi,url,https://aib-supportedlogin.com/alert.php,#phishing,https://twitter.com/ecarlesi/status/1544619218519441408
2022-07-06 09:48:28,ecarlesi,url,http://plusplussocial.com,#phishing,https://twitter.com/ecarlesi/status/1544619279169064961
2022-07-06 09:54:53,ecarlesi,url,https://lstgram.com,#phishing,https://twitter.com/ecarlesi/status/1544620892340240384
2022-07-06 10:00:20,illegalFawn,url,https://marksspencershop.com,,https://twitter.com/illegalFawn/status/1544622263948951552
2022-07-06 10:02:52,ecarlesi,url,http://munqedman.com,#phishing,https://twitter.com/ecarlesi/status/1544622904167522304
2022-07-06 10:09:39,ecarlesi,url,https://helpsupport-amazon.com,#phishing,https://twitter.com/ecarlesi/status/1544624611136098304
2022-07-06 10:10:41,ecarlesi,url,http://formulir-perubahan-tarif.website/,#phishing,https://twitter.com/ecarlesi/status/1544624872214626306
2022-07-06 10:14:53,KesaGataMe0,url,https://smbc-card-jp.ea212n8ai.ga,#phishing,https://twitter.com/KesaGataMe0/status/1544625927640223744
2022-07-06 10:14:53,KesaGataMe0,ip,173.82.219.123,#phishing,https://twitter.com/KesaGataMe0/status/1544625927640223744
2022-07-06 10:16:45,ecarlesi,url,https://toponsai.monster/,#phishing,https://twitter.com/ecarlesi/status/1544626398689726464
2022-07-06 10:25:56,ecarlesi,url,https://dssonlinemarket.com/app%20%282%29.zip,#phishing,https://twitter.com/ecarlesi/status/1544628709189115904
2022-07-06 10:25:58,Certego_Intel,domain,s509040.smrtp.ru,#malware,https://twitter.com/Certego_Intel/status/1544628717011574784
2022-07-06 10:26:40,ecarlesi,url,https://cakieer.com,#phishing,https://twitter.com/ecarlesi/status/1544628894166384641
2022-07-06 10:29:08,ecarlesi,url,https://forourm.com,#phishing,https://twitter.com/ecarlesi/status/1544629513455370240
2022-07-06 10:29:08,ecarlesi,url,https://imenuios.com,#phishing,https://twitter.com/ecarlesi/status/1544629514004750336
2022-07-06 10:35:27,ecarlesi,url,http://ee-updateinfo.com,#phishing,https://twitter.com/ecarlesi/status/1544631101041303554
2022-07-06 10:35:48,hektor41011632,md5,d17ff09e33099c4e4f925ef0d67e1dc2,#Emotet,https://twitter.com/hektor41011632/status/1544631189713162242
2022-07-06 10:37:48,ecarlesi,url,http://azxwsvrxvz.com,#phishing,https://twitter.com/ecarlesi/status/1544631695256829954
2022-07-06 10:38:04,ecarlesi,url,http://azrxwsvr.com,#phishing,https://twitter.com/ecarlesi/status/1544631763166797825
2022-07-06 10:38:12,ecarlesi,url,http://azxwsvrxv.com,#phishing,https://twitter.com/ecarlesi/status/1544631795584569344
2022-07-06 10:38:22,ecarlesi,url,https://adsrecoovery.com/mercardolivre.com.br/,#phishing,https://twitter.com/ecarlesi/status/1544631838802591744
2022-07-06 10:39:21,ecarlesi,url,http://backblazes2.com/file/tatal%20%281%29.zip,#phishing,https://twitter.com/ecarlesi/status/1544632086656651264
2022-07-06 10:41:03,ecarlesi,url,http://bearsfunfacts.com/20220705_bearsfact_6e3cb92ca4ed1ddf6337_20220705152916_archive.zip,#phishing,https://twitter.com/ecarlesi/status/1544632513150304256
2022-07-06 10:42:22,AP_Zenmashi,url,https://www.eki.wangcaitongbao81.net,#phishing,https://twitter.com/AP_Zenmashi/status/1544632845636775937
2022-07-06 10:43:04,AP_Zenmashi,url,https://www.eki-infoste.wanan.fit,#phishing,https://twitter.com/AP_Zenmashi/status/1544633019495247872
2022-07-06 10:43:27,ecarlesi,url,https://globalqsolutions.com,#phishing,https://twitter.com/ecarlesi/status/1544633115385237504
2022-07-06 10:44:41,ecarlesi,url,https://securemtbupgrade.com/,#phishing,https://twitter.com/ecarlesi/status/1544633426963304450
2022-07-06 10:46:30,ecarlesi,url,http://unsualloginverif-accountjakals.com,#phishing,https://twitter.com/ecarlesi/status/1544633885224587265
2022-07-06 10:52:08,illegalFawn,url,https://idcheck-bawag.com,#phishing,https://twitter.com/illegalFawn/status/1544635301666213891
2022-07-06 10:56:14,ecarlesi,url,http://humorau.com,#phishing,https://twitter.com/ecarlesi/status/1544636331363557378
2022-07-06 10:57:27,ecarlesi,url,http://suficotrading.com/wordpress-6.0.zip,#phishing,https://twitter.com/ecarlesi/status/1544636641490378756
2022-07-06 11:00:16,ecarlesi,url,http://amzrxwsz.com,#phishing,https://twitter.com/ecarlesi/status/1544637350269026307
2022-07-06 11:01:07,ecarlesi,url,https://securre-m-tupgrade.com/,#phishing,https://twitter.com/ecarlesi/status/1544637564258291712
2022-07-06 11:01:25,ecarlesi,url,http://amzrxsz.com,#phishing,https://twitter.com/ecarlesi/status/1544637637197275141
2022-07-06 11:01:33,ecarlesi,url,http://amzrxszxw.com,#phishing,https://twitter.com/ecarlesi/status/1544637669908664321
2022-07-06 11:02:59,ecarlesi,url,http://americanosombesnz.com/secure.aprblemtoholldureaccntinewzealand/nz%20apple.zip,#phishing,https://twitter.com/ecarlesi/status/1544638031054905344
2022-07-06 11:04:10,ecarlesi,url,http://amzrxwvsz.com,#phishing,https://twitter.com/ecarlesi/status/1544638329177739266
2022-07-06 11:09:21,ecarlesi,url,https://review-365login.com/,#phishing,https://twitter.com/ecarlesi/status/1544639634701012994
2022-07-06 11:09:21,ecarlesi,url,https://haqeeqatnews.com/20220521_aishanews_21efc14e26bccc0f6572_20220521232523_archive.zip,#phishing,https://twitter.com/ecarlesi/status/1544639634667364352
2022-07-06 11:26:32,AP_Zenmashi,ip,35.186.245.55,#phishing,https://twitter.com/AP_Zenmashi/status/1544643957644460033
2022-07-06 11:26:32,AP_Zenmashi,url,https://zoom-join-854723.ml,#phishing,https://twitter.com/AP_Zenmashi/status/1544643957644460033
2022-07-06 11:28:10,ecarlesi,url,https://slopgreenbuddha.com/,#phishing,https://twitter.com/ecarlesi/status/1544644367922642956
2022-07-06 11:28:16,AP_Zenmashi,url,https://rakuten.la,#phishing,https://twitter.com/AP_Zenmashi/status/1544644393855963136
2022-07-06 11:28:16,AP_Zenmashi,ip,155.94.154.9,#phishing,https://twitter.com/AP_Zenmashi/status/1544644393855963136
2022-07-06 11:37:00,1ZRR4H,md5,e1529e1c4bdcf9f34af8faa73f756422,,https://twitter.com/1ZRR4H/status/1544646591704838145
2022-07-06 11:37:00,1ZRR4H,md5,248322abe291aa979c34ee5f9bd76e70,,https://twitter.com/1ZRR4H/status/1544646591704838145
2022-07-06 11:46:33,AP_Zenmashi,url,https://www.eki-tghome.shuizhichen.com,#phishing,https://twitter.com/AP_Zenmashi/status/1544648997091938310
2022-07-06 11:48:17,malwrhunterteam,sha256,a3ecdb28541f20ef16fa23f52d39f0fdd0dbd49d564fcc8a6a8145fd78e4ccbe,,https://twitter.com/malwrhunterteam/status/1544649431454285824
2022-07-06 12:09:08,illegalFawn,url,https://cursosrogerioantunes.com.br/online,#phishing,https://twitter.com/illegalFawn/status/1544654678604058627
2022-07-06 12:10:45,ecarlesi,url,https://erstebanking.com,#phishing,https://twitter.com/ecarlesi/status/1544655084528848900
2022-07-06 12:18:27,AP_Zenmashi,ip,69.25.112.91,#phishing,https://twitter.com/AP_Zenmashi/status/1544657025929740292
2022-07-06 12:19:21,AP_Zenmashi,url,https://amazon.bricmx.top,#phishing,https://twitter.com/AP_Zenmashi/status/1544657252220407810
2022-07-06 12:20:01,AP_Zenmashi,ip,155.94.169.178,#phishing,https://twitter.com/AP_Zenmashi/status/1544657417077923841
2022-07-06 12:20:01,AP_Zenmashi,url,https://kjghy.wmzgaux.cn,#phishing,https://twitter.com/AP_Zenmashi/status/1544657417077923841
2022-07-06 12:27:43,ecarlesi,url,https://upusus.life/,#phishing,https://twitter.com/ecarlesi/status/1544659357425549316
2022-07-06 12:29:02,ecarlesi,url,http://rantmore.com,#phishing,https://twitter.com/ecarlesi/status/1544659689169985536
2022-07-06 12:34:38,drb_ra,ip,198.52.123.226,#CobaltStrike,https://twitter.com/drb_ra/status/1544661095226478592
2022-07-06 12:35:34,drb_ra,ip,195.58.49.68,#CobaltStrike,https://twitter.com/drb_ra/status/1544661330560434177
2022-07-06 12:35:51,drb_ra,ip,180.178.36.50,#CobaltStrike,https://twitter.com/drb_ra/status/1544661403839201282
2022-07-06 12:35:51,drb_ra,ip,180.178.36.51,#CobaltStrike,https://twitter.com/drb_ra/status/1544661403839201282
2022-07-06 12:36:34,TeamDreier,url,https://nempost.net,#phishing,https://twitter.com/TeamDreier/status/1544661583481241602
2022-07-06 12:37:14,drb_ra,ip,180.178.36.52,#CobaltStrike,https://twitter.com/drb_ra/status/1544661752427823107
2022-07-06 12:37:52,drb_ra,ip,155.94.135.171,#CobaltStrike,https://twitter.com/drb_ra/status/1544661910095904770
2022-07-06 12:40:12,ecarlesi,url,https://ngoentoryod.com,#phishing,https://twitter.com/ecarlesi/status/1544662495729750016
2022-07-06 12:40:51,drb_ra,ip,47.92.97.171,#CobaltStrike,https://twitter.com/drb_ra/status/1544662659215368194
2022-07-06 12:41:05,drb_ra,ip,144.34.191.182,#CobaltStrike,https://twitter.com/drb_ra/status/1544662720494141443
2022-07-06 12:47:57,CardanoPhishing,ip,31.31.198.27,#phishing #scam,https://twitter.com/CardanoPhishing/status/1544664447632941058
2022-07-06 12:47:57,CardanoPhishing,domain,gainada.org,#phishing #scam,https://twitter.com/CardanoPhishing/status/1544664447632941058
2022-07-06 12:48:26,AP_Zenmashi,ip,107.6.255.103,#phishing,https://twitter.com/AP_Zenmashi/status/1544664570383724548
2022-07-06 12:48:26,AP_Zenmashi,url,https://www.api.saisoncard.co.jp.nftkintsugi.com,#phishing,https://twitter.com/AP_Zenmashi/status/1544664570383724548
2022-07-06 12:49:29,AP_Zenmashi,url,https://iujapeansuer.cc,#phishing,https://twitter.com/AP_Zenmashi/status/1544664835220447233
2022-07-06 12:57:50,ecarlesi,url,https://metahmask.pro,#phishing,https://twitter.com/ecarlesi/status/1544666935928954881
2022-07-06 12:58:47,ecarlesi,url,https://catoutlet.xyz,#phishing,https://twitter.com/ecarlesi/status/1544667174144557056
2022-07-06 13:00:02,TheDFIRReport,ip,185.62.56.137,#CobaltStrike #IcedID,https://twitter.com/TheDFIRReport/status/1544667489774313478
2022-07-06 13:00:02,TheDFIRReport,ip,91.238.50.94,#CobaltStrike #IcedID,https://twitter.com/TheDFIRReport/status/1544667489774313478
2022-07-06 13:00:02,TheDFIRReport,ip,202.182.99.31,#CobaltStrike #IcedID,https://twitter.com/TheDFIRReport/status/1544667489774313478
2022-07-06 13:00:02,TheDFIRReport,ip,198.167.136.100,#CobaltStrike #IcedID,https://twitter.com/TheDFIRReport/status/1544667489774313478
2022-07-06 13:00:02,TheDFIRReport,ip,47.98.157.247,#CobaltStrike #IcedID,https://twitter.com/TheDFIRReport/status/1544667489774313478
2022-07-06 13:00:02,TheDFIRReport,ip,68.183.252.141,#CobaltStrike #IcedID,https://twitter.com/TheDFIRReport/status/1544667489774313478
2022-07-06 13:00:02,TheDFIRReport,ip,104.131.35.176,#CobaltStrike #IcedID,https://twitter.com/TheDFIRReport/status/1544667489774313478
2022-07-06 13:01:14,ecarlesi,url,http://xn--denizbayramzell-jtb.com/,#phishing,https://twitter.com/ecarlesi/status/1544667791755776004
2022-07-06 13:02:19,ecarlesi,url,https://acikdenizv2.denizbank.com/,#phishing,https://twitter.com/ecarlesi/status/1544668065182502914
2022-07-06 13:05:47,ecarlesi,url,https://collectiblesnew.xyz,#phishing,https://twitter.com/ecarlesi/status/1544668936293187591
2022-07-06 13:19:26,malwrhunterteam,url,https://securedprivateonlinedrive.weebly.com/,,https://twitter.com/malwrhunterteam/status/1544672370463576066
2022-07-06 13:22:05,joshjaggard,url,https://burakgmbh.com/newhttps://mailupdatefresh/mail.php.,#phishing,https://twitter.com/joshjaggard/status/1544673037810810881
2022-07-06 13:26:21,ScamiBot,ip,107.150.171.254,#phishing #scam,https://twitter.com/ScamiBot/status/1544674110126571520
2022-07-06 13:28:58,James_inthe_box,ip,192.227.168.194,,https://twitter.com/James_inthe_box/status/1544674770796437505
2022-07-06 13:44:36,Jirehlov,url,https://sin1.contabostorage.com/8228849c45e24bdcbe1be0130ad33d92:down/tsetupx64.zip,,https://twitter.com/Jirehlov/status/1544678703564726276
2022-07-06 13:44:36,Jirehlov,md5,7637cfa825e8436e97ee83263bc7fbf7,,https://twitter.com/Jirehlov/status/1544678703564726276
2022-07-06 13:44:36,Jirehlov,md5,8228849c45e24bdcbe1be0130ad33d92,,https://twitter.com/Jirehlov/status/1544678703564726276
2022-07-06 13:44:58,illegalFawn,url,https://burakgmbh.com/new/mailupdatefresh,#phishing,https://twitter.com/illegalFawn/status/1544678795487092741
2022-07-06 13:44:58,illegalFawn,url,https://burakgmbh.com/new,#phishing,https://twitter.com/illegalFawn/status/1544678795487092741
2022-07-06 13:52:35,drb_ra,ip,146.70.24.167,#CobaltStrike,https://twitter.com/drb_ra/status/1544680712321777664
2022-07-06 13:53:53,ecarlesi,url,http://tyc3672.com,#phishing,https://twitter.com/ecarlesi/status/1544681039381073920
2022-07-06 13:54:10,DonPasci,url,https://www.lt-ute.com/mps/,#phishing,https://twitter.com/DonPasci/status/1544681109740462080
2022-07-06 14:05:27,malwrhunterteam,sha256,44065d7e6dbac3cbfb9fd4e006f8e84ee44cecbe2acd58948a9a1f65d653b778,,https://twitter.com/malwrhunterteam/status/1544683951377244163
2022-07-06 14:11:40,ecarlesi,url,http://altura.click,#phishing,https://twitter.com/ecarlesi/status/1544685517207441408
2022-07-06 14:13:58,malwrhunterteam,sha256,085f9bfbb1ff54afe4a562824470aeff4d69b1ce3eeeedd4dbef537d2015f627,,https://twitter.com/malwrhunterteam/status/1544686093651611648
2022-07-06 14:13:58,malwrhunterteam,sha256,dca2389566a08ef43656919676749695d5838bbb1dd4cbf2e38d1ff2a9911546,,https://twitter.com/malwrhunterteam/status/1544686093651611648
2022-07-06 14:16:09,malwrhunterteam,url,https://tmeew.com/assets/carousel/files/lve_cum_posting_(army_pers)/jspxtoolkit,,https://twitter.com/malwrhunterteam/status/1544686644883849217
2022-07-06 14:17:13,ecarlesi,url,http://boursorama-banque-assistance.com,#phishing,https://twitter.com/ecarlesi/status/1544686913017286663
2022-07-06 14:17:46,ecarlesi,url,http://garddesign.store,#phishing,https://twitter.com/ecarlesi/status/1544687051664154624
2022-07-06 14:23:06,ecarlesi,url,http://aumentandooamarelinho.com/mobile.rar,#phishing,https://twitter.com/ecarlesi/status/1544688393212264449
2022-07-06 14:23:18,malwrhunterteam,sha256,b9d958bdc2ce406d4fae5e73d19e9b3f5222a61e3fe3655ed36bb6ab83e145e7,,https://twitter.com/malwrhunterteam/status/1544688445154594819
2022-07-06 14:23:18,malwrhunterteam,url,https://gojourneys.com/service.hta,,https://twitter.com/malwrhunterteam/status/1544688445154594819
2022-07-06 14:27:07,malwrhunterteam,sha256,496fe0151a650150fda6c3b77c8fafff29abfe58c055936f853b0a432d2dde93,,https://twitter.com/malwrhunterteam/status/1544689405566373888
2022-07-06 14:27:07,malwrhunterteam,url,http://a0693131.xsph.ru/precious/segment.xml,,https://twitter.com/malwrhunterteam/status/1544689405566373888
2022-07-06 14:27:07,malwrhunterteam,sha256,b90e6e7238c56d80b0b99f154ddfa7d6aa6357523bcf5c21da5eb553501968c7,,https://twitter.com/malwrhunterteam/status/1544689405566373888
2022-07-06 14:31:43,ecarlesi,url,https://azrxwsvrv.com,#phishing,https://twitter.com/ecarlesi/status/1544690560161685512
2022-07-06 14:35:00,malwrhunterteam,url,http://64.190.113.166/111.ps1,,https://twitter.com/malwrhunterteam/status/1544691386011815936
2022-07-06 14:35:00,malwrhunterteam,ip,64.190.113.166,,https://twitter.com/malwrhunterteam/status/1544691386011815936
2022-07-06 14:38:33,v4ensics,url,https://2389uuth9eh0d9335.blogspot.com/,#phishing,https://twitter.com/v4ensics/status/1544692280262533120
2022-07-06 14:38:33,v4ensics,url,https://secure.alpha-139sba.eu,#phishing,https://twitter.com/v4ensics/status/1544692280262533120
2022-07-06 14:43:57,malwrhunterteam,ip,185.102.170.121,,https://twitter.com/malwrhunterteam/status/1544693640563494912
2022-07-06 14:43:57,malwrhunterteam,sha256,72fee599e7f4b48c47e3b29df09ad9d8c4ba33022b40bd233ea8c374a4c23caf,,https://twitter.com/malwrhunterteam/status/1544693640563494912
2022-07-06 14:49:58,malwrhunterteam,ip,5.0.69.0,,https://twitter.com/malwrhunterteam/status/1544695152995860485
2022-07-06 14:49:58,malwrhunterteam,sha256,ab591b15f0b416596bae99c167e3b683af600b3a75097153d359d80302937282,,https://twitter.com/malwrhunterteam/status/1544695152995860485
2022-07-06 14:49:58,malwrhunterteam,domain,service-0wqpel54-1306266622.gz.apigw.tencentcs.com,,https://twitter.com/malwrhunterteam/status/1544695152995860485
2022-07-06 14:50:28,ecarlesi,url,http://ameli-vitale-formulaire.com,#phishing,https://twitter.com/ecarlesi/status/1544695278187446273
2022-07-06 14:51:02,KesaGataMe0,url,https://smbc.ujfu.cn,#phishing,https://twitter.com/KesaGataMe0/status/1544695421427417089
2022-07-06 14:51:02,KesaGataMe0,ip,209.141.33.90,#phishing,https://twitter.com/KesaGataMe0/status/1544695421427417089
2022-07-06 14:53:43,KesaGataMe0,url,https://ghfdc.kobnysz.cn,#phishing,https://twitter.com/KesaGataMe0/status/1544696096945246208
2022-07-06 14:53:43,KesaGataMe0,url,https://gfdcx.zbtsjxy.cn,#phishing,https://twitter.com/KesaGataMe0/status/1544696096945246208
2022-07-06 14:53:43,KesaGataMe0,url,https://hfdcv.htclxwe.cn,#phishing,https://twitter.com/KesaGataMe0/status/1544696096945246208
2022-07-06 14:53:43,KesaGataMe0,url,https://gcxdbg.zwkitan.cn,#phishing,https://twitter.com/KesaGataMe0/status/1544696096945246208
2022-07-06 14:53:43,KesaGataMe0,url,https://ghfdv.zkgqtqs.cn,#phishing,https://twitter.com/KesaGataMe0/status/1544696096945246208
2022-07-06 14:53:43,KesaGataMe0,url,https://ghnbv.iuxggmw.cn,#phishing,https://twitter.com/KesaGataMe0/status/1544696096945246208
2022-07-06 14:53:43,KesaGataMe0,url,https://hdcxd.zetbzoo.cn,#phishing,https://twitter.com/KesaGataMe0/status/1544696096945246208
2022-07-06 14:57:55,malwrhunterteam,sha256,061cee68c173b05135156ccf4f2905f495aad4c180eb5df59bc2d98ec233e17a,,https://twitter.com/malwrhunterteam/status/1544697156870852608
2022-07-06 14:57:55,malwrhunterteam,domain,shreddedpork.nucleicacid.workers.dev,,https://twitter.com/malwrhunterteam/status/1544697156870852608
2022-07-06 14:58:52,ecarlesi,url,http://ameli-secuvit.com,#phishing,https://twitter.com/ecarlesi/status/1544697395962937345
2022-07-06 14:59:41,KesaGataMe0,url,https://fdcbf.wodaipb.cn,#phishing,https://twitter.com/KesaGataMe0/status/1544697601525948416
2022-07-06 14:59:41,KesaGataMe0,url,https://asfzxc.pscmnpg.cn,#phishing,https://twitter.com/KesaGataMe0/status/1544697601525948416
2022-07-06 14:59:41,KesaGataMe0,url,https://fdscx.ukfjfah.cn,#phishing,https://twitter.com/KesaGataMe0/status/1544697601525948416
2022-07-06 14:59:41,KesaGataMe0,ip,155.94.201.42,#phishing,https://twitter.com/KesaGataMe0/status/1544697601525948416
2022-07-06 14:59:41,KesaGataMe0,url,https://fgrscv.ocdlezv.cn,#phishing,https://twitter.com/KesaGataMe0/status/1544697601525948416
2022-07-06 14:59:41,KesaGataMe0,url,https://dsvfdx.abfvpbv.cn,#phishing,https://twitter.com/KesaGataMe0/status/1544697601525948416
2022-07-06 14:59:41,KesaGataMe0,url,https://dsazxc.cygayvn.cn,#phishing,https://twitter.com/KesaGataMe0/status/1544697601525948416
2022-07-06 14:59:41,KesaGataMe0,url,https://fgdscx.bdqnsgn.cn,#phishing,https://twitter.com/KesaGataMe0/status/1544697601525948416
2022-07-06 15:04:11,KesaGataMe0,url,https://jr-ekudi.3utilities.com,#phishing,https://twitter.com/KesaGataMe0/status/1544698730116710403
2022-07-06 15:04:11,KesaGataMe0,url,https://jr-ekjjid.3utilities.com,#phishing,https://twitter.com/KesaGataMe0/status/1544698730116710403
2022-07-06 15:04:11,KesaGataMe0,ip,34.125.43.34,#phishing,https://twitter.com/KesaGataMe0/status/1544698730116710403
2022-07-06 15:06:19,malwrhunterteam,domain,updatemlcrosoft.com,,https://twitter.com/malwrhunterteam/status/1544699267222306818
2022-07-06 15:06:19,malwrhunterteam,sha256,f69396fc6ed2132d71f367d5d80c41e446fda923662c9be03c70a2ca63f46944,,https://twitter.com/malwrhunterteam/status/1544699267222306818
2022-07-06 15:06:22,KesaGataMe0,url,https://pocket.tyyhuji.info/netservice/login,#phishing,https://twitter.com/KesaGataMe0/status/1544699279495036929
2022-07-06 15:09:34,KesaGataMe0,url,https://fedsxc.dtsajnw.cn,#phishing,https://twitter.com/KesaGataMe0/status/1544700088341401601
2022-07-06 15:09:34,KesaGataMe0,url,https://fadscx.yybsqig.cn,#phishing,https://twitter.com/KesaGataMe0/status/1544700088341401601
2022-07-06 15:09:34,KesaGataMe0,ip,155.94.151.70,#phishing,https://twitter.com/KesaGataMe0/status/1544700088341401601
2022-07-06 15:09:34,KesaGataMe0,url,https://askjr.ekwolfx.cn,#phishing,https://twitter.com/KesaGataMe0/status/1544700088341401601
2022-07-06 15:09:34,KesaGataMe0,url,https://efcvs.clbcevf.cn,#phishing,https://twitter.com/KesaGataMe0/status/1544700088341401601
2022-07-06 15:09:34,KesaGataMe0,url,https://desacx.vfyvtfu.cn,#phishing,https://twitter.com/KesaGataMe0/status/1544700088341401601
2022-07-06 15:09:34,KesaGataMe0,url,https://ewfgv.ywcdwel.cn,#phishing,https://twitter.com/KesaGataMe0/status/1544700088341401601
2022-07-06 15:09:34,KesaGataMe0,url,https://dfgvs.eesxmgr.cn,#phishing,https://twitter.com/KesaGataMe0/status/1544700088341401601
2022-07-06 15:10:15,ecarlesi,url,http://cartevitale-information.com,#phishing,https://twitter.com/ecarlesi/status/1544700257312940034
2022-07-06 15:27:05,ecarlesi,url,https://magaxonline.com,#phishing,https://twitter.com/ecarlesi/status/1544704495682215937
2022-07-06 15:28:43,DMS96889058,domain,ofertassoriana.com,#phishing #scam,https://twitter.com/DMS96889058/status/1544704907877425153
2022-07-06 15:29:21,ecarlesi,url,http://missed.help/parcel/postoffice/,#phishing,https://twitter.com/ecarlesi/status/1544705065868476418
2022-07-06 15:29:31,ecarlesi,url,https://missed.help/parcel/postoffice/,#phishing,https://twitter.com/ecarlesi/status/1544705106058575872
2022-07-06 15:39:16,PhishStats,url,http://www.mint-sketchyapebookclub.com/,#phishing,https://twitter.com/PhishStats/status/1544707562695704576
2022-07-06 15:39:16,PhishStats,ip,185.112.145.212,#phishing,https://twitter.com/PhishStats/status/1544707562695704576
2022-07-06 15:48:50,ecarlesi,url,https://aodhasiodfhdsifgisdfhksdjfnsdfhiaugdioasdasdasfdd.com,#phishing,https://twitter.com/ecarlesi/status/1544709970079391746
2022-07-06 15:51:45,AP_Zenmashi,url,https://kaajflp.tk,#phishing,https://twitter.com/AP_Zenmashi/status/1544710704543870978
2022-07-06 15:51:45,AP_Zenmashi,ip,172.67.223.134,#phishing,https://twitter.com/AP_Zenmashi/status/1544710704543870978
2022-07-06 15:53:22,AP_Zenmashi,ip,172.245.129.76,#phishing,https://twitter.com/AP_Zenmashi/status/1544711108942245889
2022-07-06 15:53:22,AP_Zenmashi,url,https://www.eki-net.foteko-houmte.info,#phishing,https://twitter.com/AP_Zenmashi/status/1544711108942245889
2022-07-06 15:54:06,AP_Zenmashi,url,https://foteko-houmte.info,#phishing,https://twitter.com/AP_Zenmashi/status/1544711293315457024
2022-07-06 15:55:19,ecarlesi,url,http://hadnasports.com/hadnasports.zip,#phishing,https://twitter.com/ecarlesi/status/1544711601273671682
2022-07-06 15:57:56,ecarlesi,url,http://narinpack.com/woodmart_254768de68f19f9f3972_20220624042236_archive.zip,#phishing,https://twitter.com/ecarlesi/status/1544712259615789057
2022-07-06 15:58:37,idclickthat,url,https://gossetlacep.com,,https://twitter.com/idclickthat/status/1544712432240697344
2022-07-06 16:00:45,ecarlesi,url,http://archconsults.com,#phishing,https://twitter.com/ecarlesi/status/1544712968516034560
2022-07-06 16:05:02,ecarlesi,url,https://hujamboguides.org/20220705_bestwritingtech_fb133cbc59b402f44411_20220706131445_archive.zip,#phishing,https://twitter.com/ecarlesi/status/1544714045118447616
2022-07-06 16:09:50,ecarlesi,url,https://secureiccu.com/idaho%20central%20acc%20no%20cu%5bmrweebee%5d.zip,#phishing,https://twitter.com/ecarlesi/status/1544715252306251777
2022-07-06 16:18:37,ecarlesi,url,https://glsdepartemnt.com,#phishing,https://twitter.com/ecarlesi/status/1544717464830877701
2022-07-06 16:24:05,ecarlesi,url,https://mobile-accessed-logon.com/,#phishing,https://twitter.com/ecarlesi/status/1544718839182774274
2022-07-06 16:24:48,ecarlesi,url,http://shopscorssock.com/akuapple.zip,#phishing,https://twitter.com/ecarlesi/status/1544719018162094080
2022-07-06 16:27:17,ecarlesi,url,https://mobile-accessed-logon.com/login.php,#phishing,https://twitter.com/ecarlesi/status/1544719643935383555
2022-07-06 16:32:16,ecarlesi,url,https://bahutpyarkartehain.com/wordpress-6.0.zip,#phishing,https://twitter.com/ecarlesi/status/1544720899756199951
2022-07-06 16:34:31,ecarlesi,url,https://poehalo.com,#phishing,https://twitter.com/ecarlesi/status/1544721463193833478
2022-07-06 16:36:05,drb_ra,ip,194.233.162.166,#CobaltStrike,https://twitter.com/drb_ra/status/1544721858913878021
2022-07-06 16:37:24,ecarlesi,url,http://eomasminsva.com/account.txt,#phishing,https://twitter.com/ecarlesi/status/1544722189521506305
2022-07-06 16:39:26,idclickthat,url,https://uspsservies.com/verification,,https://twitter.com/idclickthat/status/1544722702434541571
2022-07-06 16:39:26,idclickthat,url,https://uspsupdate.org,,https://twitter.com/idclickthat/status/1544722702434541571
2022-07-06 16:49:28,Cryptolaemus1,url,https://aysbody.com/catalog/oax5/,,https://twitter.com/Cryptolaemus1/status/1544725228286541824
2022-07-06 16:49:28,Cryptolaemus1,url,https://yoymanajemen.id/wp-content/khxbxim5/,,https://twitter.com/Cryptolaemus1/status/1544725228286541824
2022-07-06 16:49:28,Cryptolaemus1,url,https://dawtona.dev.goldensystem.pl/wp-admin/ex05554xhkk3ee2cq/,,https://twitter.com/Cryptolaemus1/status/1544725229544517632
2022-07-06 16:49:28,Cryptolaemus1,url,http://www.garantihaliyikama.com/wp-admin/qvvdniasgj/,,https://twitter.com/Cryptolaemus1/status/1544725228286541824
2022-07-06 16:59:18,ecarlesi,url,https://zitotest.com/20210429_d8a8d8b1db8cdaa9_34d6dc4d66abe0407714_20210429071628_archive.zip,#phishing,https://twitter.com/ecarlesi/status/1544727701147246593
2022-07-06 17:02:00,ecarlesi,url,http://eomasminsva.com/square-rd971-new-detail-thank.zip,#phishing,https://twitter.com/ecarlesi/status/1544728380054044673
2022-07-06 17:07:42,ecarlesi,url,https://facturation-france.com,#phishing,https://twitter.com/ecarlesi/status/1544729816968364032
2022-07-06 17:10:02,dnstwist,domain,dropbox.cf,#phishing,https://twitter.com/dnstwist/status/1544730404179132416
2022-07-06 17:10:02,dnstwist,domain,loginroblox.com,#phishing,https://twitter.com/dnstwist/status/1544730403071791104
2022-07-06 17:13:47,ecarlesi,url,https://nexl-my.com/,#phishing,https://twitter.com/ecarlesi/status/1544731345401745408
2022-07-06 17:17:50,ecarlesi,url,https://dsomsosisvdqr.com/square-rd971-new-detail-thank.zip,#phishing,https://twitter.com/ecarlesi/status/1544732365918019584
2022-07-06 17:20:02,dnstwist,domain,mffice.com,#phishing,https://twitter.com/dnstwist/status/1544732918282600448
2022-07-06 17:20:02,dnstwist,domain,facebaok.com,#phishing,https://twitter.com/dnstwist/status/1544732919377305604
2022-07-06 17:23:11,ecarlesi,url,http://lstgram.com,#phishing,https://twitter.com/ecarlesi/status/1544733714286088192
2022-07-06 17:45:41,ecarlesi,url,http://validatedconnect.com/,#phishing,https://twitter.com/ecarlesi/status/1544739373958283265
2022-07-06 17:46:52,ecarlesi,url,https://validatedconnect.com/,#phishing,https://twitter.com/ecarlesi/status/1544739670755577858
2022-07-06 17:47:10,ecarlesi,url,https://validatedconnect.com/index.html,#phishing,https://twitter.com/ecarlesi/status/1544739749121884160
2022-07-06 17:48:54,ecarlesi,url,https://pet-supply.xyz,#phishing,https://twitter.com/ecarlesi/status/1544740185937682432
2022-07-06 17:55:45,ecarlesi,url,https://greaopent.com,#phishing,https://twitter.com/ecarlesi/status/1544741908454449152
2022-07-06 18:00:02,silentpush_labs,domain,chunjo.net,#phishing,https://twitter.com/silentpush_labs/status/1544742985413320707
2022-07-06 18:00:02,silentpush_labs,ip,202.68.238.241,#phishing,https://twitter.com/silentpush_labs/status/1544742985413320707
2022-07-06 18:01:45,MBThreatIntel,domain,javascriptmagneto.net,,https://twitter.com/MBThreatIntel/status/1544743417745289216
2022-07-06 18:01:45,MBThreatIntel,domain,pluginmagento.com,,https://twitter.com/MBThreatIntel/status/1544743417745289216
2022-07-06 18:01:45,MBThreatIntel,domain,jsconfigur.org,,https://twitter.com/MBThreatIntel/status/1544743417745289216
2022-07-06 18:01:45,MBThreatIntel,domain,pluginmagento.net,,https://twitter.com/MBThreatIntel/status/1544743417745289216
2022-07-06 18:01:45,MBThreatIntel,domain,magentoconnectors.com,,https://twitter.com/MBThreatIntel/status/1544743417745289216
2022-07-06 18:01:45,MBThreatIntel,domain,collectingstatistics.net,,https://twitter.com/MBThreatIntel/status/1544743417745289216
2022-07-06 18:02:20,silentpush,domain,olpen-sea.com,#phishing,https://twitter.com/silentpush/status/1544743564315353089
2022-07-06 18:04:47,ecarlesi,url,http://securre-m-tupgrade.com/,#phishing,https://twitter.com/ecarlesi/status/1544744181347897344
2022-07-06 18:13:29,ecarlesi,url,https://caisse-pass-client.com,#phishing,https://twitter.com/ecarlesi/status/1544746369503698946
2022-07-06 18:16:39,k3dg3,url,http://comradespoon.com/1.dll,#IcedID,https://twitter.com/k3dg3/status/1544747167751065601
2022-07-06 18:16:39,k3dg3,url,http://comradespoon.com/5h.hta,#IcedID,https://twitter.com/k3dg3/status/1544747167751065601
2022-07-06 18:20:38,malwrhunterteam,sha256,cf1d2f643a4df2dfb93563a551d6d3d13827759d63ee36dae85284e55393c080,,https://twitter.com/malwrhunterteam/status/1544748172362260482
2022-07-06 18:22:02,ecarlesi,url,https://ee-updateinfo.com,#phishing,https://twitter.com/ecarlesi/status/1544748522624499713
2022-07-06 18:37:34,PhishStats,url,http://viefrayq.hyperphp.com/,#phishing,https://twitter.com/PhishStats/status/1544752432932360192
2022-07-06 18:37:34,PhishStats,ip,185.27.134.116,#phishing,https://twitter.com/PhishStats/status/1544752432932360192
2022-07-06 18:40:16,drb_ra,ip,210.16.100.2,#CobaltStrike,https://twitter.com/drb_ra/status/1544753112488951808
2022-07-06 18:42:36,m4d0u1,url,https://github.com/miklans/filmora_11_crack/blob/main/filmora_11_crack.zip,#RedLine,https://twitter.com/m4d0u1/status/1544753699725221888
2022-07-06 18:42:36,m4d0u1,ip,23.216.147.76,#RedLine,https://twitter.com/m4d0u1/status/1544753699725221888
2022-07-06 18:42:36,m4d0u1,ip,65.108.54.252,#RedLine,https://twitter.com/m4d0u1/status/1544753699725221888
2022-07-06 18:42:36,m4d0u1,ip,20.99.132.105,#RedLine,https://twitter.com/m4d0u1/status/1544753699725221888
2022-07-06 18:53:00,500mk500,domain,aldatepools.com,#IcedID,https://twitter.com/500mk500/status/1544756314315915267
2022-07-06 18:53:00,500mk500,domain,comradespoon.com,#IcedID,https://twitter.com/500mk500/status/1544756314315915267
2022-07-06 18:53:00,500mk500,domain,vneastruzz.com,#IcedID,https://twitter.com/500mk500/status/1544756314315915267
2022-07-06 18:53:00,500mk500,domain,greenfairsaid.com,#IcedID,https://twitter.com/500mk500/status/1544756314315915267
2022-07-06 18:54:23,drb_ra,ip,139.60.161.83,#CobaltStrike,https://twitter.com/drb_ra/status/1544756664716275713
2022-07-06 19:21:25,ecarlesi,url,https://espaceclient-proximus.com,#phishing,https://twitter.com/ecarlesi/status/1544763466497531906
2022-07-06 19:26:23,ecarlesi,url,https://severespon.monster/,#phishing,https://twitter.com/ecarlesi/status/1544764718413398019
2022-07-06 19:27:03,ScamiBot,ip,45.91.82.110,#phishing #scam,https://twitter.com/ScamiBot/status/1544764885875101696
2022-07-06 19:28:09,BanChaos,url,http://dazzlecollections.co.za/thdxphbk3ywa/htollw1ams3x/,#Emotet,https://twitter.com/BanChaos/status/1544765162199977984
2022-07-06 19:28:09,BanChaos,url,http://k-s-j.jp/contact/r3a9kem/,#Emotet,https://twitter.com/BanChaos/status/1544765162199977984
2022-07-06 19:28:09,BanChaos,url,http://www.daxberger.at/stats/nfxcfpkihjzqevlmn2ul/,#Emotet,https://twitter.com/BanChaos/status/1544765162199977984
2022-07-06 19:31:09,Cryptolaemus1,url,http://kentandcowines.com.au/wp-content/nkz1fru9y5i/l/,,https://twitter.com/Cryptolaemus1/status/1544765916373626881
2022-07-06 19:44:14,ecarlesi,url,http://renouvellement-ameli-sante.com,#phishing,https://twitter.com/ecarlesi/status/1544769208243965952
2022-07-06 19:45:01,drb_ra,ip,146.70.121.110,#CobaltStrike,https://twitter.com/drb_ra/status/1544769408161271810
2022-07-06 19:45:21,drb_ra,ip,15.207.188.49,#CobaltStrike,https://twitter.com/drb_ra/status/1544769491116195846
2022-07-06 19:46:35,ecarlesi,url,http://discountstoys.xyz,#phishing,https://twitter.com/ecarlesi/status/1544769799007379465
2022-07-06 19:47:06,drb_ra,ip,82.157.7.144,#CobaltStrike,https://twitter.com/drb_ra/status/1544769932059152387
2022-07-06 19:47:34,drb_ra,ip,1.12.235.247,#CobaltStrike,https://twitter.com/drb_ra/status/1544770046857281537
2022-07-06 19:49:40,drb_ra,ip,121.5.116.190,#CobaltStrike,https://twitter.com/drb_ra/status/1544770575310241796
2022-07-06 20:00:09,Gi7w0rm,md5,6fd23a50e2966fd731987ab43a73daa9,,https://twitter.com/Gi7w0rm/status/1544773215641378817
2022-07-06 20:00:09,Gi7w0rm,url,http://accesspoint-cnt-ce201486.cloudjetcdn.cc/6fd23a50e2966fd731987ab43a73daa9/dashboard/admin,,https://twitter.com/Gi7w0rm/status/1544773215641378817
2022-07-06 20:19:12,phishunt_io,ip,34.120.194.28,#phishing #scam,https://twitter.com/phishunt_io/status/1544778007210074114
2022-07-06 20:19:12,phishunt_io,url,https://steampowered.html-info.com/,#phishing #scam,https://twitter.com/phishunt_io/status/1544778007210074114
2022-07-06 20:30:55,ecarlesi,url,https://amzrxwsz.com,#phishing,https://twitter.com/ecarlesi/status/1544780956250165248
2022-07-06 20:30:55,ecarlesi,url,https://amzrxwvsz.com,#phishing,https://twitter.com/ecarlesi/status/1544780958268006400
2022-07-06 20:30:55,ecarlesi,url,https://amzrxszxw.com,#phishing,https://twitter.com/ecarlesi/status/1544780958448373760
2022-07-06 20:30:55,ecarlesi,url,https://amzrxsz.com,#phishing,https://twitter.com/ecarlesi/status/1544780956674183168
2022-07-06 20:35:01,malwrhunterteam,sha256,1b9a53ee2603b3d4cd135948950b69f8ccce5a96e77432082ed7ace3f7dfd061,,https://twitter.com/malwrhunterteam/status/1544781990418960384
2022-07-06 20:55:46,ecarlesi,url,http://escritorioonlinejusbrasil.hair/,#phishing,https://twitter.com/ecarlesi/status/1544787209496281088
2022-07-06 21:01:44,ecarlesi,url,http://proctorandsons.com,#phishing,https://twitter.com/ecarlesi/status/1544788711329697793
2022-07-06 21:14:43,ecarlesi,url,https://entermont.com,#phishing,https://twitter.com/ecarlesi/status/1544791981817270272
2022-07-06 21:35:18,ScumBots,ip,137.224.106.4,,https://twitter.com/ScumBots/status/1544797158372679681
2022-07-06 21:35:18,ScumBots,sha256,2de00bb669b0693a28a2e85678761d7d972aa9f0694e87c6ad6db885281cc8d9,,https://twitter.com/ScumBots/status/1544797158372679681
2022-07-06 21:36:27,PhishStats,url,http://0992xiios.hostfree.pw/,#phishing,https://twitter.com/PhishStats/status/1544797447888814082
2022-07-06 21:36:27,PhishStats,ip,185.27.134.125,#phishing,https://twitter.com/PhishStats/status/1544797447888814082
2022-07-06 21:50:09,romonlyht,ip,140.227.65.223,#phishing,https://twitter.com/romonlyht/status/1544800895673585664
2022-07-06 21:52:30,ecarlesi,url,https://suppliespet.xyz,#phishing,https://twitter.com/ecarlesi/status/1544801490182832136
2022-07-06 21:52:30,ecarlesi,url,http://sunfranchising.com,#phishing,https://twitter.com/ecarlesi/status/1544801489176219649
2022-07-06 21:53:10,TeamDreier,ip,185.18.212.117,#phishing,https://twitter.com/TeamDreier/status/1544801657149689857
2022-07-06 21:53:10,TeamDreier,url,https://cas.lcc.edu.llrn.me/cas/login,#phishing,https://twitter.com/TeamDreier/status/1544801657149689857
2022-07-06 21:53:10,TeamDreier,url,https://cas.lcc.llrn.me/cas/login,#phishing,https://twitter.com/TeamDreier/status/1544801657149689857
2022-07-06 21:57:46,romonlyht,ip,104.168.139.247,#phishing,https://twitter.com/romonlyht/status/1544802812621512704
2022-07-06 21:57:46,romonlyht,url,https://www.meeco-mistore.wagnetic.shop/,#phishing,https://twitter.com/romonlyht/status/1544802812621512704
2022-07-06 21:57:46,romonlyht,url,https://www.meeco-mistore.wagnetic.shop/pc/index.php,#phishing,https://twitter.com/romonlyht/status/1544802812621512704
2022-07-06 21:58:08,jstrosch,url,https://16366.ru.com/project/,#phishing,https://twitter.com/jstrosch/status/1544802907047993344
2022-07-06 22:16:25,romonlyht,ip,152.32.236.4,#phishing,https://twitter.com/romonlyht/status/1544807508182634496
2022-07-06 22:16:25,romonlyht,url,https://qilqcez.cn/pc/etc_login.php?funccode=101300555500&amp;nextfunc=10130043200,#phishing,https://twitter.com/romonlyht/status/1544807508182634496
2022-07-06 22:16:25,romonlyht,ip,155.94.129.108,#phishing,https://twitter.com/romonlyht/status/1544807508182634496
2022-07-06 22:16:25,romonlyht,url,https://qilqcez.cn/,#phishing,https://twitter.com/romonlyht/status/1544807508182634496
2022-07-06 22:17:55,romonlyht,ip,107.174.95.171,#phishing,https://twitter.com/romonlyht/status/1544807883824455680
2022-07-06 22:17:55,romonlyht,ip,1.194.225.55,#phishing,https://twitter.com/romonlyht/status/1544807883824455680
2022-07-06 22:17:55,romonlyht,url,https://243khgalkjg.shop/jp,#phishing,https://twitter.com/romonlyht/status/1544807883824455680
2022-07-06 22:19:20,romonlyht,url,https://tk2hlkhlgka.shop/jp,#phishing,https://twitter.com/romonlyht/status/1544808240474517504
2022-07-06 22:19:20,romonlyht,ip,219.151.156.71,#phishing,https://twitter.com/romonlyht/status/1544808240474517504
2022-07-06 22:25:14,onecert_ir,sha256,2157a24f1a6a326007eafece5d54d7e1bcebd6781c49ccfc92e4f26f9922d4f8,#phishing #malware,https://twitter.com/onecert_ir/status/1544809724138295296
2022-07-06 22:25:14,onecert_ir,ip,104.21.34.124,#phishing #malware,https://twitter.com/onecert_ir/status/1544809724138295296
2022-07-06 22:25:14,onecert_ir,domain,pi-linkere.cf,#phishing #malware,https://twitter.com/onecert_ir/status/1544809724138295296
2022-07-06 22:38:23,ecarlesi,url,https://ghananewshive.com,#phishing,https://twitter.com/ecarlesi/status/1544813037298896896
2022-07-06 22:43:28,BanChaos,url,http://efverstedt.se/5jjav/w7flehj20xn0qd/,#Emotet,https://twitter.com/BanChaos/status/1544814316192337920
2022-07-06 22:43:57,ecarlesi,url,http://austrianroots.com,#phishing,https://twitter.com/ecarlesi/status/1544814435717550081
2022-07-06 22:44:07,Cryptolaemus1,url,http://finvest.rs/wp-admin/hr9nvntihgw59s/,,https://twitter.com/Cryptolaemus1/status/1544814478386434048
2022-07-06 22:44:07,Cryptolaemus1,url,https://edoraseguros.com.br/cgi-bin/jqnq9wlh1gxu/,,https://twitter.com/Cryptolaemus1/status/1544814478386434048
2022-07-06 22:44:07,Cryptolaemus1,url,http://earthmach.co.za/libraries/twkzh9yrxbtd6iex/,,https://twitter.com/Cryptolaemus1/status/1544814478386434048
2022-07-06 22:48:24,ecarlesi,url,http://baufive.com,#phishing,https://twitter.com/ecarlesi/status/1544815554615197698
2022-07-06 22:50:44,drb_ra,ip,42.194.199.231,#CobaltStrike,https://twitter.com/drb_ra/status/1544816144581885952
2022-07-06 23:03:14,AP_Zenmashi,url,https://kjhcv.cgacgsj.cn,#phishing,https://twitter.com/AP_Zenmashi/status/1544819287512084480
2022-07-06 23:05:56,AP_Zenmashi,url,https://kghcv.ubzoblv.cn,#phishing,https://twitter.com/AP_Zenmashi/status/1544819969338195968
2022-07-06 23:08:38,AP_Zenmashi,url,https://kkhgv.srrpavu.cn,#phishing,https://twitter.com/AP_Zenmashi/status/1544820646961504256
2022-07-06 23:09:07,Unit42_Intel,ip,188.40.246.37,#CobaltStrike #IcedID,https://twitter.com/Unit42_Intel/status/1544820768256786433
2022-07-06 23:09:07,Unit42_Intel,ip,198.44.132.80,#CobaltStrike #IcedID,https://twitter.com/Unit42_Intel/status/1544820768256786433
2022-07-06 23:09:07,Unit42_Intel,domain,centertechengineering.com,#CobaltStrike #IcedID,https://twitter.com/Unit42_Intel/status/1544820768256786433
2022-07-06 23:11:22,AP_Zenmashi,url,https://jgfcv.dcwbcbz.cn,#phishing,https://twitter.com/AP_Zenmashi/status/1544821335482073088
2022-07-06 23:16:51,AP_Zenmashi,url,https://khgvb.ichqvxj.cn,#phishing,https://twitter.com/AP_Zenmashi/status/1544822715294662657
2022-07-06 23:19:05,idclickthat,url,https://usmilitaryportalleaveapp.com,,https://twitter.com/idclickthat/status/1544823277390110720
2022-07-06 23:19:05,idclickthat,url,https://usmilitarysupportdesk.com,,https://twitter.com/idclickthat/status/1544823277390110720
2022-07-06 23:19:05,idclickthat,url,https://theusmilitarydefense.com,,https://twitter.com/idclickthat/status/1544823277390110720
2022-07-06 23:19:05,idclickthat,url,https://usstpcare.com,,https://twitter.com/idclickthat/status/1544823277390110720
2022-07-06 23:19:05,idclickthat,url,https://uavrdept.com,,https://twitter.com/idclickthat/status/1544823277390110720
2022-07-06 23:19:05,idclickthat,url,https://usmilwelfare.com,,https://twitter.com/idclickthat/status/1544823277390110720
2022-07-06 23:19:05,idclickthat,url,https://milstation.online,,https://twitter.com/idclickthat/status/1544823277390110720
2022-07-06 23:19:05,idclickthat,url,https://theusamilitarydefense.com,,https://twitter.com/idclickthat/status/1544823277390110720
2022-07-06 23:19:05,idclickthat,url,https://usmilitarycenter.us,,https://twitter.com/idclickthat/status/1544823277390110720
2022-07-06 23:19:05,idclickthat,url,https://ustpcare.com,,https://twitter.com/idclickthat/status/1544823277390110720
2022-07-06 23:19:05,idclickthat,url,https://usmillitarydepartment.com,,https://twitter.com/idclickthat/status/1544823277390110720
2022-07-06 23:19:27,romonlyht,ip,172.245.120.7,#phishing,https://twitter.com/romonlyht/status/1544823367974264832
2022-07-06 23:19:27,romonlyht,ip,106.12.121.124,#phishing,https://twitter.com/romonlyht/status/1544823367974264832
2022-07-06 23:19:27,romonlyht,url,http://www.saisceson.sacisecon.bonxwz.top/ic6oxx7p3s/page1.php,#phishing,https://twitter.com/romonlyht/status/1544823367974264832
2022-07-06 23:21:32,romonlyht,ip,23.94.248.133,#phishing,https://twitter.com/romonlyht/status/1544823896007790592
2022-07-06 23:21:32,romonlyht,ip,182.151.55.104,#phishing,https://twitter.com/romonlyht/status/1544823896007790592
2022-07-06 23:21:32,romonlyht,url,https://32ikohgagh.shop/jp,#phishing,https://twitter.com/romonlyht/status/1544823896007790592
2022-07-06 23:22:15,AP_Zenmashi,url,https://hjgfcx.cfcqxrm.cn,#phishing,https://twitter.com/AP_Zenmashi/status/1544824072592273408
2022-07-06 23:22:35,romonlyht,url,http://www.vivsvcsaei.vcsacsei.gobdkk.top/ic6oxx7p3s/page1.php,#phishing,https://twitter.com/romonlyht/status/1544824157447237632
2022-07-06 23:25:49,ecarlesi,url,http://inform-cartevitale.com,#phishing,https://twitter.com/ecarlesi/status/1544824970227982337
2022-07-06 23:27:34,AP_Zenmashi,url,https://hgfcv.hppjzfn.cn,#phishing,https://twitter.com/AP_Zenmashi/status/1544825413574070273
2022-07-06 23:31:55,CD_R0M_,url,https://www.nordeifelbreau.de,#GootLoader,https://twitter.com/CD_R0M_/status/1544826506072965120
2022-07-06 23:38:01,romonlyht,ip,45.207.45.175,#phishing,https://twitter.com/romonlyht/status/1544828040580018176
2022-07-06 23:38:01,romonlyht,url,https://direct.smbc.co.jp.tjsjsz.com/,#phishing,https://twitter.com/romonlyht/status/1544828040580018176
2022-07-06 23:38:01,romonlyht,url,https://direct.smbc.co.jp.tjsjsz.com/client/index.php,#phishing,https://twitter.com/romonlyht/status/1544828040580018176
2022-07-06 23:38:01,romonlyht,ip,153.120.25.175,#phishing,https://twitter.com/romonlyht/status/1544828040580018176
2022-07-06 23:38:21,ecarlesi,url,https://clothingdeals.store,#phishing,https://twitter.com/ecarlesi/status/1544828127922343936
2022-07-06 23:41:39,romonlyht,url,http://smbc.ujfu.cn/,#phishing,https://twitter.com/romonlyht/status/1544828954971758592
2022-07-06 23:41:39,romonlyht,url,https://smbc.ujfu.cn/,#phishing,https://twitter.com/romonlyht/status/1544828954971758592
2022-07-06 23:41:39,romonlyht,ip,195.133.9.162,#phishing,https://twitter.com/romonlyht/status/1544828954971758592
2022-07-06 23:42:30,Cryptolaemus1,url,https://www.zachboyle.com/wp-admin/ea470zrtgnkua/,,https://twitter.com/Cryptolaemus1/status/1544829169816993792
2022-07-06 23:42:30,Cryptolaemus1,url,http://www.sunflowerlaboratory.in/fonts/79tq62ly/,,https://twitter.com/Cryptolaemus1/status/1544829169816993792
2022-07-06 23:42:30,Cryptolaemus1,url,http://agtrade.hu/images/kiqymos2tskq/,,https://twitter.com/Cryptolaemus1/status/1544829169816993792
2022-07-06 23:53:09,Cryptolaemus1,url,http://dirigent.co.uk/vardagsekonomi/ic36jj4j1cf/,,https://twitter.com/Cryptolaemus1/status/1544831851566895104
