2021-10-10 00:28:57,secbird1,url,https://apaqay.cn,#phishing,https://twitter.com/secbird1/status/1446996138490359812
2021-10-10 00:40:36,romonlyht,ip,120.41.88.102,#phishing,https://twitter.com/romonlyht/status/1446999068186603521
2021-10-10 00:40:36,romonlyht,url,https://s.yam.com/ywvnd,#phishing,https://twitter.com/romonlyht/status/1446999068186603521
2021-10-10 00:40:36,romonlyht,ip,204.44.93.215,#phishing,https://twitter.com/romonlyht/status/1446999068186603521
2021-10-10 00:40:36,romonlyht,ip,13.76.85.56,#phishing,https://twitter.com/romonlyht/status/1446999068186603521
2021-10-10 00:41:49,romonlyht,ip,114.107.85.31,#phishing,https://twitter.com/romonlyht/status/1446999373821276165
2021-10-10 00:41:49,romonlyht,ip,155.94.154.35,#phishing,https://twitter.com/romonlyht/status/1446999373821276165
2021-10-10 00:41:49,romonlyht,url,https://s.yam.com/rsnqu,#phishing,https://twitter.com/romonlyht/status/1446999373821276165
2021-10-10 00:42:53,romonlyht,url,https://s.yam.com/7xywy,#phishing,https://twitter.com/romonlyht/status/1446999642223169537
2021-10-10 00:42:53,romonlyht,ip,106.40.147.203,#phishing,https://twitter.com/romonlyht/status/1446999642223169537
2021-10-10 00:44:54,secbird1,url,https://294jzq.cn,#phishing,https://twitter.com/secbird1/status/1447000151298433026
2021-10-10 00:44:54,secbird1,ip,155.94.163.136,#phishing,https://twitter.com/secbird1/status/1447000151298433026
2021-10-10 01:02:50,romonlyht,url,https://www.mercari-web.com/,#phishing,https://twitter.com/romonlyht/status/1447004664902283264
2021-10-10 01:02:50,romonlyht,ip,115.144.69.76,#phishing,https://twitter.com/romonlyht/status/1447004664902283264
2021-10-10 01:02:50,romonlyht,ip,163.43.142.174,#phishing,https://twitter.com/romonlyht/status/1447004664902283264
2021-10-10 01:04:14,romonlyht,ip,198.55.102.97,#phishing,https://twitter.com/romonlyht/status/1447005016959553538
2021-10-10 01:04:14,romonlyht,ip,173.82.192.71,#phishing,https://twitter.com/romonlyht/status/1447005016959553538
2021-10-10 01:04:14,romonlyht,ip,123.60.26.110,#phishing,https://twitter.com/romonlyht/status/1447005016959553538
2021-10-10 01:04:14,romonlyht,url,https://server.xzhnjs.top/xbssj/,#phishing,https://twitter.com/romonlyht/status/1447005016959553538
2021-10-10 01:04:14,romonlyht,url,https://marceri.rochestor.top/,#phishing,https://twitter.com/romonlyht/status/1447005016959553538
2021-10-10 01:04:14,romonlyht,url,https://server.xzhnjs.top/xbssj,#phishing,https://twitter.com/romonlyht/status/1447005016959553538
2021-10-10 01:06:21,secbird1,url,http://www.mosderser.gq/,#phishing,https://twitter.com/secbird1/status/1447005547966828546
2021-10-10 01:06:21,secbird1,ip,209.141.62.227,#phishing,https://twitter.com/secbird1/status/1447005547966828546
2021-10-10 01:12:09,secbird1,url,http://www.dfeertt.cf/,#phishing,https://twitter.com/secbird1/status/1447007006166904837
2021-10-10 01:12:37,secbird1,url,http://www.dfeertt.ml/,#phishing,https://twitter.com/secbird1/status/1447007127571075075
2021-10-10 01:14:24,secbird1,url,http://www.dfeertt.ga/,#phishing,https://twitter.com/secbird1/status/1447007575749246980
2021-10-10 01:17:20,unidentified0xc,sha256,1811bd1c7300746f8eb515ce096834ac4524a80c2fc990b7f4874e070501ddf7,,https://twitter.com/unidentified0xc/status/1447008311606448130
2021-10-10 01:17:49,unidentified0xc,domain,noorrich6395.fun,,https://twitter.com/unidentified0xc/status/1447008433408970754
2021-10-10 01:17:49,unidentified0xc,sha256,ea391f65ae367799ab1bc162a4b8dcedb76f1da1e5595548497d943298f18682,,https://twitter.com/unidentified0xc/status/1447008433408970754
2021-10-10 01:20:01,ecarlesi,url,http://terryfunggg.tech,#phishing,https://twitter.com/ecarlesi/status/1447008987514384391
2021-10-10 01:30:08,ecarlesi,url,http://sysinfolab.com,#phishing,https://twitter.com/ecarlesi/status/1447011534752866307
2021-10-10 01:34:44,romonlyht,url,https://www.etc-meisia.jp.aclean.club/kaduxn.php?lia71et=mnes5,#phishing,https://twitter.com/romonlyht/status/1447012690396737537
2021-10-10 01:34:44,romonlyht,ip,204.44.95.209,#phishing,https://twitter.com/romonlyht/status/1447012690396737537
2021-10-10 01:34:44,romonlyht,ip,185.143.220.177,#phishing,https://twitter.com/romonlyht/status/1447012690396737537
2021-10-10 01:35:27,romonlyht,url,https://amaunzo.qizmaius.top/,#phishing,https://twitter.com/romonlyht/status/1447012873411067905
2021-10-10 01:35:27,romonlyht,ip,101.36.64.71,#phishing,https://twitter.com/romonlyht/status/1447012873411067905
2021-10-10 01:37:14,romonlyht,ip,107.189.12.138,#phishing,https://twitter.com/romonlyht/status/1447013318695079944
2021-10-10 01:37:14,romonlyht,url,https://www.etc-meisia.jp.bococloud.club/kaduxn.php?lia71et=ouhs3,#phishing,https://twitter.com/romonlyht/status/1447013318695079944
2021-10-10 01:38:08,romonlyht,ip,101.36.64.92,#phishing,https://twitter.com/romonlyht/status/1447013545435033603
2021-10-10 01:38:08,romonlyht,url,https://etc1-melsai.pkieox.cn/,#phishing,https://twitter.com/romonlyht/status/1447013545435033603
2021-10-10 01:38:08,romonlyht,ip,107.150.4.76,#phishing,https://twitter.com/romonlyht/status/1447013545435033603
2021-10-10 01:41:04,ecarlesi,url,http://3trussetwalliet.live/,#phishing,https://twitter.com/ecarlesi/status/1447014284744138754
2021-10-10 01:58:30,KesaGataMe0,ip,198.211.1.224,#phishing,https://twitter.com/KesaGataMe0/status/1447018671885275141
2021-10-10 01:58:30,KesaGataMe0,url,https://shanghangnh.cn/,#phishing,https://twitter.com/KesaGataMe0/status/1447018671885275141
2021-10-10 01:58:30,KesaGataMe0,url,https://shyangshun.cn,#phishing,https://twitter.com/KesaGataMe0/status/1447018671885275141
2021-10-10 02:00:06,KesaGataMe0,url,https://vip560.cn,#phishing,https://twitter.com/KesaGataMe0/status/1447019074106507275
2021-10-10 02:04:29,bakabanker2,url,https://shanghangnh.cn,#phishing,https://twitter.com/bakabanker2/status/1447020178588397571
2021-10-10 02:07:53,secbird1,ip,147.182.163.89,#phishing,https://twitter.com/secbird1/status/1447021033488150533
2021-10-10 02:12:34,secbird1,ip,104.223.15.110,#phishing,https://twitter.com/secbird1/status/1447022211286503425
2021-10-10 02:12:34,secbird1,url,http://amacon.serviy-jp.cc/,#phishing,https://twitter.com/secbird1/status/1447022211286503425
2021-10-10 02:13:08,secbird1,url,https://www.g3pzk6.cn,#phishing,https://twitter.com/secbird1/status/1447022353657991169
2021-10-10 02:13:08,secbird1,ip,155.94.182.75,#phishing,https://twitter.com/secbird1/status/1447022353657991169
2021-10-10 02:21:14,romonlyht,ip,116.85.36.66,#phishing,https://twitter.com/romonlyht/status/1447024394748846083
2021-10-10 02:21:14,romonlyht,ip,198.12.81.113,#phishing,https://twitter.com/romonlyht/status/1447024394748846083
2021-10-10 02:21:55,romonlyht,ip,116.85.4.196,#phishing,https://twitter.com/romonlyht/status/1447024563972308992
2021-10-10 02:22:33,romonlyht,url,https://www.ue.cacrerd.com/,#phishing,https://twitter.com/romonlyht/status/1447024723326488577
2021-10-10 02:22:33,romonlyht,ip,116.85.25.209,#phishing,https://twitter.com/romonlyht/status/1447024723326488577
2021-10-10 02:23:11,romonlyht,ip,116.85.59.94,#phishing,https://twitter.com/romonlyht/status/1447024884836491265
2021-10-10 02:23:11,romonlyht,url,https://www.uc.cacrerd.com/,#phishing,https://twitter.com/romonlyht/status/1447024884836491265
2021-10-10 02:23:54,romonlyht,url,https://www.uuc.cacrerd.com/,#phishing,https://twitter.com/romonlyht/status/1447025066512830464
2021-10-10 02:24:32,romonlyht,ip,206.189.196.215,#phishing,https://twitter.com/romonlyht/status/1447025223794970627
2021-10-10 02:24:32,romonlyht,ip,116.85.21.216,#phishing,https://twitter.com/romonlyht/status/1447025223794970627
2021-10-10 02:25:12,romonlyht,ip,116.85.44.202,#phishing,https://twitter.com/romonlyht/status/1447025392519315459
2021-10-10 02:26:02,romonlyht,url,https://www.ucc.cacreod.com/,#phishing,https://twitter.com/romonlyht/status/1447025602343493633
2021-10-10 02:26:02,romonlyht,ip,116.85.64.54,#phishing,https://twitter.com/romonlyht/status/1447025602343493633
2021-10-10 02:26:32,romonlyht,ip,116.85.15.40,#phishing,https://twitter.com/romonlyht/status/1447025728466264067
2021-10-10 02:27:03,romonlyht,ip,116.85.43.250,#phishing,https://twitter.com/romonlyht/status/1447025858200289283
2021-10-10 02:33:43,ecarlesi,url,https://helpfaqline365.net/,#phishing,https://twitter.com/ecarlesi/status/1447027536865681411
2021-10-10 02:37:56,ecarlesi,url,https://boi365ie.net/login.php,#phishing,https://twitter.com/ecarlesi/status/1447028598104379392
2021-10-10 02:37:56,ecarlesi,url,https://boi-alert.net/login.php,#phishing,https://twitter.com/ecarlesi/status/1447028598175567873
2021-10-10 02:38:27,secbird1,url,https://www.ip.mecrocari.com/,#phishing,https://twitter.com/secbird1/status/1447028724528926722
2021-10-10 02:38:55,harugasumi,url,https://etc1-melsai.zckynu.cn/,#phishing,https://twitter.com/harugasumi/status/1447028844939001858
2021-10-10 02:39:12,secbird1,url,https://www.jpp.mecrcoari.com/,#phishing,https://twitter.com/secbird1/status/1447028916191830025
2021-10-10 02:39:47,secbird1,url,https://www.jp.mecrocari.com/,#phishing,https://twitter.com/secbird1/status/1447029063776817152
2021-10-10 02:40:14,secbird1,url,https://www.jc.mecrcoari.com/,#phishing,https://twitter.com/secbird1/status/1447029173856321536
2021-10-10 02:41:55,secbird1,url,https://www.jpp.mecrocari.com/,#phishing,https://twitter.com/secbird1/status/1447029598764486660
2021-10-10 02:42:21,secbird1,url,https://www.jcc.mecrocari.com/,#phishing,https://twitter.com/secbird1/status/1447029706759413767
2021-10-10 02:42:52,secbird1,url,https://www.cip.mecrocari.com/,#phishing,https://twitter.com/secbird1/status/1447029839630798848
2021-10-10 02:43:18,secbird1,url,https://www.jp.mecrcoari.com/,#phishing,https://twitter.com/secbird1/status/1447029945906040834
2021-10-10 02:43:23,ecarlesi,url,http://jnmkjjkkj.info/scotia.html,#phishing,https://twitter.com/ecarlesi/status/1447029966173085700
2021-10-10 02:47:06,ecarlesi,url,http://septcurekl.online/,#phishing,https://twitter.com/ecarlesi/status/1447030903763525636
2021-10-10 02:47:23,ecarlesi,url,https://mense-29389.xyz/uadmin%20(1).zip,#malware,https://twitter.com/ecarlesi/status/1447030973216997379
2021-10-10 02:52:52,ecarlesi,url,https://verify-boi.info/login.php,#phishing,https://twitter.com/ecarlesi/status/1447032353021386752
2021-10-10 03:09:59,secbird1,url,https://amacon.servert-jp.cc/,#phishing,https://twitter.com/secbird1/status/1447036663155216394
2021-10-10 03:19:55,PhishStats,url,http://pagegovernanceinc.co.vu/,#phishing,https://twitter.com/PhishStats/status/1447039160112619522
2021-10-10 03:19:55,PhishStats,ip,45.84.205.103,#phishing,https://twitter.com/PhishStats/status/1447039160112619522
2021-10-10 03:37:16,phishunt_io,url,https://amazon.takegifts.xyz/,#phishing #scam,https://twitter.com/phishunt_io/status/1447043527138029574
2021-10-10 03:37:16,phishunt_io,ip,131.153.78.138,#phishing #scam,https://twitter.com/phishunt_io/status/1447043527138029574
2021-10-10 03:43:18,secbird1,url,https://smbo.servc-jp.cc/,#phishing,https://twitter.com/secbird1/status/1447045044850946051
2021-10-10 03:53:27,ecarlesi,url,https://buscamejor.com/buscador/entradas/recepcion_dup-2021-10-09.txt,#phishing,https://twitter.com/ecarlesi/status/1447047602005020672
2021-10-10 03:55:06,ecarlesi,url,https://buscamejor.com/decesos/entradas/recepcion_dup-2021-10-09.txt,#phishing,https://twitter.com/ecarlesi/status/1447048014372261890
2021-10-10 04:07:04,secbird1,url,http://www.modofe.ga/,#phishing,https://twitter.com/secbird1/status/1447051025882353669
2021-10-10 04:09:09,Ax_Sharma,domain,invoice-pay-fees.com,#phishing,https://twitter.com/Ax_Sharma/status/1447051551252566016
2021-10-10 04:28:44,ecarlesi,url,https://businessrequestchannel.online/,#phishing,https://twitter.com/ecarlesi/status/1447056481375899649
2021-10-10 04:43:22,ecarlesi,url,http://fromins.net,#phishing,https://twitter.com/ecarlesi/status/1447060164448866306
2021-10-10 04:50:02,ecarlesi,url,http://wphq.site/wordpress-5.8.1%20(2).zip,#phishing,https://twitter.com/ecarlesi/status/1447061842254311425
2021-10-10 05:09:03,MalwarePatrol,url,https://shivampresstools.in/att/login.php,#phishing,https://twitter.com/MalwarePatrol/status/1447066627179270149
2021-10-10 05:25:53,dubstard,ip,104.219.248.113,#phishing,https://twitter.com/dubstard/status/1447070861392072704
2021-10-10 05:25:53,dubstard,url,https://syncconvalidator.com,#phishing,https://twitter.com/dubstard/status/1447070861392072704
2021-10-10 05:38:36,harugasumi,url,https://amaome.c8dfht.top,#phishing,https://twitter.com/harugasumi/status/1447074060714733568
2021-10-10 05:38:50,secbird1,url,https://americanxeprses.cqtv.top/,#phishing,https://twitter.com/secbird1/status/1447074120433221644
2021-10-10 05:38:50,secbird1,ip,182.16.72.82,#phishing,https://twitter.com/secbird1/status/1447074120433221644
2021-10-10 05:39:18,secbird1,url,https://americanxeprese.bjtv.top/,#phishing,https://twitter.com/secbird1/status/1447074239928954889
2021-10-10 05:45:45,fbgwls245,md5,21e7fb1c4d27ebdfc0d081e59cbeca8f,#ransomware,https://twitter.com/fbgwls245/status/1447075859844657154
2021-10-10 06:12:38,secbird1,ip,107.172.198.176,#phishing,https://twitter.com/secbird1/status/1447082626511110148
2021-10-10 06:12:38,secbird1,url,http://meircaari-meiircarsea.pw/,#phishing,https://twitter.com/secbird1/status/1447082626511110148
2021-10-10 06:17:03,PhishStats,url,http://amazon.81bdtfxm.cn/,#phishing,https://twitter.com/PhishStats/status/1447083739406688256
2021-10-10 06:17:03,PhishStats,ip,47.245.34.119,#phishing,https://twitter.com/PhishStats/status/1447083739406688256
2021-10-10 06:29:21,dubstard,url,https://asiafirstglobalbk.com,,https://twitter.com/dubstard/status/1447086836208242688
2021-10-10 06:29:21,dubstard,url,https://citionlinebankgroup.us,,https://twitter.com/dubstard/status/1447086836208242688
2021-10-10 06:29:21,dubstard,url,https://cryptofxchampion.com,,https://twitter.com/dubstard/status/1447086836208242688
2021-10-10 06:29:21,dubstard,url,https://madoyorkies.com,,https://twitter.com/dubstard/status/1447086836208242688
2021-10-10 06:31:53,dubstard,url,https://walletdapp.info,,https://twitter.com/dubstard/status/1447087473755049984
2021-10-10 06:31:53,dubstard,url,https://socialmediacashappgiveaway.online,,https://twitter.com/dubstard/status/1447087473755049984
2021-10-10 06:31:53,dubstard,url,https://x2rose.win,,https://twitter.com/dubstard/status/1447087473755049984
2021-10-10 06:31:53,dubstard,url,https://poste-bnk.com,,https://twitter.com/dubstard/status/1447087473755049984
2021-10-10 06:31:53,dubstard,url,https://secure.communitytrustsbk.com,,https://twitter.com/dubstard/status/1447087473755049984
2021-10-10 06:31:53,dubstard,url,https://westruffyorkies.com,,https://twitter.com/dubstard/status/1447087473755049984
2021-10-10 06:31:53,dubstard,url,https://x2velvet.win,,https://twitter.com/dubstard/status/1447087473755049984
2021-10-10 06:43:13,r0ny_123,md5,032694cfee1c05e1b2aa8fcf842a3539,#BazarLoader,https://twitter.com/r0ny_123/status/1447090325537755142
2021-10-10 06:43:13,r0ny_123,md5,4932b7fa81a500c5050ccf3a945077e3,#BazarLoader,https://twitter.com/r0ny_123/status/1447090325537755142
2021-10-10 07:06:11,secbird1,ip,160.20.59.17,#phishing,https://twitter.com/secbird1/status/1447096104500142082
2021-10-10 07:06:11,secbird1,url,http://mufg-hu7.com,#phishing,https://twitter.com/secbird1/status/1447096104500142082
2021-10-10 07:15:40,KesaGataMe0,url,http://mufg-hu7.com/,#phishing,https://twitter.com/KesaGataMe0/status/1447098489465303048
2021-10-10 07:16:06,secbird1,url,https://mercai-8utr.nungang.com/,#phishing,https://twitter.com/secbird1/status/1447098599779684361
2021-10-10 07:16:06,secbird1,ip,205.185.125.157,#phishing,https://twitter.com/secbird1/status/1447098599779684361
2021-10-10 07:16:58,secbird1,ip,155.94.128.159,#phishing,https://twitter.com/secbird1/status/1447098816612614148
2021-10-10 07:16:58,secbird1,url,https://jp.mercari.com.webassign.cn/,#phishing,https://twitter.com/secbird1/status/1447098816612614148
2021-10-10 07:26:45,KesaGataMe0,url,https://kingeda.cn,#phishing,https://twitter.com/KesaGataMe0/status/1447101279503728645
2021-10-10 07:26:45,KesaGataMe0,url,https://awvo.cn,#phishing,https://twitter.com/KesaGataMe0/status/1447101279503728645
2021-10-10 07:26:45,KesaGataMe0,url,https://gisge.cn,#phishing,https://twitter.com/KesaGataMe0/status/1447101279503728645
2021-10-10 07:26:45,KesaGataMe0,url,https://yshart.cn,#phishing,https://twitter.com/KesaGataMe0/status/1447101279503728645
2021-10-10 07:26:45,KesaGataMe0,url,https://zdlu.cn,#phishing,https://twitter.com/KesaGataMe0/status/1447101279503728645
2021-10-10 07:26:45,KesaGataMe0,url,https://fire-fighting.cn,#phishing,https://twitter.com/KesaGataMe0/status/1447101279503728645
2021-10-10 07:26:45,KesaGataMe0,ip,35.189.150.60,#phishing,https://twitter.com/KesaGataMe0/status/1447101279503728645
2021-10-10 07:26:45,KesaGataMe0,url,https://ynygzm.cn,#phishing,https://twitter.com/KesaGataMe0/status/1447101279503728645
2021-10-10 07:33:45,KesaGataMe0,url,https://www.meicarr.q5r3.cn,#phishing,https://twitter.com/KesaGataMe0/status/1447103042638155777
2021-10-10 07:33:45,KesaGataMe0,url,https://jp.mercari.com.webassign.cn,#phishing,https://twitter.com/KesaGataMe0/status/1447103042638155777
2021-10-10 07:33:45,KesaGataMe0,url,https://www.meicarr.tseowd.cn,#phishing,https://twitter.com/KesaGataMe0/status/1447103042638155777
2021-10-10 07:33:45,KesaGataMe0,url,https://jp.mercari.com.lovezixun.cn,#phishing,https://twitter.com/KesaGataMe0/status/1447103042638155777
2021-10-10 07:33:45,KesaGataMe0,url,https://www.meicar.tseowd.cn,#phishing,https://twitter.com/KesaGataMe0/status/1447103042638155777
2021-10-10 07:33:45,KesaGataMe0,url,https://www.meicar.q5r3.cn,#phishing,https://twitter.com/KesaGataMe0/status/1447103042638155777
2021-10-10 07:35:02,drb_ra,ip,37.0.10.81,#CobaltStrike,https://twitter.com/drb_ra/status/1447103365905895424
2021-10-10 07:35:03,drb_ra,ip,3.66.143.167,#CobaltStrike,https://twitter.com/drb_ra/status/1447103368141361157
2021-10-10 07:35:34,KesaGataMe0,url,https://shop.softbank-login.gzv0ug.cn,#phishing,https://twitter.com/KesaGataMe0/status/1447103498789683203
2021-10-10 07:35:34,KesaGataMe0,url,https://shop.softbank-login.reicu.cn,#phishing,https://twitter.com/KesaGataMe0/status/1447103498789683203
2021-10-10 07:35:34,KesaGataMe0,ip,204.44.82.86,#phishing,https://twitter.com/KesaGataMe0/status/1447103498789683203
2021-10-10 07:37:19,KesaGataMe0,ip,34.84.177.140,#phishing,https://twitter.com/KesaGataMe0/status/1447103938709262341
2021-10-10 07:37:19,KesaGataMe0,url,https://cd-s0ftbank.serveftp.com,#phishing,https://twitter.com/KesaGataMe0/status/1447103938709262341
2021-10-10 07:37:19,KesaGataMe0,url,https://s0ftbank-kl.servepics.com,#phishing,https://twitter.com/KesaGataMe0/status/1447103938709262341
2021-10-10 07:37:19,KesaGataMe0,url,https://s0ftbank-ol.servepics.com,#phishing,https://twitter.com/KesaGataMe0/status/1447103938709262341
2021-10-10 07:37:19,KesaGataMe0,url,https://s0ftbank-yk.servebeer.com,#phishing,https://twitter.com/KesaGataMe0/status/1447103938709262341
2021-10-10 07:37:19,KesaGataMe0,url,https://test-s0ftbank.serveftp.com,#phishing,https://twitter.com/KesaGataMe0/status/1447103938709262341
2021-10-10 07:37:19,KesaGataMe0,url,https://nd-s0ftbank.ddnsking.com,#phishing,https://twitter.com/KesaGataMe0/status/1447103938709262341
2021-10-10 07:39:05,KesaGataMe0,url,https://meircaari-meiircarsea.pw,#phishing,https://twitter.com/KesaGataMe0/status/1447104381514502149
2021-10-10 07:42:54,ecarlesi,url,https://certifica-x-me-card.com/,#phishing,https://twitter.com/ecarlesi/status/1447105344807874560
2021-10-10 07:44:21,ecarlesi,url,http://cbsc2eb5ffee6.com,#phishing,https://twitter.com/ecarlesi/status/1447105709200580610
2021-10-10 07:51:22,ecarlesi,url,http://365mobiie-liveauthentication.com/,#phishing,https://twitter.com/ecarlesi/status/1447107474645995524
2021-10-10 07:53:58,ecarlesi,url,https://gulebakarmanis.com,#phishing,https://twitter.com/ecarlesi/status/1447108129653760002
2021-10-10 08:07:24,secbird1,url,http://aupay.auonqesdakdeaeq.cf,#phishing,https://twitter.com/secbird1/status/1447111508391972864
2021-10-10 08:07:24,secbird1,ip,35.241.124.129,#phishing,https://twitter.com/secbird1/status/1447111508391972864
2021-10-10 08:10:20,secbird1,url,http://aupay.diwqauoneawefiree.ml,#phishing,https://twitter.com/secbird1/status/1447112246140682244
2021-10-10 08:10:40,ecarlesi,url,http://admin-mystoremysettings.com/select%3frid=ab3770e4-cb62-491e-b576-4a963bd97832/,#phishing,https://twitter.com/ecarlesi/status/1447112329364221956
2021-10-10 08:12:04,secbird1,url,http://aupay.diwqauoneawefiree.ga,#phishing,https://twitter.com/secbird1/status/1447112684172812288
2021-10-10 08:13:49,secbird1,url,http://aupay.auonqesdakdeaeq.ga,#phishing,https://twitter.com/secbird1/status/1447113125556228104
2021-10-10 08:14:15,secbird1,url,http://aupay.auonqesdakdeaeq.ml,#phishing,https://twitter.com/secbird1/status/1447113232376758273
2021-10-10 08:14:45,ecarlesi,url,https://depot-redelivery-support.com/,#phishing,https://twitter.com/ecarlesi/status/1447113359913009153
2021-10-10 08:15:08,secbird1,url,http://aupay.auonqesdakdeaeq.gq,#phishing,https://twitter.com/secbird1/status/1447113453798244354
2021-10-10 08:15:29,ecarlesi,url,https://customer-27301.com/,#phishing,https://twitter.com/ecarlesi/status/1447113543044804608
2021-10-10 08:16:51,secbird1,url,http://aupay.diwqauoneawefiree.cf,#phishing,https://twitter.com/secbird1/status/1447113886042234880
2021-10-10 08:17:17,secbird1,url,http://aupay.diwqauoneawefiree.gq,#phishing,https://twitter.com/secbird1/status/1447113996285345797
2021-10-10 08:21:04,ecarlesi,url,http://repport-nr-14784.com/,#phishing,https://twitter.com/ecarlesi/status/1447114949961166857
2021-10-10 08:47:31,KesaGataMe0,ip,198.55.96.214,#phishing,https://twitter.com/KesaGataMe0/status/1447121604102660096
2021-10-10 08:47:31,KesaGataMe0,url,https://etc-meisai.batawo.cn,#phishing,https://twitter.com/KesaGataMe0/status/1447121604102660096
2021-10-10 08:50:05,ecarlesi,url,http://awakenthehell.com/wordpress-5.8.1-es_ve.zip,#phishing,https://twitter.com/ecarlesi/status/1447122249941716993
2021-10-10 08:55:42,ecarlesi,url,https://syzygyvcard.com/syzygy%20v%20card.zip,#phishing,https://twitter.com/ecarlesi/status/1447123665401823234
2021-10-10 08:56:50,phishunt_io,url,https://netflix-demo.friktoria.net/,#phishing #scam,https://twitter.com/phishunt_io/status/1447123950467756032
2021-10-10 08:56:50,phishunt_io,ip,185.246.164.47,#phishing #scam,https://twitter.com/phishunt_io/status/1447123950467756032
2021-10-10 09:05:24,secbird1,url,http://www.mosderser.ml,#phishing,https://twitter.com/secbird1/status/1447126105966608384
2021-10-10 09:05:49,secbird1,url,http://www.modofe.ml,#phishing,https://twitter.com/secbird1/status/1447126212246073347
2021-10-10 09:08:18,secbird1,url,http://www.mosderser.cf,#phishing,https://twitter.com/secbird1/status/1447126833888051211
2021-10-10 09:08:43,secbird1,url,http://www.dfeertt.gq,#phishing,https://twitter.com/secbird1/status/1447126941513912324
2021-10-10 09:10:46,ecarlesi,url,https://bankofireiland.com/login.php,#phishing,https://twitter.com/ecarlesi/status/1447127455731437568
2021-10-10 09:11:14,ecarlesi,url,http://richter-bau-rg.com/,#phishing,https://twitter.com/ecarlesi/status/1447127574216265729
2021-10-10 09:12:37,secbird1,url,http://www.mosderser.ga,#phishing,https://twitter.com/secbird1/status/1447127923110993920
2021-10-10 09:15:11,secbird1,url,http://www.mdererre.cf,#phishing,https://twitter.com/secbird1/status/1447128566789935109
2021-10-10 09:15:24,PhishStats,url,http://tigo-sorteo.spa-lasdalias.com.ar/,#phishing,https://twitter.com/PhishStats/status/1447128622616227840
2021-10-10 09:15:24,PhishStats,ip,190.61.219.47,#phishing,https://twitter.com/PhishStats/status/1447128622616227840
2021-10-10 09:20:01,dnstwist,domain,steanmcommunity.com,#phishing,https://twitter.com/dnstwist/status/1447129783918284802
2021-10-10 09:30:53,ecarlesi,url,https://susuaenam.com/amazon.sign-caseid219837/,#phishing,https://twitter.com/ecarlesi/status/1447132517815967747
2021-10-10 09:31:18,ThreatLabsEN,url,https://www.irs-gov.us-coronavirus-get-payment.com/?verify,#phishing,https://twitter.com/ThreatLabsEN/status/1447132623185367040
2021-10-10 09:32:27,Finch39487976,domain,sommerishere.sytes.net,#malware,https://twitter.com/Finch39487976/status/1447132914408382469
2021-10-10 09:32:33,secbird1,url,http://www.mufg-hu7.com/,#phishing,https://twitter.com/secbird1/status/1447132937170817028
2021-10-10 09:36:04,ecarlesi,url,http://invoice-pay-fees.com/,#phishing,https://twitter.com/ecarlesi/status/1447133821934133248
2021-10-10 09:44:24,ecarlesi,url,https://invoice-pay-fees.com/,#phishing,https://twitter.com/ecarlesi/status/1447135922164731907
2021-10-10 09:51:31,ecarlesi,url,http://thailandecreationsociete.com/page-job.php,#phishing,https://twitter.com/ecarlesi/status/1447137712130207750
2021-10-10 09:51:51,Finch39487976,url,https://amd-jira.s3.us-west-1.amazonaws.com/jira.txt,#CobaltStrike,https://twitter.com/Finch39487976/status/1447137793864609792
2021-10-10 09:57:24,ecarlesi,url,https://repport-nr-14784.com/,#phishing,https://twitter.com/ecarlesi/status/1447139191813558280
2021-10-10 09:57:24,ecarlesi,url,https://repport-nr-65987.com/,#phishing,https://twitter.com/ecarlesi/status/1447139191842803712
2021-10-10 10:03:07,ecarlesi,url,https://activ-certif.com/,#phishing,https://twitter.com/ecarlesi/status/1447140629939621890
2021-10-10 10:03:17,ecarlesi,url,http://82094105.com/banks/desjardins/,#phishing,https://twitter.com/ecarlesi/status/1447140674168557571
2021-10-10 10:06:13,ecarlesi,url,https://activ-certif.com/5d2051713bf54ad/region.php?particulier,#phishing,https://twitter.com/ecarlesi/status/1447141411640467461
2021-10-10 10:07:21,ecarlesi,url,http://82094105.com/banks/tangerine/,#phishing,https://twitter.com/ecarlesi/status/1447141693732569090
2021-10-10 10:07:44,ecarlesi,url,https://manikcharifoodhouse.com/wordpress-5.8.1.zip,#phishing,https://twitter.com/ecarlesi/status/1447141790600110082
2021-10-10 10:09:03,MalwarePatrol,url,https://www.hostyas.ir/cus./konga/login.php,#phishing,https://twitter.com/MalwarePatrol/status/1447142125523587074
2021-10-10 10:10:31,ecarlesi,url,http://82094105.com/banks/td/,#phishing,https://twitter.com/ecarlesi/status/1447142490973384708
2021-10-10 10:17:41,ecarlesi,url,https://mobi-365supportonline.com/,#phishing,https://twitter.com/ecarlesi/status/1447144296956764160
2021-10-10 10:20:54,secbird1,ip,103.158.36.230,#phishing,https://twitter.com/secbird1/status/1447145107040333827
2021-10-10 10:20:54,secbird1,url,https://mercari.zxgea.com/#/,#phishing,https://twitter.com/secbird1/status/1447145107040333827
2021-10-10 10:21:21,secbird1,url,https://mercari.zxwae.com/#/,#phishing,https://twitter.com/secbird1/status/1447145219384766465
2021-10-10 10:21:49,secbird1,url,https://mercari.twazx.com/#/,#phishing,https://twitter.com/secbird1/status/1447145334732247042
2021-10-10 10:40:22,ecarlesi,url,http://secure01a-chase-protect-services.com,#phishing,https://twitter.com/ecarlesi/status/1447150004947361793
2021-10-10 10:57:56,ecarlesi,url,http://365supportmobi-boionline.com/,#phishing,https://twitter.com/ecarlesi/status/1447154424774791170
2021-10-10 11:04:09,secbird1,ip,45.207.55.105,#phishing,https://twitter.com/secbird1/status/1447155989342420992
2021-10-10 11:04:09,secbird1,url,https://srnbc-cacd.jkdjhc.com/,#phishing,https://twitter.com/secbird1/status/1447155989342420992
2021-10-10 11:05:37,drb_ra,ip,185.150.117.169,#CobaltStrike,https://twitter.com/drb_ra/status/1447156358621667328
2021-10-10 11:08:06,ecarlesi,url,https://365supportmobi-boionline.com/,#phishing,https://twitter.com/ecarlesi/status/1447156983329693696
2021-10-10 11:11:35,ecarlesi,url,https://cbsa08f09d3.com,#phishing,https://twitter.com/ecarlesi/status/1447157862522892289
2021-10-10 11:21:45,KesaGataMe0,url,https://srnbc-cacd.jkdjhc.com,#phishing,https://twitter.com/KesaGataMe0/status/1447160417743093762
2021-10-10 11:29:07,drb_ra,ip,42.51.33.115,#CobaltStrike,https://twitter.com/drb_ra/status/1447162274511310849
2021-10-10 11:29:13,drb_ra,ip,36.112.31.160,#CobaltStrike,https://twitter.com/drb_ra/status/1447162298397769729
2021-10-10 11:29:18,drb_ra,ip,46.30.189.89,#CobaltStrike,https://twitter.com/drb_ra/status/1447162318639575040
2021-10-10 11:29:19,drb_ra,ip,213.227.155.75,#CobaltStrike,https://twitter.com/drb_ra/status/1447162321281953800
2021-10-10 11:29:24,drb_ra,ip,213.227.155.48,#CobaltStrike,https://twitter.com/drb_ra/status/1447162344044433408
2021-10-10 11:29:30,drb_ra,ip,1.117.245.254,#CobaltStrike,https://twitter.com/drb_ra/status/1447162369042526215
2021-10-10 11:29:36,drb_ra,ip,82.157.96.204,#CobaltStrike,https://twitter.com/drb_ra/status/1447162394283806721
2021-10-10 11:29:40,drb_ra,ip,45.147.230.247,#CobaltStrike,https://twitter.com/drb_ra/status/1447162411388129288
2021-10-10 11:29:48,drb_ra,ip,213.227.155.241,#CobaltStrike,https://twitter.com/drb_ra/status/1447162442883215366
2021-10-10 11:29:53,drb_ra,ip,1.116.141.23,#CobaltStrike,https://twitter.com/drb_ra/status/1447162467604434947
2021-10-10 11:29:59,drb_ra,ip,162.244.80.15,#CobaltStrike,https://twitter.com/drb_ra/status/1447162490312351744
2021-10-10 11:30:06,drb_ra,ip,162.33.179.161,#CobaltStrike,https://twitter.com/drb_ra/status/1447162520490422272
2021-10-10 11:30:06,drb_ra,ip,23.106.157.90,#CobaltStrike,https://twitter.com/drb_ra/status/1447162518707785733
2021-10-10 11:30:08,drb_ra,ip,161.97.138.56,#CobaltStrike,https://twitter.com/drb_ra/status/1447162529294266371
2021-10-10 11:30:08,drb_ra,ip,47.93.9.242,#CobaltStrike,https://twitter.com/drb_ra/status/1447162527415218177
2021-10-10 11:30:15,drb_ra,ip,162.33.178.10,#CobaltStrike,https://twitter.com/drb_ra/status/1447162557291274240
2021-10-10 11:30:21,drb_ra,ip,82.156.186.133,#CobaltStrike,https://twitter.com/drb_ra/status/1447162583052607492
2021-10-10 11:30:27,drb_ra,ip,80.92.205.165,#CobaltStrike,https://twitter.com/drb_ra/status/1447162609678045188
2021-10-10 11:30:34,drb_ra,ip,159.65.35.193,#CobaltStrike,https://twitter.com/drb_ra/status/1447162638107123716
2021-10-10 11:30:35,drb_ra,ip,23.160.193.134,#CobaltStrike,https://twitter.com/drb_ra/status/1447162640829145088
2021-10-10 11:30:40,drb_ra,ip,173.234.155.186,#CobaltStrike,https://twitter.com/drb_ra/status/1447162663629430787
2021-10-10 11:30:45,drb_ra,ip,23.82.141.150,#CobaltStrike,https://twitter.com/drb_ra/status/1447162682000519168
2021-10-10 11:30:51,drb_ra,ip,1.15.32.77,#CobaltStrike,https://twitter.com/drb_ra/status/1447162710437908480
2021-10-10 11:30:56,drb_ra,ip,121.40.30.88,#CobaltStrike,https://twitter.com/drb_ra/status/1447162728724959235
2021-10-10 11:31:01,drb_ra,ip,162.33.177.185,#CobaltStrike,https://twitter.com/drb_ra/status/1447162750384447489
2021-10-10 11:31:05,drb_ra,ip,45.153.240.167,#CobaltStrike,https://twitter.com/drb_ra/status/1447162769627918347
2021-10-10 11:31:12,drb_ra,ip,1.116.207.171,#CobaltStrike,https://twitter.com/drb_ra/status/1447162795699675142
2021-10-10 11:31:16,drb_ra,ip,49.235.93.124,#CobaltStrike,https://twitter.com/drb_ra/status/1447162814435635200
2021-10-10 11:31:19,drb_ra,ip,39.100.127.173,#CobaltStrike,https://twitter.com/drb_ra/status/1447162826599108608
2021-10-10 11:31:20,drb_ra,ip,47.112.227.200,#CobaltStrike,https://twitter.com/drb_ra/status/1447162829166071808
2021-10-10 11:31:23,drb_ra,ip,104.225.237.37,#CobaltStrike,https://twitter.com/drb_ra/status/1447162842596192264
2021-10-10 11:31:29,drb_ra,ip,60.205.220.98,#CobaltStrike,https://twitter.com/drb_ra/status/1447162869062279170
2021-10-10 11:31:31,drb_ra,ip,106.75.10.51,#CobaltStrike,https://twitter.com/drb_ra/status/1447162877169836033
2021-10-10 11:31:33,drb_ra,ip,116.62.179.70,#CobaltStrike,https://twitter.com/drb_ra/status/1447162884295958529
2021-10-10 11:31:41,drb_ra,ip,23.82.141.151,#CobaltStrike,https://twitter.com/drb_ra/status/1447162920924815360
2021-10-10 11:31:50,drb_ra,ip,47.104.207.11,#CobaltStrike,https://twitter.com/drb_ra/status/1447162958635798529
2021-10-10 11:31:57,drb_ra,ip,114.67.103.120,#CobaltStrike,https://twitter.com/drb_ra/status/1447162987220029442
2021-10-10 11:31:57,drb_ra,ip,45.67.103.120,#CobaltStrike,https://twitter.com/drb_ra/status/1447162987220029442
2021-10-10 11:32:00,drb_ra,ip,120.79.157.3,#CobaltStrike,https://twitter.com/drb_ra/status/1447162998276165635
2021-10-10 11:32:05,drb_ra,ip,175.24.60.104,#CobaltStrike,https://twitter.com/drb_ra/status/1447163019763535873
2021-10-10 11:33:37,KesaGataMe0,url,https://docomowzaa.duckdns.org,#phishing,https://twitter.com/KesaGataMe0/status/1447163403445755907
2021-10-10 11:33:37,KesaGataMe0,ip,45.141.157.187,#phishing,https://twitter.com/KesaGataMe0/status/1447163403445755907
2021-10-10 11:33:37,KesaGataMe0,url,https://docomoiwpu.duckdns.org,#phishing,https://twitter.com/KesaGataMe0/status/1447163403445755907
2021-10-10 11:33:37,KesaGataMe0,url,https://docomowioh.duckdns.org,#phishing,https://twitter.com/KesaGataMe0/status/1447163403445755907
2021-10-10 11:33:37,KesaGataMe0,url,https://docomoscdw.duckdns.org,#phishing,https://twitter.com/KesaGataMe0/status/1447163403445755907
2021-10-10 11:33:37,KesaGataMe0,url,https://docomoimdf.duckdns.org,#phishing,https://twitter.com/KesaGataMe0/status/1447163403445755907
2021-10-10 11:33:37,KesaGataMe0,url,https://docomoujki.duckdns.org,#phishing,https://twitter.com/KesaGataMe0/status/1447163403445755907
2021-10-10 11:38:10,KesaGataMe0,url,https://shop.softbank-login.kingofcat.cn,#phishing,https://twitter.com/KesaGataMe0/status/1447164551586193414
2021-10-10 11:38:10,KesaGataMe0,url,https://shop.softbank-login.osrzf.cn,#phishing,https://twitter.com/KesaGataMe0/status/1447164551586193414
2021-10-10 11:38:10,KesaGataMe0,ip,155.94.182.151,#phishing,https://twitter.com/KesaGataMe0/status/1447164551586193414
2021-10-10 11:39:24,KesaGataMe0,url,http://gotojcb.com,#phishing,https://twitter.com/KesaGataMe0/status/1447164862505701384
2021-10-10 11:39:24,KesaGataMe0,ip,3.112.151.127,#phishing,https://twitter.com/KesaGataMe0/status/1447164862505701384
2021-10-10 11:39:24,KesaGataMe0,url,http://jcbcosl.com,#phishing,https://twitter.com/KesaGataMe0/status/1447164862505701384
2021-10-10 11:44:23,bakabanker2,url,https://www.saieson-cardinfo.top,#phishing,https://twitter.com/bakabanker2/status/1447166114073513987
2021-10-10 11:44:56,KesaGataMe0,url,https://merpay.kszav2.info,#phishing,https://twitter.com/KesaGataMe0/status/1447166254930808832
2021-10-10 11:44:56,KesaGataMe0,ip,103.158.36.93,#phishing,https://twitter.com/KesaGataMe0/status/1447166254930808832
2021-10-10 11:44:56,KesaGataMe0,url,https://merpay.kszav1.info,#phishing,https://twitter.com/KesaGataMe0/status/1447166254930808832
2021-10-10 11:56:33,ecarlesi,url,http://csupport-salogin.com/,#phishing,https://twitter.com/ecarlesi/status/1447169176632807430
2021-10-10 12:00:38,ecarlesi,url,http://csupport-salogin.com/login.php,#phishing,https://twitter.com/ecarlesi/status/1447170203331215361
2021-10-10 12:01:10,secbird1,url,https://docomolnch.duckdns.org,#phishing,https://twitter.com/secbird1/status/1447170336886198280
2021-10-10 12:01:46,secbird1,url,https://docomovcmj.duckdns.org,#phishing,https://twitter.com/secbird1/status/1447170489588224002
2021-10-10 12:02:50,secbird1,url,https://docomownfr.duckdns.org,#phishing,https://twitter.com/secbird1/status/1447170757268631557
2021-10-10 12:03:18,secbird1,url,https://docomoszgi.duckdns.org,#phishing,https://twitter.com/secbird1/status/1447170877389377543
2021-10-10 12:03:53,secbird1,url,https://docomovhfe.duckdns.org,#phishing,https://twitter.com/secbird1/status/1447171020855513088
2021-10-10 12:04:25,secbird1,url,https://docomopcoq.duckdns.org,#phishing,https://twitter.com/secbird1/status/1447171156239290372
2021-10-10 12:05:00,secbird1,url,https://docomobqzm.duckdns.org,#phishing,https://twitter.com/secbird1/status/1447171303815856128
2021-10-10 12:05:29,secbird1,url,https://docomoqyvr.duckdns.org,#phishing,https://twitter.com/secbird1/status/1447171425899483138
2021-10-10 12:06:01,secbird1,url,https://docomokwbm.duckdns.org,#phishing,https://twitter.com/secbird1/status/1447171557130838022
2021-10-10 12:06:21,secbird1,url,https://docomoeoqi.duckdns.org,#phishing,https://twitter.com/secbird1/status/1447171643420209157
2021-10-10 12:06:35,secbird1,url,https://docomoivjx.duckdns.org,#phishing,https://twitter.com/secbird1/status/1447171703759462401
2021-10-10 12:07:04,secbird1,url,https://docomonzpv.duckdns.org,#phishing,https://twitter.com/secbird1/status/1447171823246790662
2021-10-10 12:07:08,secbird1,url,https://docomoxphg.duckdns.org,#phishing,https://twitter.com/secbird1/status/1447171840447639559
2021-10-10 12:07:31,secbird1,url,https://docomoqjvj.duckdns.org,#phishing,https://twitter.com/secbird1/status/1447171936929280001
2021-10-10 12:09:25,secbird1,url,https://docomouxma.duckdns.org,#phishing,https://twitter.com/secbird1/status/1447172416673759233
2021-10-10 12:11:02,secbird1,url,https://docomotagz.duckdns.org,#phishing,https://twitter.com/secbird1/status/1447172823345098759
2021-10-10 12:11:21,secbird1,url,https://docomoaolz.duckdns.org,#phishing,https://twitter.com/secbird1/status/1447172903032614920
2021-10-10 12:11:35,secbird1,url,https://docomoitcw.duckdns.org,#phishing,https://twitter.com/secbird1/status/1447172960414945290
2021-10-10 12:12:25,ecarlesi,url,https://verify-boi.com/login.php,#phishing,https://twitter.com/ecarlesi/status/1447173168934924298
2021-10-10 12:12:42,secbird1,url,https://docomontae.duckdns.org,#phishing,https://twitter.com/secbird1/status/1447173240904843273
2021-10-10 12:13:16,secbird1,url,https://docomopzox.duckdns.org,#phishing,https://twitter.com/secbird1/status/1447173381963407367
2021-10-10 12:14:46,secbird1,url,https://my-sotllbend.info,#phishing,https://twitter.com/secbird1/status/1447173759517949955
2021-10-10 12:14:46,secbird1,ip,155.94.133.186,#phishing,https://twitter.com/secbird1/status/1447173759517949955
2021-10-10 12:15:11,ecarlesi,url,https://brtotuciyt.com,#phishing,https://twitter.com/ecarlesi/status/1447173865533288449
2021-10-10 12:15:52,secbird1,ip,103.158.36.218,#phishing,https://twitter.com/secbird1/status/1447174039827464192
2021-10-10 12:15:52,secbird1,url,https://mercari.hgsft.com/#/,#phishing,https://twitter.com/secbird1/status/1447174039827464192
2021-10-10 12:16:18,secbird1,url,https://mercari.hgsfu.com/#/,#phishing,https://twitter.com/secbird1/status/1447174145339314183
2021-10-10 12:16:19,secbird1,url,https://docomoklkn.duckdns.org,#phishing,https://twitter.com/secbird1/status/1447174152964612112
2021-10-10 12:16:20,secbird1,url,https://docomomiiz.duckdns.org,#phishing,https://twitter.com/secbird1/status/1447174153862221824
2021-10-10 12:17:31,secbird1,url,https://docomoxxry.duckdns.org,#phishing,https://twitter.com/secbird1/status/1447174451267702788
2021-10-10 12:17:48,secbird1,url,https://docomodvrk.duckdns.org,#phishing,https://twitter.com/secbird1/status/1447174526559670276
2021-10-10 12:18:18,secbird1,url,https://docomoevra.duckdns.org,#phishing,https://twitter.com/secbird1/status/1447174652241924100
2021-10-10 12:19:05,secbird1,url,https://docomofxez.duckdns.org,#phishing,https://twitter.com/secbird1/status/1447174848350875649
2021-10-10 12:52:46,CardanoPhishing,domain,ada21-event.info,#phishing #scam,https://twitter.com/CardanoPhishing/status/1447183324791783427
2021-10-10 12:52:46,CardanoPhishing,ip,81.177.141.85,#phishing #scam,https://twitter.com/CardanoPhishing/status/1447183324791783427
2021-10-10 12:53:17,CardanoPhishing,domain,ada21-event.com,#phishing #scam,https://twitter.com/CardanoPhishing/status/1447183455268261897
2021-10-10 12:53:17,CardanoPhishing,ip,185.178.208.182,#phishing #scam,https://twitter.com/CardanoPhishing/status/1447183455268261897
2021-10-10 12:53:47,secbird1,ip,14.63.193.27,#phishing,https://twitter.com/secbird1/status/1447183581399240705
2021-10-10 12:53:47,secbird1,url,https://www.shanghaizxzs.cn,#phishing,https://twitter.com/secbird1/status/1447183581399240705
2021-10-10 12:54:13,secbird1,url,https://www.0s8dvm.cn,#phishing,https://twitter.com/secbird1/status/1447183688102395904
2021-10-10 12:54:37,secbird1,url,https://www.weishangga.cn,#phishing,https://twitter.com/secbird1/status/1447183788191059976
2021-10-10 12:55:02,secbird1,url,https://www.rfw65j.cn,#phishing,https://twitter.com/secbird1/status/1447183894390837249
2021-10-10 12:55:26,secbird1,url,https://www.epgnlu.cn,#phishing,https://twitter.com/secbird1/status/1447183996610220041
2021-10-10 12:55:50,secbird1,url,https://dweqdkr.cn,#phishing,https://twitter.com/secbird1/status/1447184097495769093
2021-10-10 12:56:16,secbird1,url,https://www.rivatobias2.cn,#phishing,https://twitter.com/secbird1/status/1447184203309674496
2021-10-10 12:56:40,secbird1,url,https://www.xinrongcompressor.cn,#phishing,https://twitter.com/secbird1/status/1447184303658397704
2021-10-10 12:57:04,secbird1,url,https://www.d5s6yuv.cn,#phishing,https://twitter.com/secbird1/status/1447184405248700434
2021-10-10 12:57:11,phishunt_io,url,https://instagram.nikefashionchallenge.com/,#phishing #scam,https://twitter.com/phishunt_io/status/1447184435212955651
2021-10-10 12:57:11,phishunt_io,ip,160.119.252.105,#phishing #scam,https://twitter.com/phishunt_io/status/1447184435212955651
2021-10-10 12:57:28,secbird1,url,https://www.qingdaotulips.cn,#phishing,https://twitter.com/secbird1/status/1447184504959897601
2021-10-10 13:08:55,harugasumi,url,https://tscubi.segmal.com,#phishing,https://twitter.com/harugasumi/status/1447187387885314052
2021-10-10 13:11:09,secbird1,url,https://www.79831lzc.cn/,#phishing,https://twitter.com/secbird1/status/1447187949200633867
2021-10-10 13:11:09,secbird1,ip,204.44.93.234,#phishing,https://twitter.com/secbird1/status/1447187949200633867
2021-10-10 13:31:08,Finch39487976,url,http://transfer.sh/get/ii6fqb/word.exe,#malware,https://twitter.com/Finch39487976/status/1447192978301272066
2021-10-10 13:34:58,drb_ra,ip,31.44.184.82,#CobaltStrike,https://twitter.com/drb_ra/status/1447193945524604935
2021-10-10 13:35:04,drb_ra,ip,62.234.130.153,#CobaltStrike,https://twitter.com/drb_ra/status/1447193969008447494
2021-10-10 13:35:05,drb_ra,ip,91.134.14.25,#CobaltStrike,https://twitter.com/drb_ra/status/1447193974830157826
2021-10-10 14:16:44,secbird1,ip,107.150.7.48,#phishing,https://twitter.com/secbird1/status/1447204454332198917
2021-10-10 14:16:44,secbird1,url,https://etc1-melsai.zcmzjm.cn/,#phishing,https://twitter.com/secbird1/status/1447204454332198917
2021-10-10 14:17:12,secbird1,url,https://etc1-melsai.w6595.cn/,#phishing,https://twitter.com/secbird1/status/1447204573068759040
2021-10-10 14:17:12,secbird1,ip,204.44.68.72,#phishing,https://twitter.com/secbird1/status/1447204573068759040
2021-10-10 14:17:39,secbird1,url,https://etc1-melsai.nhsbjv.cn/,#phishing,https://twitter.com/secbird1/status/1447204686507876352
2021-10-10 14:43:16,secbird1,url,https://etc1-melsai.bareceive.cn/,#phishing,https://twitter.com/secbird1/status/1447211131949371393
2021-10-10 14:43:42,secbird1,url,https://etc1-melsai.s42zfu.cn/,#phishing,https://twitter.com/secbird1/status/1447211242012119041
2021-10-10 14:43:42,secbird1,ip,155.94.182.166,#phishing,https://twitter.com/secbird1/status/1447211242012119041
2021-10-10 14:44:08,secbird1,ip,204.44.75.4,#phishing,https://twitter.com/secbird1/status/1447211350778732544
2021-10-10 14:44:08,secbird1,url,https://etc1-melsai.4xfjh3xw.cn/,#phishing,https://twitter.com/secbird1/status/1447211350778732544
2021-10-10 14:44:37,secbird1,url,https://etc1-melsai.2tf4z1.cn/,#phishing,https://twitter.com/secbird1/status/1447211470488363015
2021-10-10 14:44:37,secbird1,ip,155.94.228.210,#phishing,https://twitter.com/secbird1/status/1447211470488363015
2021-10-10 14:45:03,secbird1,url,https://etc1-melsai.51dzbc.cn/,#phishing,https://twitter.com/secbird1/status/1447211580043579398
2021-10-10 14:45:29,secbird1,url,https://etc1-melsai.znpdfh.cn/,#phishing,https://twitter.com/secbird1/status/1447211690508972037
2021-10-10 14:45:55,secbird1,url,https://etc1-melsai.barear.cn/,#phishing,https://twitter.com/secbird1/status/1447211798462025731
2021-10-10 14:47:56,KesaGataMe0,url,https://merpay.xzcac3.info,#phishing,https://twitter.com/KesaGataMe0/status/1447212306987814912
2021-10-10 14:47:56,KesaGataMe0,url,https://merpay.xzcac4.info,#phishing,https://twitter.com/KesaGataMe0/status/1447212306987814912
2021-10-10 14:47:56,KesaGataMe0,url,https://merpay.xzcac1.info,#phishing,https://twitter.com/KesaGataMe0/status/1447212306987814912
2021-10-10 14:47:56,KesaGataMe0,ip,103.158.36.83,#phishing,https://twitter.com/KesaGataMe0/status/1447212306987814912
2021-10-10 14:47:56,KesaGataMe0,url,https://merpay.xzcac2.info,#phishing,https://twitter.com/KesaGataMe0/status/1447212306987814912
2021-10-10 14:49:37,KesaGataMe0,url,https://mercai.macdoa.com,#phishing,https://twitter.com/KesaGataMe0/status/1447212730310541312
2021-10-10 14:49:37,KesaGataMe0,url,https://mercari.hgsfu.com,#phishing,https://twitter.com/KesaGataMe0/status/1447212730310541312
2021-10-10 14:49:37,KesaGataMe0,url,https://mercari.hgsft.com,#phishing,https://twitter.com/KesaGataMe0/status/1447212730310541312
2021-10-10 14:49:37,KesaGataMe0,url,https://mercari.hgsfi.com,#phishing,https://twitter.com/KesaGataMe0/status/1447212730310541312
2021-10-10 14:51:13,KesaGataMe0,ip,160.251.5.247,#phishing,https://twitter.com/KesaGataMe0/status/1447213134138142732
2021-10-10 14:51:13,KesaGataMe0,url,https://www.paypay-jpn.mx,#phishing,https://twitter.com/KesaGataMe0/status/1447213134138142732
2021-10-10 14:51:13,KesaGataMe0,url,https://paypay-jpn.mx,#phishing,https://twitter.com/KesaGataMe0/status/1447213134138142732
2021-10-10 14:55:16,KesaGataMe0,ip,204.44.70.52,#phishing,https://twitter.com/KesaGataMe0/status/1447214152997429252
2021-10-10 14:55:16,KesaGataMe0,url,https://my-sotybenk.pw,#phishing,https://twitter.com/KesaGataMe0/status/1447214152997429252
2021-10-10 14:55:16,KesaGataMe0,url,https://my-sotybenk.top,#phishing,https://twitter.com/KesaGataMe0/status/1447214152997429252
2021-10-10 14:55:16,KesaGataMe0,url,https://my-sotybenk.cc,#phishing,https://twitter.com/KesaGataMe0/status/1447214152997429252
2021-10-10 14:55:16,KesaGataMe0,url,https://my-sotybenk.online,#phishing,https://twitter.com/KesaGataMe0/status/1447214152997429252
2021-10-10 14:55:16,KesaGataMe0,url,https://my-sottbenk.info,#phishing,https://twitter.com/KesaGataMe0/status/1447214152997429252
2021-10-10 14:55:16,KesaGataMe0,url,https://my-sotybenk.info,#phishing,https://twitter.com/KesaGataMe0/status/1447214152997429252
2021-10-10 15:04:59,KesaGataMe0,ip,160.251.2.45,#phishing,https://twitter.com/KesaGataMe0/status/1447216599006547969
2021-10-10 15:04:59,KesaGataMe0,url,https://sotfbnak.com,#phishing,https://twitter.com/KesaGataMe0/status/1447216599006547969
2021-10-10 15:05:23,secbird1,url,https://paypay-jpn.mx/,#phishing,https://twitter.com/secbird1/status/1447216699002867714
2021-10-10 15:05:32,secbird1,url,http://softbank.lyqsl.cn/,#phishing,https://twitter.com/secbird1/status/1447216736722317316
2021-10-10 15:05:32,secbird1,ip,202.95.16.35,#phishing,https://twitter.com/secbird1/status/1447216736722317316
2021-10-10 15:06:29,secbird1,url,https://mercri.msalri.com,#phishing,https://twitter.com/secbird1/status/1447216975046856705
2021-10-10 15:06:29,secbird1,ip,103.158.36.147,#phishing,https://twitter.com/secbird1/status/1447216975046856705
2021-10-10 15:08:33,KesaGataMe0,url,https://softbank.lyqsl.cn,#phishing,https://twitter.com/KesaGataMe0/status/1447217493185990657
2021-10-10 15:09:03,MalwarePatrol,url,http://registry2.fly.io/,#phishing,https://twitter.com/MalwarePatrol/status/1447217619145302016
2021-10-10 15:13:45,secbird1,url,https://www.lbed.cn,#phishing,https://twitter.com/secbird1/status/1447218804581232642
2021-10-10 15:15:31,secbird1,url,https://etc1-melsai.baquarter.cn/,#phishing,https://twitter.com/secbird1/status/1447219246556061698
2021-10-10 15:15:57,secbird1,url,https://etc1-melsai.zbvcc2c.cn/,#phishing,https://twitter.com/secbird1/status/1447219358409768967
2021-10-10 15:16:46,secbird1,url,https://etc1-melsai.baprice.cn/,#phishing,https://twitter.com/secbird1/status/1447219562848481286
2021-10-10 15:16:46,secbird1,ip,204.44.82.127,#phishing,https://twitter.com/secbird1/status/1447219562848481286
2021-10-10 15:17:11,secbird1,url,https://etc1-melsai.eivyyb.cn/,#phishing,https://twitter.com/secbird1/status/1447219669488660480
2021-10-10 15:17:38,secbird1,url,https://etc1-melsai.baposition.cn/,#phishing,https://twitter.com/secbird1/status/1447219782391009291
2021-10-10 15:18:11,secbird1,url,https://etc1-melsai.x6497.cn/,#phishing,https://twitter.com/secbird1/status/1447219918336712714
2021-10-10 15:22:02,PhishStats,url,http://discords-premium.com/,#phishing,https://twitter.com/PhishStats/status/1447220888072503297
2021-10-10 15:22:02,PhishStats,ip,190.115.18.178,#phishing,https://twitter.com/PhishStats/status/1447220888072503297
2021-10-10 15:30:02,dnstwist,domain,gmail-recovery.com,#phishing,https://twitter.com/dnstwist/status/1447222899883094016
2021-10-10 15:37:16,secbird1,url,https://etc1-melsai.bapractice.cn,#phishing,https://twitter.com/secbird1/status/1447224723927011329
2021-10-10 15:39:31,Certego_Intel,domain,ad-domain.ml,#malware,https://twitter.com/Certego_Intel/status/1447225289717821441
2021-10-10 15:40:47,ecarlesi,url,http://parcel-supportinfo.com/,#phishing,https://twitter.com/ecarlesi/status/1447225608119914500
2021-10-10 15:41:05,ecarlesi,url,https://parcel-supportinfo.com/,#phishing,https://twitter.com/ecarlesi/status/1447225684489818118
2021-10-10 15:48:30,secbird1,ip,103.158.36.186,#phishing,https://twitter.com/secbird1/status/1447227547398246410
2021-10-10 15:48:30,secbird1,url,https://mercari.ssim.top,#phishing,https://twitter.com/secbird1/status/1447227547398246410
2021-10-10 15:50:13,secbird1,url,https://mercari.mcr19.xyz,#phishing,https://twitter.com/secbird1/status/1447227981252882440
2021-10-10 16:12:07,secbird1,url,https://srnbc-cacd.slcgq.com/,#phishing,https://twitter.com/secbird1/status/1447233493264596992
2021-10-10 16:16:35,secbird1,ip,198.55.103.116,#phishing,https://twitter.com/secbird1/status/1447234617027616771
2021-10-10 16:16:35,secbird1,url,http://smbc-crad.qiuxintang.com.cn/,#phishing,https://twitter.com/secbird1/status/1447234617027616771
2021-10-10 16:17:57,xiatianguo,ip,58.221.42.58,#malware,https://twitter.com/xiatianguo/status/1447234960323055616
2021-10-10 16:34:22,BushidoToken,domain,com.baidu,#malware #FluBot,https://twitter.com/BushidoToken/status/1447239093394591758
2021-10-10 16:34:22,BushidoToken,domain,com.moxiu,#malware #FluBot,https://twitter.com/BushidoToken/status/1447239093394591758
2021-10-10 16:34:22,BushidoToken,domain,com.qiyi.video,#malware #FluBot,https://twitter.com/BushidoToken/status/1447239093394591758
2021-10-10 16:57:32,phishunt_io,url,https://barclayspartnerfinanceeligibility.com/,#phishing #scam,https://twitter.com/phishunt_io/status/1447244922109767689
2021-10-10 16:57:32,phishunt_io,ip,99.83.254.38,#phishing #scam,https://twitter.com/phishunt_io/status/1447244922109767689
2021-10-10 16:58:19,ecarlesi,url,http://myshopaccounts-settings.com/en/,#phishing,https://twitter.com/ecarlesi/status/1447245118243840000
2021-10-10 17:18:37,secbird1,url,https://amanzon.co.ip.geasun.com.cn/,#phishing,https://twitter.com/secbird1/status/1447250228319383556
2021-10-10 17:19:09,secbird1,url,https://etc1-nnelsai.70gqhh.cn/,#phishing,https://twitter.com/secbird1/status/1447250362948206597
2021-10-10 17:23:39,ecarlesi,url,http://chitrangkon.com,#phishing,https://twitter.com/ecarlesi/status/1447251493564919809
2021-10-10 17:30:27,ecarlesi,url,http://dlockmobileinc.com,#phishing,https://twitter.com/ecarlesi/status/1447253205511905282
2021-10-10 17:33:31,ecarlesi,url,https://365-device-unpair.com/,#phishing,https://twitter.com/ecarlesi/status/1447253975431098369
2021-10-10 17:35:37,secbird1,url,http://srnbc-card.com.2hiokb.cn/,#phishing,https://twitter.com/secbird1/status/1447254504072572928
2021-10-10 17:35:37,secbird1,ip,180.215.119.185,#phishing,https://twitter.com/secbird1/status/1447254504072572928
2021-10-10 17:37:24,drb_ra,ip,101.35.79.199,#CobaltStrike,https://twitter.com/drb_ra/status/1447254956097015811
2021-10-10 17:37:32,drb_ra,ip,116.206.94.164,#CobaltStrike,https://twitter.com/drb_ra/status/1447254989878005762
2021-10-10 17:37:37,drb_ra,ip,119.91.107.57,#CobaltStrike,https://twitter.com/drb_ra/status/1447255010694344704
2021-10-10 17:37:42,drb_ra,ip,139.196.20.79,#CobaltStrike,https://twitter.com/drb_ra/status/1447255028314501124
2021-10-10 17:37:46,drb_ra,ip,149.28.152.137,#CobaltStrike,https://twitter.com/drb_ra/status/1447255047037988873
2021-10-10 17:37:51,drb_ra,ip,209.182.236.217,#CobaltStrike,https://twitter.com/drb_ra/status/1447255068890251267
2021-10-10 17:37:56,drb_ra,ip,103.214.18.230,#CobaltStrike,https://twitter.com/drb_ra/status/1447255088490323973
2021-10-10 17:38:03,drb_ra,ip,43.128.19.172,#CobaltStrike,https://twitter.com/drb_ra/status/1447255119158972427
2021-10-10 17:38:16,drb_ra,ip,47.96.95.155,#CobaltStrike,https://twitter.com/drb_ra/status/1447255173915676677
2021-10-10 17:38:24,drb_ra,ip,39.106.45.206,#CobaltStrike,https://twitter.com/drb_ra/status/1447255204244729856
2021-10-10 17:38:29,drb_ra,ip,162.33.179.40,#CobaltStrike,https://twitter.com/drb_ra/status/1447255227942510593
2021-10-10 17:38:37,secbird1,ip,211.253.128.98,#phishing,https://twitter.com/secbird1/status/1447255262725697536
2021-10-10 17:38:37,secbird1,url,https://areueaom.hzjyysygs158.cn/,#phishing,https://twitter.com/secbird1/status/1447255262725697536
2021-10-10 17:38:43,drb_ra,ip,107.191.53.84,#CobaltStrike,https://twitter.com/drb_ra/status/1447255285492555785
2021-10-10 17:38:44,drb_ra,ip,116.204.211.101,#CobaltStrike,https://twitter.com/drb_ra/status/1447255288600485888
2021-10-10 17:38:50,drb_ra,ip,82.157.115.95,#CobaltStrike,https://twitter.com/drb_ra/status/1447255315578245122
2021-10-10 17:38:55,drb_ra,ip,124.70.46.123,#CobaltStrike,https://twitter.com/drb_ra/status/1447255335648079872
2021-10-10 17:38:57,GootLoaderSites,url,https://evansosabuohien.com/news.php,#GootLoader,https://twitter.com/GootLoaderSites/status/1447255343751315458
2021-10-10 17:39:01,drb_ra,ip,45.129.99.151,#CobaltStrike,https://twitter.com/drb_ra/status/1447255361824645128
2021-10-10 17:39:06,secbird1,url,https://areueaom.kadongyang.cn/,#phishing,https://twitter.com/secbird1/status/1447255381814624257
2021-10-10 17:39:07,drb_ra,ip,39.107.41.90,#CobaltStrike,https://twitter.com/drb_ra/status/1447255384545234950
2021-10-10 17:39:12,drb_ra,ip,45.76.184.181,#CobaltStrike,https://twitter.com/drb_ra/status/1447255408012414982
2021-10-10 17:39:17,drb_ra,ip,49.235.158.131,#CobaltStrike,https://twitter.com/drb_ra/status/1447255426890928128
2021-10-10 17:39:18,drb_ra,ip,47.119.138.1,#CobaltStrike,https://twitter.com/drb_ra/status/1447255434356744194
2021-10-10 17:39:25,drb_ra,ip,47.243.163.164,#CobaltStrike,https://twitter.com/drb_ra/status/1447255461170974724
2021-10-10 17:39:32,drb_ra,ip,46.161.40.85,#CobaltStrike,https://twitter.com/drb_ra/status/1447255489478332424
2021-10-10 17:39:36,secbird1,url,https://areueaom.32f-gov.cn/,#phishing,https://twitter.com/secbird1/status/1447255507475914758
2021-10-10 17:39:36,secbird1,ip,211.253.129.200,#phishing,https://twitter.com/secbird1/status/1447255507475914758
2021-10-10 17:39:36,drb_ra,ip,121.199.51.9,#CobaltStrike,https://twitter.com/drb_ra/status/1447255507425808389
2021-10-10 17:39:44,drb_ra,ip,194.156.98.129,#CobaltStrike,https://twitter.com/drb_ra/status/1447255542137860101
2021-10-10 17:39:50,drb_ra,ip,8.135.67.207,#CobaltStrike,https://twitter.com/drb_ra/status/1447255567685365762
2021-10-10 17:39:58,drb_ra,ip,39.108.129.85,#CobaltStrike,https://twitter.com/drb_ra/status/1447255602292531202
2021-10-10 17:40:05,secbird1,url,https://areueaom.zhagov.cn/,#phishing,https://twitter.com/secbird1/status/1447255628192178183
2021-10-10 17:40:06,drb_ra,ip,119.3.59.17,#CobaltStrike,https://twitter.com/drb_ra/status/1447255632961212417
2021-10-10 17:40:10,ecarlesi,url,https://365-device-unpair.com/login.php,#phishing,https://twitter.com/ecarlesi/status/1447255651282046976
2021-10-10 17:40:14,drb_ra,ip,168.100.8.117,#CobaltStrike,https://twitter.com/drb_ra/status/1447255666268192768
2021-10-10 17:40:22,drb_ra,ip,45.77.174.139,#CobaltStrike,https://twitter.com/drb_ra/status/1447255702217629707
2021-10-10 17:40:28,drb_ra,ip,154.204.25.175,#CobaltStrike,https://twitter.com/drb_ra/status/1447255725261168643
2021-10-10 17:40:34,secbird1,url,https://areueaom.kqoaulz.cn/,#phishing,https://twitter.com/secbird1/status/1447255752779780096
2021-10-10 17:40:36,drb_ra,ip,185.216.119.91,#CobaltStrike,https://twitter.com/drb_ra/status/1447255758807130112
2021-10-10 17:40:41,drb_ra,ip,47.97.38.151,#CobaltStrike,https://twitter.com/drb_ra/status/1447255781305421824
2021-10-10 17:41:04,secbird1,url,https://areueaom.gztengwang.cn/,#phishing,https://twitter.com/secbird1/status/1447255879246442500
2021-10-10 17:41:33,secbird1,url,https://areueaom.bvn8yu.cn/,#phishing,https://twitter.com/secbird1/status/1447256000835121153
2021-10-10 17:42:05,secbird1,url,https://areueaom.k5dkko.cn/,#phishing,https://twitter.com/secbird1/status/1447256133576499206
2021-10-10 17:48:43,secbird1,url,https://etc1-nnelsai.v0ijvq.cn/,#phishing,https://twitter.com/secbird1/status/1447257801084968962
2021-10-10 17:49:10,secbird1,url,https://etc1-nnelsai.5mx3v3.cn/,#phishing,https://twitter.com/secbird1/status/1447257913697783810
2021-10-10 17:49:35,secbird1,url,https://etc1-nnelsai.ka0cg5.cn/,#phishing,https://twitter.com/secbird1/status/1447258020912656384
2021-10-10 17:50:01,secbird1,url,https://etc1-nnelsai.vkc87p.cn/,#phishing,https://twitter.com/secbird1/status/1447258131063398402
2021-10-10 17:50:31,secbird1,ip,204.44.70.227,#phishing,https://twitter.com/secbird1/status/1447258254006906882
2021-10-10 17:50:31,secbird1,url,https://etc1-nnelsai.h12v0c.cn/,#phishing,https://twitter.com/secbird1/status/1447258254006906882
2021-10-10 17:50:59,secbird1,url,https://etc1-nnelsai.b12f6u.cn/,#phishing,https://twitter.com/secbird1/status/1447258371770359816
2021-10-10 17:51:25,secbird1,url,https://etc1-nnelsai.e96etl.cn/,#phishing,https://twitter.com/secbird1/status/1447258482600595459
2021-10-10 17:51:47,bakabanker2,ip,153.122.188.64,#phishing,https://twitter.com/bakabanker2/status/1447258573717733378
2021-10-10 17:51:47,bakabanker2,url,https://www.saisoin-card0.top,#phishing,https://twitter.com/bakabanker2/status/1447258573717733378
2021-10-10 17:51:50,secbird1,url,https://etc1-nnelsai.rp0oqz.cn/,#phishing,https://twitter.com/secbird1/status/1447258588435468291
2021-10-10 17:52:33,secbird1,url,https://amazon.co.jp.5idsw.cc/,#phishing,https://twitter.com/secbird1/status/1447258767884578822
2021-10-10 17:53:05,secbird1,url,https://etc1-nnelsai.1rijzb.cn/,#phishing,https://twitter.com/secbird1/status/1447258899279536132
2021-10-10 17:53:37,secbird1,url,http://smbc-crad.xiaochanzi.com.cn/,#phishing,https://twitter.com/secbird1/status/1447259035258867717
2021-10-10 17:53:37,secbird1,ip,155.94.133.244,#phishing,https://twitter.com/secbird1/status/1447259035258867717
2021-10-10 18:05:35,secbird1,url,http://srnbc-card.com.2nwf8yn.cn/,#phishing,https://twitter.com/secbird1/status/1447262046144249856
2021-10-10 18:06:07,secbird1,url,http://srnbc-card.com.38voc1.cn/,#phishing,https://twitter.com/secbird1/status/1447262181821583365
2021-10-10 18:06:40,secbird1,url,http://srnbc-card.com.3fyf3bf.cn/,#phishing,https://twitter.com/secbird1/status/1447262320476884996
2021-10-10 18:14:42,secbird1,url,https://amanzon.co.ip.xiaohongfei.com.cn/,#phishing,https://twitter.com/secbird1/status/1447264341594722313
2021-10-10 18:15:14,secbird1,url,https://amanzon.co.ip.cnpenergy.com.cn/,#phishing,https://twitter.com/secbird1/status/1447264477091536896
2021-10-10 18:18:06,PhishStats,url,http://rakoten-account.gexbn.gq/,#phishing,https://twitter.com/PhishStats/status/1447265196767129603
2021-10-10 18:18:06,PhishStats,ip,173.82.106.8,#phishing,https://twitter.com/PhishStats/status/1447265196767129603
2021-10-10 18:35:31,secbird1,url,http://srnbc-card.com.38azc69.cn/,#phishing,https://twitter.com/secbird1/status/1447269578048823301
2021-10-10 18:45:16,RedBeardIOCs,sha256,7c6528ddebf48f0199d66b42f5d38452c4665638c33d918392c4cb0b4dd4f24f,#RedLine,https://twitter.com/RedBeardIOCs/status/1447272034984157188
2021-10-10 18:45:16,RedBeardIOCs,sha256,8f97a40b4d9cf26913ab95eec548d75a8dad5a1a24d992d047e080070282d838,#RedLine,https://twitter.com/RedBeardIOCs/status/1447272034984157188
2021-10-10 18:45:16,RedBeardIOCs,sha256,a0d02092a2e6b4b9d6ff1f62b36aa369e7b531a5599d93113f1bb4f9c49586a0,#RedLine,https://twitter.com/RedBeardIOCs/status/1447272034984157188
2021-10-10 18:45:16,RedBeardIOCs,sha256,93d2d436f8096a64dd84ce28da1929c343da4930d30e80ca4b1b683329284f89,#RedLine,https://twitter.com/RedBeardIOCs/status/1447272034984157188
2021-10-10 18:45:16,RedBeardIOCs,sha256,2542446d046c92171139f7638222465e5eb866026ddce044a5e2f5728ce4b500,#RedLine,https://twitter.com/RedBeardIOCs/status/1447272033382014978
2021-10-10 18:45:16,RedBeardIOCs,sha256,55fc7e624b75a66d04ed1dfc8d6957ceb013db94e9be29e779280378011d1399,#RedLine,https://twitter.com/RedBeardIOCs/status/1447272033382014978
2021-10-10 18:45:16,RedBeardIOCs,sha256,bc6dfe9ae53c745b83810c092635dee8d3a5e58fda2e91552cc5683399568c09,#RedLine,https://twitter.com/RedBeardIOCs/status/1447272033382014978
2021-10-10 18:45:16,RedBeardIOCs,sha256,98ac9097e514852804ca276aac3a319b07acf7219aef34e0d4fff6ea5b094436,#RedLine,https://twitter.com/RedBeardIOCs/status/1447272033382014978
2021-10-10 18:45:17,RedBeardIOCs,sha256,1dbe9feb30e1a2581ddd84507e5ad1776e8607feb7dee3d25f833fbf7a058eaf,#RedLine,https://twitter.com/RedBeardIOCs/status/1447272036527661056
2021-10-10 18:45:17,RedBeardIOCs,sha256,327e9994d62d8a1042f96db61359c9258ebc9c703f9a536801da79b196c221d3,#RedLine,https://twitter.com/RedBeardIOCs/status/1447272036527661056
2021-10-10 18:45:17,RedBeardIOCs,sha256,61d6193f710e2339702b38547c2a75e6102ce03d9ecaff7c2cdb59779cd50204,#RedLine,https://twitter.com/RedBeardIOCs/status/1447272036527661056
2021-10-10 18:45:17,RedBeardIOCs,sha256,2dcbe97a32365ee972298343d092b6aadec5df4bdc519be18cebd246211c5303,#RedLine,https://twitter.com/RedBeardIOCs/status/1447272036527661056
2021-10-10 18:46:09,bad_packets,ip,2.59.214.204,,https://twitter.com/bad_packets/status/1447272255113728006
2021-10-10 18:46:09,bad_packets,ip,118.27.102.68,,https://twitter.com/bad_packets/status/1447272255113728006
2021-10-10 18:46:09,bad_packets,ip,185.186.146.99,,https://twitter.com/bad_packets/status/1447272255113728006
2021-10-10 19:05:26,secbird1,ip,180.215.129.59,#phishing,https://twitter.com/secbird1/status/1447277108892372992
2021-10-10 19:05:26,secbird1,url,https://tscubic.shkkq.com/,#phishing,https://twitter.com/secbird1/status/1447277108892372992
2021-10-10 19:09:16,secbird1,url,https://areueaom.qf0m37.cn/,#phishing,https://twitter.com/secbird1/status/1447278074102308865
2021-10-10 19:10:02,secbird1,url,https://areueaom.lvheihe.cn/,#phishing,https://twitter.com/secbird1/status/1447278267224899589
2021-10-10 19:13:22,secbird1,url,https://amanzon.co.ip.zanox.com.cn/,#phishing,https://twitter.com/secbird1/status/1447279107037798400
2021-10-10 19:34:56,drb_ra,ip,188.165.185.104,#CobaltStrike,https://twitter.com/drb_ra/status/1447284534404321285
2021-10-10 19:35:28,drb_ra,ip,47.99.163.64,#CobaltStrike,https://twitter.com/drb_ra/status/1447284668576026629
2021-10-10 19:35:38,drb_ra,ip,49.232.29.240,#CobaltStrike,https://twitter.com/drb_ra/status/1447284710321885186
2021-10-10 19:35:39,drb_ra,ip,1.198.4.95,#CobaltStrike,https://twitter.com/drb_ra/status/1447284714243514372
2021-10-10 19:35:39,drb_ra,ip,124.156.152.223,#CobaltStrike,https://twitter.com/drb_ra/status/1447284714243514372
2021-10-10 19:35:40,drb_ra,ip,106.117.249.36,#CobaltStrike,https://twitter.com/drb_ra/status/1447284715279499267
2021-10-10 19:35:40,drb_ra,ip,111.19.244.41,#CobaltStrike,https://twitter.com/drb_ra/status/1447284716269412354
2021-10-10 19:35:40,drb_ra,ip,112.13.113.151,#CobaltStrike,https://twitter.com/drb_ra/status/1447284717359861768
2021-10-10 19:35:41,drb_ra,ip,47.93.27.121,#CobaltStrike,https://twitter.com/drb_ra/status/1447284721537404928
2021-10-10 19:35:49,drb_ra,ip,221.236.11.80,#CobaltStrike,https://twitter.com/drb_ra/status/1447284753539997702
2021-10-10 19:35:49,drb_ra,ip,116.207.118.57,#CobaltStrike,https://twitter.com/drb_ra/status/1447284753539997702
2021-10-10 19:35:49,drb_ra,ip,139.224.164.192,#CobaltStrike,https://twitter.com/drb_ra/status/1447284753539997702
2021-10-10 19:39:04,secbird1,url,https://srnbc-cacd.jcdpk.com/,#phishing,https://twitter.com/secbird1/status/1447285574822289411
2021-10-10 19:42:03,fr0s7_,sha256,f733be5b05719888aa6a2c5e2691e1de31f72515a490f12af60b5661269c4ca1,,https://twitter.com/fr0s7_/status/1447286324302647301
2021-10-10 20:09:03,MalwarePatrol,md5,61cf5eb82326358e590acc8503fc7194,#phishing,https://twitter.com/MalwarePatrol/status/1447293117833547785
2021-10-10 20:09:03,MalwarePatrol,url,http://cpcalendars.granadoemurahara.com.br/cmd-login=61cf5eb82326358e590acc8503fc7194/,#phishing,https://twitter.com/MalwarePatrol/status/1447293117833547785
2021-10-10 20:39:51,secbird1,url,http://srnbc-card.6pvb0z.cn/,#phishing,https://twitter.com/secbird1/status/1447300867498012674
2021-10-10 20:39:51,secbird1,ip,204.152.210.192,#phishing,https://twitter.com/secbird1/status/1447300867498012674
2021-10-10 20:40:24,secbird1,url,http://srnbc-card.3ldaag.cn/,#phishing,https://twitter.com/secbird1/status/1447301008682455045
2021-10-10 20:40:24,secbird1,ip,155.94.129.10,#phishing,https://twitter.com/secbird1/status/1447301008682455045
2021-10-10 21:01:38,phishunt_io,url,https://hotel-st-andre.com/netflix/home/login.php,#phishing #scam,https://twitter.com/phishunt_io/status/1447306351785435145
2021-10-10 21:01:38,phishunt_io,ip,216.97.19.155,#phishing #scam,https://twitter.com/phishunt_io/status/1447306351785435145
2021-10-10 21:10:02,dnstwist,domain,verifyapple.com,#phishing,https://twitter.com/dnstwist/status/1447308463982456835
2021-10-10 22:13:14,secbird1,url,http://srnbc-card.6zqrts.cn/,#phishing,https://twitter.com/secbird1/status/1447324368791506945
2021-10-10 22:13:49,secbird1,url,http://mlhw.co.jp.mnlwgc.top/,#phishing,https://twitter.com/secbird1/status/1447324518205165568
2021-10-10 22:13:49,secbird1,ip,104.129.12.191,#phishing,https://twitter.com/secbird1/status/1447324518205165568
2021-10-10 22:28:35,Sync_Pundit_Bot,ip,104.21.86.248,#phishing #scam,https://twitter.com/Sync_Pundit_Bot/status/1447328231334551554
2021-10-10 22:43:46,secbird1,url,http://srnbc-card.77hij7q.cn/,#phishing,https://twitter.com/secbird1/status/1447332053779841026
2021-10-10 22:47:03,Max_Mal_,url,https://6er.fun/i.php?i=11,,https://twitter.com/Max_Mal_/status/1447332882112987146
2021-10-10 22:47:03,Max_Mal_,domain,6er.fun,,https://twitter.com/Max_Mal_/status/1447332882112987146
2021-10-10 23:05:29,secbird1,url,https://mlcard.cwyey.com/,#phishing,https://twitter.com/secbird1/status/1447337520501460997
2021-10-10 23:34:07,drb_ra,ip,47.108.160.251,#CobaltStrike,https://twitter.com/drb_ra/status/1447344725904830464
2021-10-10 23:34:15,drb_ra,ip,59.63.210.27,#CobaltStrike,https://twitter.com/drb_ra/status/1447344760658743298
2021-10-10 23:34:22,drb_ra,ip,121.4.64.254,#CobaltStrike,https://twitter.com/drb_ra/status/1447344787342888964
2021-10-10 23:34:28,drb_ra,ip,121.199.41.206,#CobaltStrike,https://twitter.com/drb_ra/status/1447344813825826821
2021-10-10 23:34:34,drb_ra,ip,47.102.118.245,#CobaltStrike,https://twitter.com/drb_ra/status/1447344839310422017
2021-10-10 23:34:39,drb_ra,ip,114.118.5.101,#CobaltStrike,https://twitter.com/drb_ra/status/1447344861116604418
2021-10-10 23:34:47,drb_ra,ip,139.196.81.139,#CobaltStrike,https://twitter.com/drb_ra/status/1447344894540980227
2021-10-10 23:34:53,drb_ra,ip,1.116.246.188,#CobaltStrike,https://twitter.com/drb_ra/status/1447344916435251204
2021-10-10 23:35:00,drb_ra,ip,121.199.53.120,#CobaltStrike,https://twitter.com/drb_ra/status/1447344947322032130
2021-10-10 23:35:12,drb_ra,ip,114.216.201.12,#CobaltStrike,https://twitter.com/drb_ra/status/1447344998698074120
2021-10-10 23:35:12,drb_ra,ip,222.93.38.215,#CobaltStrike,https://twitter.com/drb_ra/status/1447344998698074120
2021-10-10 23:35:18,drb_ra,ip,8.129.212.57,#CobaltStrike,https://twitter.com/drb_ra/status/1447345021884190725
2021-10-10 23:35:32,drb_ra,ip,47.111.129.24,#CobaltStrike,https://twitter.com/drb_ra/status/1447345083410432003
2021-10-10 23:35:39,drb_ra,ip,120.55.38.252,#CobaltStrike,https://twitter.com/drb_ra/status/1447345111164149764
2021-10-10 23:35:47,drb_ra,ip,47.101.220.137,#CobaltStrike,https://twitter.com/drb_ra/status/1447345144353673219
2021-10-10 23:39:41,secbird1,url,https://tianxinnengyuan.cn,#phishing,https://twitter.com/secbird1/status/1447346126902812672
2021-10-10 23:47:30,secbird1,url,https://pboxyvh.cn,#phishing,https://twitter.com/secbird1/status/1447348094484443138
2021-10-10 23:47:30,secbird1,ip,211.253.129.254,#phishing,https://twitter.com/secbird1/status/1447348094484443138
2021-10-10 23:48:26,secbird1,url,https://dlofmk.cn,#phishing,https://twitter.com/secbird1/status/1447348329348616197
2021-10-10 23:55:20,secbird1,url,https://07ne4z6.cn,#phishing,https://twitter.com/secbird1/status/1447350064767070215
